mtllib CityBuildings.mtl
o Residential
g Residential
s off
v -5.484795 0.000000 11.049999
v -5.132140 0.000000 11.049999
v -5.132140 2.990779 11.049999
v -5.484795 2.990779 11.049999
v -3.318485 0.000000 11.049999
v -2.965830 0.000000 11.049999
v -2.965830 2.990779 11.049999
v -3.318485 2.990779 11.049999
v -5.132140 0.000000 11.049999
v -3.318485 0.000000 11.049999
v -3.318485 0.480000 11.049999
v -5.132140 0.480000 11.049999
v -5.132140 2.610779 11.049999
v -3.318485 2.610779 11.049999
v -3.318485 2.990779 11.049999
v -5.132140 2.990779 11.049999
v -5.132140 0.480000 10.979999
v -3.318485 0.480000 10.979999
v -3.318485 2.610779 10.979999
v -5.132140 2.610779 10.979999
v -2.965830 0.000000 11.049999
v -2.613175 0.000000 11.049999
v -2.613175 2.990779 11.049999
v -2.965830 2.990779 11.049999
v -0.799520 0.000000 11.049999
v -0.446865 0.000000 11.049999
v -0.446865 2.990779 11.049999
v -0.799520 2.990779 11.049999
v -2.613175 0.000000 11.049999
v -0.799520 0.000000 11.049999
v -0.799520 0.480000 11.049999
v -2.613175 0.480000 11.049999
v -2.613175 2.610779 11.049999
v -0.799520 2.610779 11.049999
v -0.799520 2.990779 11.049999
v -2.613175 2.990779 11.049999
v -2.613175 0.480000 10.979999
v -0.799520 0.480000 10.979999
v -0.799520 2.610779 10.979999
v -2.613175 2.610779 10.979999
v -0.446865 0.000000 11.049999
v -0.094209 0.000000 11.049999
v -0.094209 2.990779 11.049999
v -0.446865 2.990779 11.049999
v 1.719445 0.000000 11.049999
v 2.072101 0.000000 11.049999
v 2.072101 2.990779 11.049999
v 1.719445 2.990779 11.049999
v -0.094209 0.000000 11.049999
v 1.719445 0.000000 11.049999
v 1.719445 0.480000 11.049999
v -0.094209 0.480000 11.049999
v -0.094209 2.610779 11.049999
v 1.719445 2.610779 11.049999
v 1.719445 2.990779 11.049999
v -0.094209 2.990779 11.049999
v -0.094209 0.480000 10.979999
v 1.719445 0.480000 10.979999
v 1.719445 2.610779 10.979999
v -0.094209 2.610779 10.979999
v 2.072101 0.000000 11.049999
v 2.424756 0.000000 11.049999
v 2.424756 2.990779 11.049999
v 2.072101 2.990779 11.049999
v 4.238411 0.000000 11.049999
v 4.591066 0.000000 11.049999
v 4.591066 2.990779 11.049999
v 4.238411 2.990779 11.049999
v 2.424756 0.000000 11.049999
v 4.238411 0.000000 11.049999
v 4.238411 0.480000 11.049999
v 2.424756 0.480000 11.049999
v 2.424756 2.610779 11.049999
v 4.238411 2.610779 11.049999
v 4.238411 2.990779 11.049999
v 2.424756 2.990779 11.049999
v 2.424756 0.480000 10.979999
v 4.238411 0.480000 10.979999
v 4.238411 2.610779 10.979999
v 2.424756 2.610779 10.979999
v 4.591066 0.000000 11.049999
v 4.943721 0.000000 11.049999
v 4.943721 2.990779 11.049999
v 4.591066 2.990779 11.049999
v 6.757376 0.000000 11.049999
v 7.110031 0.000000 11.049999
v 7.110031 2.990779 11.049999
v 6.757376 2.990779 11.049999
v 4.943721 0.000000 11.049999
v 6.757376 0.000000 11.049999
v 6.757376 0.480000 11.049999
v 4.943721 0.480000 11.049999
v 4.943721 2.610779 11.049999
v 6.757376 2.610779 11.049999
v 6.757376 2.990779 11.049999
v 4.943721 2.990779 11.049999
v 4.943721 0.480000 10.979999
v 6.757376 0.480000 10.979999
v 6.757376 2.610779 10.979999
v 4.943721 2.610779 10.979999
v -5.484795 2.990779 11.049999
v -5.132140 2.990779 11.049999
v -5.132140 5.981557 11.049999
v -5.484795 5.981557 11.049999
v -3.318485 2.990779 11.049999
v -2.965830 2.990779 11.049999
v -2.965830 5.981557 11.049999
v -3.318485 5.981557 11.049999
v -5.132140 2.990779 11.049999
v -3.318485 2.990779 11.049999
v -3.318485 3.470779 11.049999
v -5.132140 3.470779 11.049999
v -5.132140 5.601557 11.049999
v -3.318485 5.601557 11.049999
v -3.318485 5.981557 11.049999
v -5.132140 5.981557 11.049999
v -5.132140 3.470779 10.979999
v -3.318485 3.470779 10.979999
v -3.318485 5.601557 10.979999
v -5.132140 5.601557 10.979999
v -2.965830 2.990779 11.049999
v -2.613175 2.990779 11.049999
v -2.613175 5.981557 11.049999
v -2.965830 5.981557 11.049999
v -0.799520 2.990779 11.049999
v -0.446865 2.990779 11.049999
v -0.446865 5.981557 11.049999
v -0.799520 5.981557 11.049999
v -2.613175 2.990779 11.049999
v -0.799520 2.990779 11.049999
v -0.799520 3.470779 11.049999
v -2.613175 3.470779 11.049999
v -2.613175 5.601557 11.049999
v -0.799520 5.601557 11.049999
v -0.799520 5.981557 11.049999
v -2.613175 5.981557 11.049999
v -2.613175 3.470779 10.979999
v -0.799520 3.470779 10.979999
v -0.799520 5.601557 10.979999
v -2.613175 5.601557 10.979999
v -0.446865 2.990779 11.049999
v -0.094209 2.990779 11.049999
v -0.094209 5.981557 11.049999
v -0.446865 5.981557 11.049999
v 1.719445 2.990779 11.049999
v 2.072101 2.990779 11.049999
v 2.072101 5.981557 11.049999
v 1.719445 5.981557 11.049999
v -0.094209 2.990779 11.049999
v 1.719445 2.990779 11.049999
v 1.719445 3.470779 11.049999
v -0.094209 3.470779 11.049999
v -0.094209 5.601557 11.049999
v 1.719445 5.601557 11.049999
v 1.719445 5.981557 11.049999
v -0.094209 5.981557 11.049999
v -0.094209 3.470779 10.979999
v 1.719445 3.470779 10.979999
v 1.719445 5.601557 10.979999
v -0.094209 5.601557 10.979999
v 2.072101 2.990779 11.049999
v 2.424756 2.990779 11.049999
v 2.424756 5.981557 11.049999
v 2.072101 5.981557 11.049999
v 4.238411 2.990779 11.049999
v 4.591066 2.990779 11.049999
v 4.591066 5.981557 11.049999
v 4.238411 5.981557 11.049999
v 2.424756 2.990779 11.049999
v 4.238411 2.990779 11.049999
v 4.238411 3.470779 11.049999
v 2.424756 3.470779 11.049999
v 2.424756 5.601557 11.049999
v 4.238411 5.601557 11.049999
v 4.238411 5.981557 11.049999
v 2.424756 5.981557 11.049999
v 2.424756 3.470779 10.979999
v 4.238411 3.470779 10.979999
v 4.238411 5.601557 10.979999
v 2.424756 5.601557 10.979999
v 4.591066 2.990779 11.049999
v 4.943721 2.990779 11.049999
v 4.943721 5.981557 11.049999
v 4.591066 5.981557 11.049999
v 6.757376 2.990779 11.049999
v 7.110031 2.990779 11.049999
v 7.110031 5.981557 11.049999
v 6.757376 5.981557 11.049999
v 4.943721 2.990779 11.049999
v 6.757376 2.990779 11.049999
v 6.757376 3.470779 11.049999
v 4.943721 3.470779 11.049999
v 4.943721 5.601557 11.049999
v 6.757376 5.601557 11.049999
v 6.757376 5.981557 11.049999
v 4.943721 5.981557 11.049999
v 4.943721 3.470779 10.979999
v 6.757376 3.470779 10.979999
v 6.757376 5.601557 10.979999
v 4.943721 5.601557 10.979999
v -5.484795 5.981557 11.049999
v -5.132140 5.981557 11.049999
v -5.132140 8.972336 11.049999
v -5.484795 8.972336 11.049999
v -3.318485 5.981557 11.049999
v -2.965830 5.981557 11.049999
v -2.965830 8.972336 11.049999
v -3.318485 8.972336 11.049999
v -5.132140 5.981557 11.049999
v -3.318485 5.981557 11.049999
v -3.318485 6.461557 11.049999
v -5.132140 6.461557 11.049999
v -5.132140 8.592336 11.049999
v -3.318485 8.592336 11.049999
v -3.318485 8.972336 11.049999
v -5.132140 8.972336 11.049999
v -5.132140 6.461557 10.979999
v -3.318485 6.461557 10.979999
v -3.318485 8.592336 10.979999
v -5.132140 8.592336 10.979999
v -2.965830 5.981557 11.049999
v -2.613175 5.981557 11.049999
v -2.613175 8.972336 11.049999
v -2.965830 8.972336 11.049999
v -0.799520 5.981557 11.049999
v -0.446865 5.981557 11.049999
v -0.446865 8.972336 11.049999
v -0.799520 8.972336 11.049999
v -2.613175 5.981557 11.049999
v -0.799520 5.981557 11.049999
v -0.799520 6.461557 11.049999
v -2.613175 6.461557 11.049999
v -2.613175 8.592336 11.049999
v -0.799520 8.592336 11.049999
v -0.799520 8.972336 11.049999
v -2.613175 8.972336 11.049999
v -2.613175 6.461557 10.979999
v -0.799520 6.461557 10.979999
v -0.799520 8.592336 10.979999
v -2.613175 8.592336 10.979999
v -0.446865 5.981557 11.049999
v -0.094209 5.981557 11.049999
v -0.094209 8.972336 11.049999
v -0.446865 8.972336 11.049999
v 1.719445 5.981557 11.049999
v 2.072101 5.981557 11.049999
v 2.072101 8.972336 11.049999
v 1.719445 8.972336 11.049999
v -0.094209 5.981557 11.049999
v 1.719445 5.981557 11.049999
v 1.719445 6.461557 11.049999
v -0.094209 6.461557 11.049999
v -0.094209 8.592336 11.049999
v 1.719445 8.592336 11.049999
v 1.719445 8.972336 11.049999
v -0.094209 8.972336 11.049999
v -0.094209 6.461557 10.979999
v 1.719445 6.461557 10.979999
v 1.719445 8.592336 10.979999
v -0.094209 8.592336 10.979999
v 2.072101 5.981557 11.049999
v 2.424756 5.981557 11.049999
v 2.424756 8.972336 11.049999
v 2.072101 8.972336 11.049999
v 4.238411 5.981557 11.049999
v 4.591066 5.981557 11.049999
v 4.591066 8.972336 11.049999
v 4.238411 8.972336 11.049999
v 2.424756 5.981557 11.049999
v 4.238411 5.981557 11.049999
v 4.238411 6.461557 11.049999
v 2.424756 6.461557 11.049999
v 2.424756 8.592336 11.049999
v 4.238411 8.592336 11.049999
v 4.238411 8.972336 11.049999
v 2.424756 8.972336 11.049999
v 2.424756 6.461557 10.979999
v 4.238411 6.461557 10.979999
v 4.238411 8.592336 10.979999
v 2.424756 8.592336 10.979999
v 4.591066 5.981557 11.049999
v 4.943721 5.981557 11.049999
v 4.943721 8.972336 11.049999
v 4.591066 8.972336 11.049999
v 6.757376 5.981557 11.049999
v 7.110031 5.981557 11.049999
v 7.110031 8.972336 11.049999
v 6.757376 8.972336 11.049999
v 4.943721 5.981557 11.049999
v 6.757376 5.981557 11.049999
v 6.757376 6.461557 11.049999
v 4.943721 6.461557 11.049999
v 4.943721 8.592336 11.049999
v 6.757376 8.592336 11.049999
v 6.757376 8.972336 11.049999
v 4.943721 8.972336 11.049999
v 4.943721 6.461557 10.979999
v 6.757376 6.461557 10.979999
v 6.757376 8.592336 10.979999
v 4.943721 8.592336 10.979999
v -5.484795 8.972336 11.049999
v -5.132140 8.972336 11.049999
v -5.132140 11.963115 11.049999
v -5.484795 11.963115 11.049999
v -3.318485 8.972336 11.049999
v -2.965830 8.972336 11.049999
v -2.965830 11.963115 11.049999
v -3.318485 11.963115 11.049999
v -5.132140 8.972336 11.049999
v -3.318485 8.972336 11.049999
v -3.318485 9.452336 11.049999
v -5.132140 9.452336 11.049999
v -5.132140 11.583115 11.049999
v -3.318485 11.583115 11.049999
v -3.318485 11.963115 11.049999
v -5.132140 11.963115 11.049999
v -5.132140 9.452336 10.979999
v -3.318485 9.452336 10.979999
v -3.318485 11.583115 10.979999
v -5.132140 11.583115 10.979999
v -2.965830 8.972336 11.049999
v -2.613175 8.972336 11.049999
v -2.613175 11.963115 11.049999
v -2.965830 11.963115 11.049999
v -0.799520 8.972336 11.049999
v -0.446865 8.972336 11.049999
v -0.446865 11.963115 11.049999
v -0.799520 11.963115 11.049999
v -2.613175 8.972336 11.049999
v -0.799520 8.972336 11.049999
v -0.799520 9.452336 11.049999
v -2.613175 9.452336 11.049999
v -2.613175 11.583115 11.049999
v -0.799520 11.583115 11.049999
v -0.799520 11.963115 11.049999
v -2.613175 11.963115 11.049999
v -2.613175 9.452336 10.979999
v -0.799520 9.452336 10.979999
v -0.799520 11.583115 10.979999
v -2.613175 11.583115 10.979999
v -0.446865 8.972336 11.049999
v -0.094209 8.972336 11.049999
v -0.094209 11.963115 11.049999
v -0.446865 11.963115 11.049999
v 1.719445 8.972336 11.049999
v 2.072101 8.972336 11.049999
v 2.072101 11.963115 11.049999
v 1.719445 11.963115 11.049999
v -0.094209 8.972336 11.049999
v 1.719445 8.972336 11.049999
v 1.719445 9.452336 11.049999
v -0.094209 9.452336 11.049999
v -0.094209 11.583115 11.049999
v 1.719445 11.583115 11.049999
v 1.719445 11.963115 11.049999
v -0.094209 11.963115 11.049999
v -0.094209 9.452336 10.979999
v 1.719445 9.452336 10.979999
v 1.719445 11.583115 10.979999
v -0.094209 11.583115 10.979999
v 2.072101 8.972336 11.049999
v 2.424756 8.972336 11.049999
v 2.424756 11.963115 11.049999
v 2.072101 11.963115 11.049999
v 4.238411 8.972336 11.049999
v 4.591066 8.972336 11.049999
v 4.591066 11.963115 11.049999
v 4.238411 11.963115 11.049999
v 2.424756 8.972336 11.049999
v 4.238411 8.972336 11.049999
v 4.238411 9.452336 11.049999
v 2.424756 9.452336 11.049999
v 2.424756 11.583115 11.049999
v 4.238411 11.583115 11.049999
v 4.238411 11.963115 11.049999
v 2.424756 11.963115 11.049999
v 2.424756 9.452336 10.979999
v 4.238411 9.452336 10.979999
v 4.238411 11.583115 10.979999
v 2.424756 11.583115 10.979999
v 4.591066 8.972336 11.049999
v 4.943721 8.972336 11.049999
v 4.943721 11.963115 11.049999
v 4.591066 11.963115 11.049999
v 6.757376 8.972336 11.049999
v 7.110031 8.972336 11.049999
v 7.110031 11.963115 11.049999
v 6.757376 11.963115 11.049999
v 4.943721 8.972336 11.049999
v 6.757376 8.972336 11.049999
v 6.757376 9.452336 11.049999
v 4.943721 9.452336 11.049999
v 4.943721 11.583115 11.049999
v 6.757376 11.583115 11.049999
v 6.757376 11.963115 11.049999
v 4.943721 11.963115 11.049999
v 4.943721 9.452336 10.979999
v 6.757376 9.452336 10.979999
v 6.757376 11.583115 10.979999
v 4.943721 11.583115 10.979999
v 7.110031 0.000000 -12.046616
v 6.757376 0.000000 -12.046616
v 6.757376 2.990779 -12.046616
v 7.110031 2.990779 -12.046616
v 4.943721 0.000000 -12.046616
v 4.591066 0.000000 -12.046616
v 4.591066 2.990779 -12.046616
v 4.943721 2.990779 -12.046616
v 6.757376 0.000000 -12.046616
v 4.943721 0.000000 -12.046616
v 4.943721 0.480000 -12.046616
v 6.757376 0.480000 -12.046616
v 6.757376 2.610779 -12.046616
v 4.943721 2.610779 -12.046616
v 4.943721 2.990779 -12.046616
v 6.757376 2.990779 -12.046616
v 6.757376 0.480000 -11.976616
v 4.943721 0.480000 -11.976616
v 4.943721 2.610779 -11.976616
v 6.757376 2.610779 -11.976616
v 4.591066 0.000000 -12.046616
v 4.238411 0.000000 -12.046616
v 4.238411 2.990779 -12.046616
v 4.591066 2.990779 -12.046616
v 2.424756 0.000000 -12.046616
v 2.072101 0.000000 -12.046616
v 2.072101 2.990779 -12.046616
v 2.424756 2.990779 -12.046616
v 4.238411 0.000000 -12.046616
v 2.424756 0.000000 -12.046616
v 2.424756 0.480000 -12.046616
v 4.238411 0.480000 -12.046616
v 4.238411 2.610779 -12.046616
v 2.424756 2.610779 -12.046616
v 2.424756 2.990779 -12.046616
v 4.238411 2.990779 -12.046616
v 4.238411 0.480000 -11.976616
v 2.424756 0.480000 -11.976616
v 2.424756 2.610779 -11.976616
v 4.238411 2.610779 -11.976616
v 2.072101 0.000000 -12.046616
v 1.719445 0.000000 -12.046616
v 1.719445 2.990779 -12.046616
v 2.072101 2.990779 -12.046616
v -0.094209 0.000000 -12.046616
v -0.446865 0.000000 -12.046616
v -0.446865 2.990779 -12.046616
v -0.094209 2.990779 -12.046616
v 1.719445 0.000000 -12.046616
v -0.094209 0.000000 -12.046616
v -0.094209 0.480000 -12.046616
v 1.719445 0.480000 -12.046616
v 1.719445 2.610779 -12.046616
v -0.094209 2.610779 -12.046616
v -0.094209 2.990779 -12.046616
v 1.719445 2.990779 -12.046616
v 1.719445 0.480000 -11.976616
v -0.094209 0.480000 -11.976616
v -0.094209 2.610779 -11.976616
v 1.719445 2.610779 -11.976616
v -0.446865 0.000000 -12.046616
v -0.799520 0.000000 -12.046616
v -0.799520 2.990779 -12.046616
v -0.446865 2.990779 -12.046616
v -2.613175 0.000000 -12.046616
v -2.965830 0.000000 -12.046616
v -2.965830 2.990779 -12.046616
v -2.613175 2.990779 -12.046616
v -0.799520 0.000000 -12.046616
v -2.613175 0.000000 -12.046616
v -2.613175 0.480000 -12.046616
v -0.799520 0.480000 -12.046616
v -0.799520 2.610779 -12.046616
v -2.613175 2.610779 -12.046616
v -2.613175 2.990779 -12.046616
v -0.799520 2.990779 -12.046616
v -0.799520 0.480000 -11.976616
v -2.613175 0.480000 -11.976616
v -2.613175 2.610779 -11.976616
v -0.799520 2.610779 -11.976616
v -2.965830 0.000000 -12.046616
v -3.318485 0.000000 -12.046616
v -3.318485 2.990779 -12.046616
v -2.965830 2.990779 -12.046616
v -5.132140 0.000000 -12.046616
v -5.484795 0.000000 -12.046616
v -5.484795 2.990779 -12.046616
v -5.132140 2.990779 -12.046616
v -3.318485 0.000000 -12.046616
v -5.132140 0.000000 -12.046616
v -5.132140 0.480000 -12.046616
v -3.318485 0.480000 -12.046616
v -3.318485 2.610779 -12.046616
v -5.132140 2.610779 -12.046616
v -5.132140 2.990779 -12.046616
v -3.318485 2.990779 -12.046616
v -3.318485 0.480000 -11.976616
v -5.132140 0.480000 -11.976616
v -5.132140 2.610779 -11.976616
v -3.318485 2.610779 -11.976616
v 7.110031 2.990779 -12.046616
v 6.757376 2.990779 -12.046616
v 6.757376 5.981557 -12.046616
v 7.110031 5.981557 -12.046616
v 4.943721 2.990779 -12.046616
v 4.591066 2.990779 -12.046616
v 4.591066 5.981557 -12.046616
v 4.943721 5.981557 -12.046616
v 6.757376 2.990779 -12.046616
v 4.943721 2.990779 -12.046616
v 4.943721 3.470779 -12.046616
v 6.757376 3.470779 -12.046616
v 6.757376 5.601557 -12.046616
v 4.943721 5.601557 -12.046616
v 4.943721 5.981557 -12.046616
v 6.757376 5.981557 -12.046616
v 6.757376 3.470779 -11.976616
v 4.943721 3.470779 -11.976616
v 4.943721 5.601557 -11.976616
v 6.757376 5.601557 -11.976616
v 4.591066 2.990779 -12.046616
v 4.238411 2.990779 -12.046616
v 4.238411 5.981557 -12.046616
v 4.591066 5.981557 -12.046616
v 2.424756 2.990779 -12.046616
v 2.072101 2.990779 -12.046616
v 2.072101 5.981557 -12.046616
v 2.424756 5.981557 -12.046616
v 4.238411 2.990779 -12.046616
v 2.424756 2.990779 -12.046616
v 2.424756 3.470779 -12.046616
v 4.238411 3.470779 -12.046616
v 4.238411 5.601557 -12.046616
v 2.424756 5.601557 -12.046616
v 2.424756 5.981557 -12.046616
v 4.238411 5.981557 -12.046616
v 4.238411 3.470779 -11.976616
v 2.424756 3.470779 -11.976616
v 2.424756 5.601557 -11.976616
v 4.238411 5.601557 -11.976616
v 2.072101 2.990779 -12.046616
v 1.719445 2.990779 -12.046616
v 1.719445 5.981557 -12.046616
v 2.072101 5.981557 -12.046616
v -0.094209 2.990779 -12.046616
v -0.446865 2.990779 -12.046616
v -0.446865 5.981557 -12.046616
v -0.094209 5.981557 -12.046616
v 1.719445 2.990779 -12.046616
v -0.094209 2.990779 -12.046616
v -0.094209 3.470779 -12.046616
v 1.719445 3.470779 -12.046616
v 1.719445 5.601557 -12.046616
v -0.094209 5.601557 -12.046616
v -0.094209 5.981557 -12.046616
v 1.719445 5.981557 -12.046616
v 1.719445 3.470779 -11.976616
v -0.094209 3.470779 -11.976616
v -0.094209 5.601557 -11.976616
v 1.719445 5.601557 -11.976616
v -0.446865 2.990779 -12.046616
v -0.799520 2.990779 -12.046616
v -0.799520 5.981557 -12.046616
v -0.446865 5.981557 -12.046616
v -2.613175 2.990779 -12.046616
v -2.965830 2.990779 -12.046616
v -2.965830 5.981557 -12.046616
v -2.613175 5.981557 -12.046616
v -0.799520 2.990779 -12.046616
v -2.613175 2.990779 -12.046616
v -2.613175 3.470779 -12.046616
v -0.799520 3.470779 -12.046616
v -0.799520 5.601557 -12.046616
v -2.613175 5.601557 -12.046616
v -2.613175 5.981557 -12.046616
v -0.799520 5.981557 -12.046616
v -0.799520 3.470779 -11.976616
v -2.613175 3.470779 -11.976616
v -2.613175 5.601557 -11.976616
v -0.799520 5.601557 -11.976616
v -2.965830 2.990779 -12.046616
v -3.318485 2.990779 -12.046616
v -3.318485 5.981557 -12.046616
v -2.965830 5.981557 -12.046616
v -5.132140 2.990779 -12.046616
v -5.484795 2.990779 -12.046616
v -5.484795 5.981557 -12.046616
v -5.132140 5.981557 -12.046616
v -3.318485 2.990779 -12.046616
v -5.132140 2.990779 -12.046616
v -5.132140 3.470779 -12.046616
v -3.318485 3.470779 -12.046616
v -3.318485 5.601557 -12.046616
v -5.132140 5.601557 -12.046616
v -5.132140 5.981557 -12.046616
v -3.318485 5.981557 -12.046616
v -3.318485 3.470779 -11.976616
v -5.132140 3.470779 -11.976616
v -5.132140 5.601557 -11.976616
v -3.318485 5.601557 -11.976616
v 7.110031 5.981557 -12.046616
v 6.757376 5.981557 -12.046616
v 6.757376 8.972336 -12.046616
v 7.110031 8.972336 -12.046616
v 4.943721 5.981557 -12.046616
v 4.591066 5.981557 -12.046616
v 4.591066 8.972336 -12.046616
v 4.943721 8.972336 -12.046616
v 6.757376 5.981557 -12.046616
v 4.943721 5.981557 -12.046616
v 4.943721 6.461557 -12.046616
v 6.757376 6.461557 -12.046616
v 6.757376 8.592336 -12.046616
v 4.943721 8.592336 -12.046616
v 4.943721 8.972336 -12.046616
v 6.757376 8.972336 -12.046616
v 6.757376 6.461557 -11.976616
v 4.943721 6.461557 -11.976616
v 4.943721 8.592336 -11.976616
v 6.757376 8.592336 -11.976616
v 4.591066 5.981557 -12.046616
v 4.238411 5.981557 -12.046616
v 4.238411 8.972336 -12.046616
v 4.591066 8.972336 -12.046616
v 2.424756 5.981557 -12.046616
v 2.072101 5.981557 -12.046616
v 2.072101 8.972336 -12.046616
v 2.424756 8.972336 -12.046616
v 4.238411 5.981557 -12.046616
v 2.424756 5.981557 -12.046616
v 2.424756 6.461557 -12.046616
v 4.238411 6.461557 -12.046616
v 4.238411 8.592336 -12.046616
v 2.424756 8.592336 -12.046616
v 2.424756 8.972336 -12.046616
v 4.238411 8.972336 -12.046616
v 4.238411 6.461557 -11.976616
v 2.424756 6.461557 -11.976616
v 2.424756 8.592336 -11.976616
v 4.238411 8.592336 -11.976616
v 2.072101 5.981557 -12.046616
v 1.719445 5.981557 -12.046616
v 1.719445 8.972336 -12.046616
v 2.072101 8.972336 -12.046616
v -0.094209 5.981557 -12.046616
v -0.446865 5.981557 -12.046616
v -0.446865 8.972336 -12.046616
v -0.094209 8.972336 -12.046616
v 1.719445 5.981557 -12.046616
v -0.094209 5.981557 -12.046616
v -0.094209 6.461557 -12.046616
v 1.719445 6.461557 -12.046616
v 1.719445 8.592336 -12.046616
v -0.094209 8.592336 -12.046616
v -0.094209 8.972336 -12.046616
v 1.719445 8.972336 -12.046616
v 1.719445 6.461557 -11.976616
v -0.094209 6.461557 -11.976616
v -0.094209 8.592336 -11.976616
v 1.719445 8.592336 -11.976616
v -0.446865 5.981557 -12.046616
v -0.799520 5.981557 -12.046616
v -0.799520 8.972336 -12.046616
v -0.446865 8.972336 -12.046616
v -2.613175 5.981557 -12.046616
v -2.965830 5.981557 -12.046616
v -2.965830 8.972336 -12.046616
v -2.613175 8.972336 -12.046616
v -0.799520 5.981557 -12.046616
v -2.613175 5.981557 -12.046616
v -2.613175 6.461557 -12.046616
v -0.799520 6.461557 -12.046616
v -0.799520 8.592336 -12.046616
v -2.613175 8.592336 -12.046616
v -2.613175 8.972336 -12.046616
v -0.799520 8.972336 -12.046616
v -0.799520 6.461557 -11.976616
v -2.613175 6.461557 -11.976616
v -2.613175 8.592336 -11.976616
v -0.799520 8.592336 -11.976616
v -2.965830 5.981557 -12.046616
v -3.318485 5.981557 -12.046616
v -3.318485 8.972336 -12.046616
v -2.965830 8.972336 -12.046616
v -5.132140 5.981557 -12.046616
v -5.484795 5.981557 -12.046616
v -5.484795 8.972336 -12.046616
v -5.132140 8.972336 -12.046616
v -3.318485 5.981557 -12.046616
v -5.132140 5.981557 -12.046616
v -5.132140 6.461557 -12.046616
v -3.318485 6.461557 -12.046616
v -3.318485 8.592336 -12.046616
v -5.132140 8.592336 -12.046616
v -5.132140 8.972336 -12.046616
v -3.318485 8.972336 -12.046616
v -3.318485 6.461557 -11.976616
v -5.132140 6.461557 -11.976616
v -5.132140 8.592336 -11.976616
v -3.318485 8.592336 -11.976616
v 7.110031 8.972336 -12.046616
v 6.757376 8.972336 -12.046616
v 6.757376 11.963115 -12.046616
v 7.110031 11.963115 -12.046616
v 4.943721 8.972336 -12.046616
v 4.591066 8.972336 -12.046616
v 4.591066 11.963115 -12.046616
v 4.943721 11.963115 -12.046616
v 6.757376 8.972336 -12.046616
v 4.943721 8.972336 -12.046616
v 4.943721 9.452336 -12.046616
v 6.757376 9.452336 -12.046616
v 6.757376 11.583115 -12.046616
v 4.943721 11.583115 -12.046616
v 4.943721 11.963115 -12.046616
v 6.757376 11.963115 -12.046616
v 6.757376 9.452336 -11.976616
v 4.943721 9.452336 -11.976616
v 4.943721 11.583115 -11.976616
v 6.757376 11.583115 -11.976616
v 4.591066 8.972336 -12.046616
v 4.238411 8.972336 -12.046616
v 4.238411 11.963115 -12.046616
v 4.591066 11.963115 -12.046616
v 2.424756 8.972336 -12.046616
v 2.072101 8.972336 -12.046616
v 2.072101 11.963115 -12.046616
v 2.424756 11.963115 -12.046616
v 4.238411 8.972336 -12.046616
v 2.424756 8.972336 -12.046616
v 2.424756 9.452336 -12.046616
v 4.238411 9.452336 -12.046616
v 4.238411 11.583115 -12.046616
v 2.424756 11.583115 -12.046616
v 2.424756 11.963115 -12.046616
v 4.238411 11.963115 -12.046616
v 4.238411 9.452336 -11.976616
v 2.424756 9.452336 -11.976616
v 2.424756 11.583115 -11.976616
v 4.238411 11.583115 -11.976616
v 2.072101 8.972336 -12.046616
v 1.719445 8.972336 -12.046616
v 1.719445 11.963115 -12.046616
v 2.072101 11.963115 -12.046616
v -0.094209 8.972336 -12.046616
v -0.446865 8.972336 -12.046616
v -0.446865 11.963115 -12.046616
v -0.094209 11.963115 -12.046616
v 1.719445 8.972336 -12.046616
v -0.094209 8.972336 -12.046616
v -0.094209 9.452336 -12.046616
v 1.719445 9.452336 -12.046616
v 1.719445 11.583115 -12.046616
v -0.094209 11.583115 -12.046616
v -0.094209 11.963115 -12.046616
v 1.719445 11.963115 -12.046616
v 1.719445 9.452336 -11.976616
v -0.094209 9.452336 -11.976616
v -0.094209 11.583115 -11.976616
v 1.719445 11.583115 -11.976616
v -0.446865 8.972336 -12.046616
v -0.799520 8.972336 -12.046616
v -0.799520 11.963115 -12.046616
v -0.446865 11.963115 -12.046616
v -2.613175 8.972336 -12.046616
v -2.965830 8.972336 -12.046616
v -2.965830 11.963115 -12.046616
v -2.613175 11.963115 -12.046616
v -0.799520 8.972336 -12.046616
v -2.613175 8.972336 -12.046616
v -2.613175 9.452336 -12.046616
v -0.799520 9.452336 -12.046616
v -0.799520 11.583115 -12.046616
v -2.613175 11.583115 -12.046616
v -2.613175 11.963115 -12.046616
v -0.799520 11.963115 -12.046616
v -0.799520 9.452336 -11.976616
v -2.613175 9.452336 -11.976616
v -2.613175 11.583115 -11.976616
v -0.799520 11.583115 -11.976616
v -2.965830 8.972336 -12.046616
v -3.318485 8.972336 -12.046616
v -3.318485 11.963115 -12.046616
v -2.965830 11.963115 -12.046616
v -5.132140 8.972336 -12.046616
v -5.484795 8.972336 -12.046616
v -5.484795 11.963115 -12.046616
v -5.132140 11.963115 -12.046616
v -3.318485 8.972336 -12.046616
v -5.132140 8.972336 -12.046616
v -5.132140 9.452336 -12.046616
v -3.318485 9.452336 -12.046616
v -3.318485 11.583115 -12.046616
v -5.132140 11.583115 -12.046616
v -5.132140 11.963115 -12.046616
v -3.318485 11.963115 -12.046616
v -3.318485 9.452336 -11.976616
v -5.132140 9.452336 -11.976616
v -5.132140 11.583115 -11.976616
v -3.318485 11.583115 -11.976616
v 7.110031 0.000000 11.049999
v 7.110031 0.000000 10.690719
v 7.110031 2.990779 10.690719
v 7.110031 2.990779 11.049999
v 7.110031 0.000000 8.842989
v 7.110031 0.000000 8.483709
v 7.110031 2.990779 8.483709
v 7.110031 2.990779 8.842989
v 7.110031 0.000000 10.690719
v 7.110031 0.000000 8.842989
v 7.110031 0.480000 8.842989
v 7.110031 0.480000 10.690719
v 7.110031 2.610779 10.690719
v 7.110031 2.610779 8.842989
v 7.110031 2.990779 8.842989
v 7.110031 2.990779 10.690719
v 7.040031 0.480000 10.690719
v 7.040031 0.480000 8.842989
v 7.040031 2.610779 8.842989
v 7.040031 2.610779 10.690719
v 7.110031 0.000000 8.483709
v 7.110031 0.000000 8.124428
v 7.110031 2.990779 8.124428
v 7.110031 2.990779 8.483709
v 7.110031 0.000000 6.276699
v 7.110031 0.000000 5.917418
v 7.110031 2.990779 5.917418
v 7.110031 2.990779 6.276699
v 7.110031 0.000000 8.124428
v 7.110031 0.000000 6.276699
v 7.110031 0.480000 6.276699
v 7.110031 0.480000 8.124428
v 7.110031 2.610779 8.124428
v 7.110031 2.610779 6.276699
v 7.110031 2.990779 6.276699
v 7.110031 2.990779 8.124428
v 7.040031 0.480000 8.124428
v 7.040031 0.480000 6.276699
v 7.040031 2.610779 6.276699
v 7.040031 2.610779 8.124428
v 7.110031 0.000000 5.917418
v 7.110031 0.000000 5.558138
v 7.110031 2.990779 5.558138
v 7.110031 2.990779 5.917418
v 7.110031 0.000000 3.710408
v 7.110031 0.000000 3.351128
v 7.110031 2.990779 3.351128
v 7.110031 2.990779 3.710408
v 7.110031 0.000000 5.558138
v 7.110031 0.000000 3.710408
v 7.110031 0.480000 3.710408
v 7.110031 0.480000 5.558138
v 7.110031 2.610779 5.558138
v 7.110031 2.610779 3.710408
v 7.110031 2.990779 3.710408
v 7.110031 2.990779 5.558138
v 7.040031 0.480000 5.558138
v 7.040031 0.480000 3.710408
v 7.040031 2.610779 3.710408
v 7.040031 2.610779 5.558138
v 7.110031 0.000000 3.351128
v 7.110031 0.000000 2.991847
v 7.110031 2.990779 2.991847
v 7.110031 2.990779 3.351128
v 7.110031 0.000000 1.144118
v 7.110031 0.000000 0.784837
v 7.110031 2.990779 0.784837
v 7.110031 2.990779 1.144118
v 7.110031 0.000000 2.991847
v 7.110031 0.000000 1.144118
v 7.110031 0.480000 1.144118
v 7.110031 0.480000 2.991847
v 7.110031 2.610779 2.991847
v 7.110031 2.610779 1.144118
v 7.110031 2.990779 1.144118
v 7.110031 2.990779 2.991847
v 7.040031 0.480000 2.991847
v 7.040031 0.480000 1.144118
v 7.040031 2.610779 1.144118
v 7.040031 2.610779 2.991847
v 7.110031 0.000000 0.784837
v 7.110031 0.000000 0.425556
v 7.110031 2.990779 0.425556
v 7.110031 2.990779 0.784837
v 7.110031 0.000000 -1.422173
v 7.110031 0.000000 -1.781453
v 7.110031 2.990779 -1.781453
v 7.110031 2.990779 -1.422173
v 7.110031 0.000000 0.425556
v 7.110031 0.000000 -1.422173
v 7.110031 0.480000 -1.422173
v 7.110031 0.480000 0.425556
v 7.110031 2.610779 0.425556
v 7.110031 2.610779 -1.422173
v 7.110031 2.990779 -1.422173
v 7.110031 2.990779 0.425556
v 7.040031 0.480000 0.425556
v 7.040031 0.480000 -1.422173
v 7.040031 2.610779 -1.422173
v 7.040031 2.610779 0.425556
v 7.110031 0.000000 -1.781453
v 7.110031 0.000000 -2.140734
v 7.110031 2.990779 -2.140734
v 7.110031 2.990779 -1.781453
v 7.110031 0.000000 -3.988463
v 7.110031 0.000000 -4.347744
v 7.110031 2.990779 -4.347744
v 7.110031 2.990779 -3.988463
v 7.110031 0.000000 -2.140734
v 7.110031 0.000000 -3.988463
v 7.110031 0.480000 -3.988463
v 7.110031 0.480000 -2.140734
v 7.110031 2.610779 -2.140734
v 7.110031 2.610779 -3.988463
v 7.110031 2.990779 -3.988463
v 7.110031 2.990779 -2.140734
v 7.040031 0.480000 -2.140734
v 7.040031 0.480000 -3.988463
v 7.040031 2.610779 -3.988463
v 7.040031 2.610779 -2.140734
v 7.110031 0.000000 -4.347744
v 7.110031 0.000000 -4.707025
v 7.110031 2.990779 -4.707025
v 7.110031 2.990779 -4.347744
v 7.110031 0.000000 -6.554754
v 7.110031 0.000000 -6.914035
v 7.110031 2.990779 -6.914035
v 7.110031 2.990779 -6.554754
v 7.110031 0.000000 -4.707025
v 7.110031 0.000000 -6.554754
v 7.110031 0.480000 -6.554754
v 7.110031 0.480000 -4.707025
v 7.110031 2.610779 -4.707025
v 7.110031 2.610779 -6.554754
v 7.110031 2.990779 -6.554754
v 7.110031 2.990779 -4.707025
v 7.040031 0.480000 -4.707025
v 7.040031 0.480000 -6.554754
v 7.040031 2.610779 -6.554754
v 7.040031 2.610779 -4.707025
v 7.110031 0.000000 -6.914035
v 7.110031 0.000000 -7.273315
v 7.110031 2.990779 -7.273315
v 7.110031 2.990779 -6.914035
v 7.110031 0.000000 -9.121044
v 7.110031 0.000000 -9.480325
v 7.110031 2.990779 -9.480325
v 7.110031 2.990779 -9.121044
v 7.110031 0.000000 -7.273315
v 7.110031 0.000000 -9.121044
v 7.110031 0.480000 -9.121044
v 7.110031 0.480000 -7.273315
v 7.110031 2.610779 -7.273315
v 7.110031 2.610779 -9.121044
v 7.110031 2.990779 -9.121044
v 7.110031 2.990779 -7.273315
v 7.040031 0.480000 -7.273315
v 7.040031 0.480000 -9.121044
v 7.040031 2.610779 -9.121044
v 7.040031 2.610779 -7.273315
v 7.110031 0.000000 -9.480325
v 7.110031 0.000000 -9.839606
v 7.110031 2.990779 -9.839606
v 7.110031 2.990779 -9.480325
v 7.110031 0.000000 -11.687335
v 7.110031 0.000000 -12.046616
v 7.110031 2.990779 -12.046616
v 7.110031 2.990779 -11.687335
v 7.110031 0.000000 -9.839606
v 7.110031 0.000000 -11.687335
v 7.110031 0.480000 -11.687335
v 7.110031 0.480000 -9.839606
v 7.110031 2.610779 -9.839606
v 7.110031 2.610779 -11.687335
v 7.110031 2.990779 -11.687335
v 7.110031 2.990779 -9.839606
v 7.040031 0.480000 -9.839606
v 7.040031 0.480000 -11.687335
v 7.040031 2.610779 -11.687335
v 7.040031 2.610779 -9.839606
v 7.110031 2.990779 11.049999
v 7.110031 2.990779 10.690719
v 7.110031 5.981557 10.690719
v 7.110031 5.981557 11.049999
v 7.110031 2.990779 8.842989
v 7.110031 2.990779 8.483709
v 7.110031 5.981557 8.483709
v 7.110031 5.981557 8.842989
v 7.110031 2.990779 10.690719
v 7.110031 2.990779 8.842989
v 7.110031 3.470779 8.842989
v 7.110031 3.470779 10.690719
v 7.110031 5.601557 10.690719
v 7.110031 5.601557 8.842989
v 7.110031 5.981557 8.842989
v 7.110031 5.981557 10.690719
v 7.040031 3.470779 10.690719
v 7.040031 3.470779 8.842989
v 7.040031 5.601557 8.842989
v 7.040031 5.601557 10.690719
v 7.110031 2.990779 8.483709
v 7.110031 2.990779 8.124428
v 7.110031 5.981557 8.124428
v 7.110031 5.981557 8.483709
v 7.110031 2.990779 6.276699
v 7.110031 2.990779 5.917418
v 7.110031 5.981557 5.917418
v 7.110031 5.981557 6.276699
v 7.110031 2.990779 8.124428
v 7.110031 2.990779 6.276699
v 7.110031 3.470779 6.276699
v 7.110031 3.470779 8.124428
v 7.110031 5.601557 8.124428
v 7.110031 5.601557 6.276699
v 7.110031 5.981557 6.276699
v 7.110031 5.981557 8.124428
v 7.040031 3.470779 8.124428
v 7.040031 3.470779 6.276699
v 7.040031 5.601557 6.276699
v 7.040031 5.601557 8.124428
v 7.110031 2.990779 5.917418
v 7.110031 2.990779 5.558138
v 7.110031 5.981557 5.558138
v 7.110031 5.981557 5.917418
v 7.110031 2.990779 3.710408
v 7.110031 2.990779 3.351128
v 7.110031 5.981557 3.351128
v 7.110031 5.981557 3.710408
v 7.110031 2.990779 5.558138
v 7.110031 2.990779 3.710408
v 7.110031 3.470779 3.710408
v 7.110031 3.470779 5.558138
v 7.110031 5.601557 5.558138
v 7.110031 5.601557 3.710408
v 7.110031 5.981557 3.710408
v 7.110031 5.981557 5.558138
v 7.040031 3.470779 5.558138
v 7.040031 3.470779 3.710408
v 7.040031 5.601557 3.710408
v 7.040031 5.601557 5.558138
v 7.110031 2.990779 3.351128
v 7.110031 2.990779 2.991847
v 7.110031 5.981557 2.991847
v 7.110031 5.981557 3.351128
v 7.110031 2.990779 1.144118
v 7.110031 2.990779 0.784837
v 7.110031 5.981557 0.784837
v 7.110031 5.981557 1.144118
v 7.110031 2.990779 2.991847
v 7.110031 2.990779 1.144118
v 7.110031 3.470779 1.144118
v 7.110031 3.470779 2.991847
v 7.110031 5.601557 2.991847
v 7.110031 5.601557 1.144118
v 7.110031 5.981557 1.144118
v 7.110031 5.981557 2.991847
v 7.040031 3.470779 2.991847
v 7.040031 3.470779 1.144118
v 7.040031 5.601557 1.144118
v 7.040031 5.601557 2.991847
v 7.110031 2.990779 0.784837
v 7.110031 2.990779 0.425556
v 7.110031 5.981557 0.425556
v 7.110031 5.981557 0.784837
v 7.110031 2.990779 -1.422173
v 7.110031 2.990779 -1.781453
v 7.110031 5.981557 -1.781453
v 7.110031 5.981557 -1.422173
v 7.110031 2.990779 0.425556
v 7.110031 2.990779 -1.422173
v 7.110031 3.470779 -1.422173
v 7.110031 3.470779 0.425556
v 7.110031 5.601557 0.425556
v 7.110031 5.601557 -1.422173
v 7.110031 5.981557 -1.422173
v 7.110031 5.981557 0.425556
v 7.040031 3.470779 0.425556
v 7.040031 3.470779 -1.422173
v 7.040031 5.601557 -1.422173
v 7.040031 5.601557 0.425556
v 7.110031 2.990779 -1.781453
v 7.110031 2.990779 -2.140734
v 7.110031 5.981557 -2.140734
v 7.110031 5.981557 -1.781453
v 7.110031 2.990779 -3.988463
v 7.110031 2.990779 -4.347744
v 7.110031 5.981557 -4.347744
v 7.110031 5.981557 -3.988463
v 7.110031 2.990779 -2.140734
v 7.110031 2.990779 -3.988463
v 7.110031 3.470779 -3.988463
v 7.110031 3.470779 -2.140734
v 7.110031 5.601557 -2.140734
v 7.110031 5.601557 -3.988463
v 7.110031 5.981557 -3.988463
v 7.110031 5.981557 -2.140734
v 7.040031 3.470779 -2.140734
v 7.040031 3.470779 -3.988463
v 7.040031 5.601557 -3.988463
v 7.040031 5.601557 -2.140734
v 7.110031 2.990779 -4.347744
v 7.110031 2.990779 -4.707025
v 7.110031 5.981557 -4.707025
v 7.110031 5.981557 -4.347744
v 7.110031 2.990779 -6.554754
v 7.110031 2.990779 -6.914035
v 7.110031 5.981557 -6.914035
v 7.110031 5.981557 -6.554754
v 7.110031 2.990779 -4.707025
v 7.110031 2.990779 -6.554754
v 7.110031 3.470779 -6.554754
v 7.110031 3.470779 -4.707025
v 7.110031 5.601557 -4.707025
v 7.110031 5.601557 -6.554754
v 7.110031 5.981557 -6.554754
v 7.110031 5.981557 -4.707025
v 7.040031 3.470779 -4.707025
v 7.040031 3.470779 -6.554754
v 7.040031 5.601557 -6.554754
v 7.040031 5.601557 -4.707025
v 7.110031 2.990779 -6.914035
v 7.110031 2.990779 -7.273315
v 7.110031 5.981557 -7.273315
v 7.110031 5.981557 -6.914035
v 7.110031 2.990779 -9.121044
v 7.110031 2.990779 -9.480325
v 7.110031 5.981557 -9.480325
v 7.110031 5.981557 -9.121044
v 7.110031 2.990779 -7.273315
v 7.110031 2.990779 -9.121044
v 7.110031 3.470779 -9.121044
v 7.110031 3.470779 -7.273315
v 7.110031 5.601557 -7.273315
v 7.110031 5.601557 -9.121044
v 7.110031 5.981557 -9.121044
v 7.110031 5.981557 -7.273315
v 7.040031 3.470779 -7.273315
v 7.040031 3.470779 -9.121044
v 7.040031 5.601557 -9.121044
v 7.040031 5.601557 -7.273315
v 7.110031 2.990779 -9.480325
v 7.110031 2.990779 -9.839606
v 7.110031 5.981557 -9.839606
v 7.110031 5.981557 -9.480325
v 7.110031 2.990779 -11.687335
v 7.110031 2.990779 -12.046616
v 7.110031 5.981557 -12.046616
v 7.110031 5.981557 -11.687335
v 7.110031 2.990779 -9.839606
v 7.110031 2.990779 -11.687335
v 7.110031 3.470779 -11.687335
v 7.110031 3.470779 -9.839606
v 7.110031 5.601557 -9.839606
v 7.110031 5.601557 -11.687335
v 7.110031 5.981557 -11.687335
v 7.110031 5.981557 -9.839606
v 7.040031 3.470779 -9.839606
v 7.040031 3.470779 -11.687335
v 7.040031 5.601557 -11.687335
v 7.040031 5.601557 -9.839606
v 7.110031 5.981557 11.049999
v 7.110031 5.981557 10.690719
v 7.110031 8.972336 10.690719
v 7.110031 8.972336 11.049999
v 7.110031 5.981557 8.842989
v 7.110031 5.981557 8.483709
v 7.110031 8.972336 8.483709
v 7.110031 8.972336 8.842989
v 7.110031 5.981557 10.690719
v 7.110031 5.981557 8.842989
v 7.110031 6.461557 8.842989
v 7.110031 6.461557 10.690719
v 7.110031 8.592336 10.690719
v 7.110031 8.592336 8.842989
v 7.110031 8.972336 8.842989
v 7.110031 8.972336 10.690719
v 7.040031 6.461557 10.690719
v 7.040031 6.461557 8.842989
v 7.040031 8.592336 8.842989
v 7.040031 8.592336 10.690719
v 7.110031 5.981557 8.483709
v 7.110031 5.981557 8.124428
v 7.110031 8.972336 8.124428
v 7.110031 8.972336 8.483709
v 7.110031 5.981557 6.276699
v 7.110031 5.981557 5.917418
v 7.110031 8.972336 5.917418
v 7.110031 8.972336 6.276699
v 7.110031 5.981557 8.124428
v 7.110031 5.981557 6.276699
v 7.110031 6.461557 6.276699
v 7.110031 6.461557 8.124428
v 7.110031 8.592336 8.124428
v 7.110031 8.592336 6.276699
v 7.110031 8.972336 6.276699
v 7.110031 8.972336 8.124428
v 7.040031 6.461557 8.124428
v 7.040031 6.461557 6.276699
v 7.040031 8.592336 6.276699
v 7.040031 8.592336 8.124428
v 7.110031 5.981557 5.917418
v 7.110031 5.981557 5.558138
v 7.110031 8.972336 5.558138
v 7.110031 8.972336 5.917418
v 7.110031 5.981557 3.710408
v 7.110031 5.981557 3.351128
v 7.110031 8.972336 3.351128
v 7.110031 8.972336 3.710408
v 7.110031 5.981557 5.558138
v 7.110031 5.981557 3.710408
v 7.110031 6.461557 3.710408
v 7.110031 6.461557 5.558138
v 7.110031 8.592336 5.558138
v 7.110031 8.592336 3.710408
v 7.110031 8.972336 3.710408
v 7.110031 8.972336 5.558138
v 7.040031 6.461557 5.558138
v 7.040031 6.461557 3.710408
v 7.040031 8.592336 3.710408
v 7.040031 8.592336 5.558138
v 7.110031 5.981557 3.351128
v 7.110031 5.981557 2.991847
v 7.110031 8.972336 2.991847
v 7.110031 8.972336 3.351128
v 7.110031 5.981557 1.144118
v 7.110031 5.981557 0.784837
v 7.110031 8.972336 0.784837
v 7.110031 8.972336 1.144118
v 7.110031 5.981557 2.991847
v 7.110031 5.981557 1.144118
v 7.110031 6.461557 1.144118
v 7.110031 6.461557 2.991847
v 7.110031 8.592336 2.991847
v 7.110031 8.592336 1.144118
v 7.110031 8.972336 1.144118
v 7.110031 8.972336 2.991847
v 7.040031 6.461557 2.991847
v 7.040031 6.461557 1.144118
v 7.040031 8.592336 1.144118
v 7.040031 8.592336 2.991847
v 7.110031 5.981557 0.784837
v 7.110031 5.981557 0.425556
v 7.110031 8.972336 0.425556
v 7.110031 8.972336 0.784837
v 7.110031 5.981557 -1.422173
v 7.110031 5.981557 -1.781453
v 7.110031 8.972336 -1.781453
v 7.110031 8.972336 -1.422173
v 7.110031 5.981557 0.425556
v 7.110031 5.981557 -1.422173
v 7.110031 6.461557 -1.422173
v 7.110031 6.461557 0.425556
v 7.110031 8.592336 0.425556
v 7.110031 8.592336 -1.422173
v 7.110031 8.972336 -1.422173
v 7.110031 8.972336 0.425556
v 7.040031 6.461557 0.425556
v 7.040031 6.461557 -1.422173
v 7.040031 8.592336 -1.422173
v 7.040031 8.592336 0.425556
v 7.110031 5.981557 -1.781453
v 7.110031 5.981557 -2.140734
v 7.110031 8.972336 -2.140734
v 7.110031 8.972336 -1.781453
v 7.110031 5.981557 -3.988463
v 7.110031 5.981557 -4.347744
v 7.110031 8.972336 -4.347744
v 7.110031 8.972336 -3.988463
v 7.110031 5.981557 -2.140734
v 7.110031 5.981557 -3.988463
v 7.110031 6.461557 -3.988463
v 7.110031 6.461557 -2.140734
v 7.110031 8.592336 -2.140734
v 7.110031 8.592336 -3.988463
v 7.110031 8.972336 -3.988463
v 7.110031 8.972336 -2.140734
v 7.040031 6.461557 -2.140734
v 7.040031 6.461557 -3.988463
v 7.040031 8.592336 -3.988463
v 7.040031 8.592336 -2.140734
v 7.110031 5.981557 -4.347744
v 7.110031 5.981557 -4.707025
v 7.110031 8.972336 -4.707025
v 7.110031 8.972336 -4.347744
v 7.110031 5.981557 -6.554754
v 7.110031 5.981557 -6.914035
v 7.110031 8.972336 -6.914035
v 7.110031 8.972336 -6.554754
v 7.110031 5.981557 -4.707025
v 7.110031 5.981557 -6.554754
v 7.110031 6.461557 -6.554754
v 7.110031 6.461557 -4.707025
v 7.110031 8.592336 -4.707025
v 7.110031 8.592336 -6.554754
v 7.110031 8.972336 -6.554754
v 7.110031 8.972336 -4.707025
v 7.040031 6.461557 -4.707025
v 7.040031 6.461557 -6.554754
v 7.040031 8.592336 -6.554754
v 7.040031 8.592336 -4.707025
v 7.110031 5.981557 -6.914035
v 7.110031 5.981557 -7.273315
v 7.110031 8.972336 -7.273315
v 7.110031 8.972336 -6.914035
v 7.110031 5.981557 -9.121044
v 7.110031 5.981557 -9.480325
v 7.110031 8.972336 -9.480325
v 7.110031 8.972336 -9.121044
v 7.110031 5.981557 -7.273315
v 7.110031 5.981557 -9.121044
v 7.110031 6.461557 -9.121044
v 7.110031 6.461557 -7.273315
v 7.110031 8.592336 -7.273315
v 7.110031 8.592336 -9.121044
v 7.110031 8.972336 -9.121044
v 7.110031 8.972336 -7.273315
v 7.040031 6.461557 -7.273315
v 7.040031 6.461557 -9.121044
v 7.040031 8.592336 -9.121044
v 7.040031 8.592336 -7.273315
v 7.110031 5.981557 -9.480325
v 7.110031 5.981557 -9.839606
v 7.110031 8.972336 -9.839606
v 7.110031 8.972336 -9.480325
v 7.110031 5.981557 -11.687335
v 7.110031 5.981557 -12.046616
v 7.110031 8.972336 -12.046616
v 7.110031 8.972336 -11.687335
v 7.110031 5.981557 -9.839606
v 7.110031 5.981557 -11.687335
v 7.110031 6.461557 -11.687335
v 7.110031 6.461557 -9.839606
v 7.110031 8.592336 -9.839606
v 7.110031 8.592336 -11.687335
v 7.110031 8.972336 -11.687335
v 7.110031 8.972336 -9.839606
v 7.040031 6.461557 -9.839606
v 7.040031 6.461557 -11.687335
v 7.040031 8.592336 -11.687335
v 7.040031 8.592336 -9.839606
v 7.110031 8.972336 11.049999
v 7.110031 8.972336 10.690719
v 7.110031 11.963115 10.690719
v 7.110031 11.963115 11.049999
v 7.110031 8.972336 8.842989
v 7.110031 8.972336 8.483709
v 7.110031 11.963115 8.483709
v 7.110031 11.963115 8.842989
v 7.110031 8.972336 10.690719
v 7.110031 8.972336 8.842989
v 7.110031 9.452336 8.842989
v 7.110031 9.452336 10.690719
v 7.110031 11.583115 10.690719
v 7.110031 11.583115 8.842989
v 7.110031 11.963115 8.842989
v 7.110031 11.963115 10.690719
v 7.040031 9.452336 10.690719
v 7.040031 9.452336 8.842989
v 7.040031 11.583115 8.842989
v 7.040031 11.583115 10.690719
v 7.110031 8.972336 8.483709
v 7.110031 8.972336 8.124428
v 7.110031 11.963115 8.124428
v 7.110031 11.963115 8.483709
v 7.110031 8.972336 6.276699
v 7.110031 8.972336 5.917418
v 7.110031 11.963115 5.917418
v 7.110031 11.963115 6.276699
v 7.110031 8.972336 8.124428
v 7.110031 8.972336 6.276699
v 7.110031 9.452336 6.276699
v 7.110031 9.452336 8.124428
v 7.110031 11.583115 8.124428
v 7.110031 11.583115 6.276699
v 7.110031 11.963115 6.276699
v 7.110031 11.963115 8.124428
v 7.040031 9.452336 8.124428
v 7.040031 9.452336 6.276699
v 7.040031 11.583115 6.276699
v 7.040031 11.583115 8.124428
v 7.110031 8.972336 5.917418
v 7.110031 8.972336 5.558138
v 7.110031 11.963115 5.558138
v 7.110031 11.963115 5.917418
v 7.110031 8.972336 3.710408
v 7.110031 8.972336 3.351128
v 7.110031 11.963115 3.351128
v 7.110031 11.963115 3.710408
v 7.110031 8.972336 5.558138
v 7.110031 8.972336 3.710408
v 7.110031 9.452336 3.710408
v 7.110031 9.452336 5.558138
v 7.110031 11.583115 5.558138
v 7.110031 11.583115 3.710408
v 7.110031 11.963115 3.710408
v 7.110031 11.963115 5.558138
v 7.040031 9.452336 5.558138
v 7.040031 9.452336 3.710408
v 7.040031 11.583115 3.710408
v 7.040031 11.583115 5.558138
v 7.110031 8.972336 3.351128
v 7.110031 8.972336 2.991847
v 7.110031 11.963115 2.991847
v 7.110031 11.963115 3.351128
v 7.110031 8.972336 1.144118
v 7.110031 8.972336 0.784837
v 7.110031 11.963115 0.784837
v 7.110031 11.963115 1.144118
v 7.110031 8.972336 2.991847
v 7.110031 8.972336 1.144118
v 7.110031 9.452336 1.144118
v 7.110031 9.452336 2.991847
v 7.110031 11.583115 2.991847
v 7.110031 11.583115 1.144118
v 7.110031 11.963115 1.144118
v 7.110031 11.963115 2.991847
v 7.040031 9.452336 2.991847
v 7.040031 9.452336 1.144118
v 7.040031 11.583115 1.144118
v 7.040031 11.583115 2.991847
v 7.110031 8.972336 0.784837
v 7.110031 8.972336 0.425556
v 7.110031 11.963115 0.425556
v 7.110031 11.963115 0.784837
v 7.110031 8.972336 -1.422173
v 7.110031 8.972336 -1.781453
v 7.110031 11.963115 -1.781453
v 7.110031 11.963115 -1.422173
v 7.110031 8.972336 0.425556
v 7.110031 8.972336 -1.422173
v 7.110031 9.452336 -1.422173
v 7.110031 9.452336 0.425556
v 7.110031 11.583115 0.425556
v 7.110031 11.583115 -1.422173
v 7.110031 11.963115 -1.422173
v 7.110031 11.963115 0.425556
v 7.040031 9.452336 0.425556
v 7.040031 9.452336 -1.422173
v 7.040031 11.583115 -1.422173
v 7.040031 11.583115 0.425556
v 7.110031 8.972336 -1.781453
v 7.110031 8.972336 -2.140734
v 7.110031 11.963115 -2.140734
v 7.110031 11.963115 -1.781453
v 7.110031 8.972336 -3.988463
v 7.110031 8.972336 -4.347744
v 7.110031 11.963115 -4.347744
v 7.110031 11.963115 -3.988463
v 7.110031 8.972336 -2.140734
v 7.110031 8.972336 -3.988463
v 7.110031 9.452336 -3.988463
v 7.110031 9.452336 -2.140734
v 7.110031 11.583115 -2.140734
v 7.110031 11.583115 -3.988463
v 7.110031 11.963115 -3.988463
v 7.110031 11.963115 -2.140734
v 7.040031 9.452336 -2.140734
v 7.040031 9.452336 -3.988463
v 7.040031 11.583115 -3.988463
v 7.040031 11.583115 -2.140734
v 7.110031 8.972336 -4.347744
v 7.110031 8.972336 -4.707025
v 7.110031 11.963115 -4.707025
v 7.110031 11.963115 -4.347744
v 7.110031 8.972336 -6.554754
v 7.110031 8.972336 -6.914035
v 7.110031 11.963115 -6.914035
v 7.110031 11.963115 -6.554754
v 7.110031 8.972336 -4.707025
v 7.110031 8.972336 -6.554754
v 7.110031 9.452336 -6.554754
v 7.110031 9.452336 -4.707025
v 7.110031 11.583115 -4.707025
v 7.110031 11.583115 -6.554754
v 7.110031 11.963115 -6.554754
v 7.110031 11.963115 -4.707025
v 7.040031 9.452336 -4.707025
v 7.040031 9.452336 -6.554754
v 7.040031 11.583115 -6.554754
v 7.040031 11.583115 -4.707025
v 7.110031 8.972336 -6.914035
v 7.110031 8.972336 -7.273315
v 7.110031 11.963115 -7.273315
v 7.110031 11.963115 -6.914035
v 7.110031 8.972336 -9.121044
v 7.110031 8.972336 -9.480325
v 7.110031 11.963115 -9.480325
v 7.110031 11.963115 -9.121044
v 7.110031 8.972336 -7.273315
v 7.110031 8.972336 -9.121044
v 7.110031 9.452336 -9.121044
v 7.110031 9.452336 -7.273315
v 7.110031 11.583115 -7.273315
v 7.110031 11.583115 -9.121044
v 7.110031 11.963115 -9.121044
v 7.110031 11.963115 -7.273315
v 7.040031 9.452336 -7.273315
v 7.040031 9.452336 -9.121044
v 7.040031 11.583115 -9.121044
v 7.040031 11.583115 -7.273315
v 7.110031 8.972336 -9.480325
v 7.110031 8.972336 -9.839606
v 7.110031 11.963115 -9.839606
v 7.110031 11.963115 -9.480325
v 7.110031 8.972336 -11.687335
v 7.110031 8.972336 -12.046616
v 7.110031 11.963115 -12.046616
v 7.110031 11.963115 -11.687335
v 7.110031 8.972336 -9.839606
v 7.110031 8.972336 -11.687335
v 7.110031 9.452336 -11.687335
v 7.110031 9.452336 -9.839606
v 7.110031 11.583115 -9.839606
v 7.110031 11.583115 -11.687335
v 7.110031 11.963115 -11.687335
v 7.110031 11.963115 -9.839606
v 7.040031 9.452336 -9.839606
v 7.040031 9.452336 -11.687335
v 7.040031 11.583115 -11.687335
v 7.040031 11.583115 -9.839606
v -5.484795 0.000000 -12.046616
v -5.484795 0.000000 -11.687335
v -5.484795 2.990779 -11.687335
v -5.484795 2.990779 -12.046616
v -5.484795 0.000000 -9.839606
v -5.484795 0.000000 -9.480325
v -5.484795 2.990779 -9.480325
v -5.484795 2.990779 -9.839606
v -5.484795 0.000000 -11.687335
v -5.484795 0.000000 -9.839606
v -5.484795 0.480000 -9.839606
v -5.484795 0.480000 -11.687335
v -5.484795 2.610779 -11.687335
v -5.484795 2.610779 -9.839606
v -5.484795 2.990779 -9.839606
v -5.484795 2.990779 -11.687335
v -5.414795 0.480000 -11.687335
v -5.414795 0.480000 -9.839606
v -5.414795 2.610779 -9.839606
v -5.414795 2.610779 -11.687335
v -5.484795 0.000000 -9.480325
v -5.484795 0.000000 -9.121044
v -5.484795 2.990779 -9.121044
v -5.484795 2.990779 -9.480325
v -5.484795 0.000000 -7.273315
v -5.484795 0.000000 -6.914035
v -5.484795 2.990779 -6.914035
v -5.484795 2.990779 -7.273315
v -5.484795 0.000000 -9.121044
v -5.484795 0.000000 -7.273315
v -5.484795 0.480000 -7.273315
v -5.484795 0.480000 -9.121044
v -5.484795 2.610779 -9.121044
v -5.484795 2.610779 -7.273315
v -5.484795 2.990779 -7.273315
v -5.484795 2.990779 -9.121044
v -5.414795 0.480000 -9.121044
v -5.414795 0.480000 -7.273315
v -5.414795 2.610779 -7.273315
v -5.414795 2.610779 -9.121044
v -5.484795 0.000000 -6.914035
v -5.484795 0.000000 -6.554754
v -5.484795 2.990779 -6.554754
v -5.484795 2.990779 -6.914035
v -5.484795 0.000000 -4.707025
v -5.484795 0.000000 -4.347744
v -5.484795 2.990779 -4.347744
v -5.484795 2.990779 -4.707025
v -5.484795 0.000000 -6.554754
v -5.484795 0.000000 -4.707025
v -5.484795 0.480000 -4.707025
v -5.484795 0.480000 -6.554754
v -5.484795 2.610779 -6.554754
v -5.484795 2.610779 -4.707025
v -5.484795 2.990779 -4.707025
v -5.484795 2.990779 -6.554754
v -5.414795 0.480000 -6.554754
v -5.414795 0.480000 -4.707025
v -5.414795 2.610779 -4.707025
v -5.414795 2.610779 -6.554754
v -5.484795 0.000000 -4.347744
v -5.484795 0.000000 -3.988463
v -5.484795 2.990779 -3.988463
v -5.484795 2.990779 -4.347744
v -5.484795 0.000000 -2.140734
v -5.484795 0.000000 -1.781453
v -5.484795 2.990779 -1.781453
v -5.484795 2.990779 -2.140734
v -5.484795 0.000000 -3.988463
v -5.484795 0.000000 -2.140734
v -5.484795 0.480000 -2.140734
v -5.484795 0.480000 -3.988463
v -5.484795 2.610779 -3.988463
v -5.484795 2.610779 -2.140734
v -5.484795 2.990779 -2.140734
v -5.484795 2.990779 -3.988463
v -5.414795 0.480000 -3.988463
v -5.414795 0.480000 -2.140734
v -5.414795 2.610779 -2.140734
v -5.414795 2.610779 -3.988463
v -5.484795 0.000000 -1.781453
v -5.484795 0.000000 -1.422173
v -5.484795 2.990779 -1.422173
v -5.484795 2.990779 -1.781453
v -5.484795 0.000000 0.425556
v -5.484795 0.000000 0.784837
v -5.484795 2.990779 0.784837
v -5.484795 2.990779 0.425556
v -5.484795 0.000000 -1.422173
v -5.484795 0.000000 0.425556
v -5.484795 0.480000 0.425556
v -5.484795 0.480000 -1.422173
v -5.484795 2.610779 -1.422173
v -5.484795 2.610779 0.425556
v -5.484795 2.990779 0.425556
v -5.484795 2.990779 -1.422173
v -5.414795 0.480000 -1.422173
v -5.414795 0.480000 0.425556
v -5.414795 2.610779 0.425556
v -5.414795 2.610779 -1.422173
v -5.484795 0.000000 0.784837
v -5.484795 0.000000 1.144118
v -5.484795 2.990779 1.144118
v -5.484795 2.990779 0.784837
v -5.484795 0.000000 2.991847
v -5.484795 0.000000 3.351128
v -5.484795 2.990779 3.351128
v -5.484795 2.990779 2.991847
v -5.484795 0.000000 1.144118
v -5.484795 0.000000 2.991847
v -5.484795 0.480000 2.991847
v -5.484795 0.480000 1.144118
v -5.484795 2.610779 1.144118
v -5.484795 2.610779 2.991847
v -5.484795 2.990779 2.991847
v -5.484795 2.990779 1.144118
v -5.414795 0.480000 1.144118
v -5.414795 0.480000 2.991847
v -5.414795 2.610779 2.991847
v -5.414795 2.610779 1.144118
v -5.484795 0.000000 3.351128
v -5.484795 0.000000 3.710408
v -5.484795 2.990779 3.710408
v -5.484795 2.990779 3.351128
v -5.484795 0.000000 5.558138
v -5.484795 0.000000 5.917418
v -5.484795 2.990779 5.917418
v -5.484795 2.990779 5.558138
v -5.484795 0.000000 3.710408
v -5.484795 0.000000 5.558138
v -5.484795 0.480000 5.558138
v -5.484795 0.480000 3.710408
v -5.484795 2.610779 3.710408
v -5.484795 2.610779 5.558138
v -5.484795 2.990779 5.558138
v -5.484795 2.990779 3.710408
v -5.414795 0.480000 3.710408
v -5.414795 0.480000 5.558138
v -5.414795 2.610779 5.558138
v -5.414795 2.610779 3.710408
v -5.484795 0.000000 5.917418
v -5.484795 0.000000 6.276699
v -5.484795 2.990779 6.276699
v -5.484795 2.990779 5.917418
v -5.484795 0.000000 8.124428
v -5.484795 0.000000 8.483709
v -5.484795 2.990779 8.483709
v -5.484795 2.990779 8.124428
v -5.484795 0.000000 6.276699
v -5.484795 0.000000 8.124428
v -5.484795 0.480000 8.124428
v -5.484795 0.480000 6.276699
v -5.484795 2.610779 6.276699
v -5.484795 2.610779 8.124428
v -5.484795 2.990779 8.124428
v -5.484795 2.990779 6.276699
v -5.414795 0.480000 6.276699
v -5.414795 0.480000 8.124428
v -5.414795 2.610779 8.124428
v -5.414795 2.610779 6.276699
v -5.484795 0.000000 8.483709
v -5.484795 0.000000 8.842989
v -5.484795 2.990779 8.842989
v -5.484795 2.990779 8.483709
v -5.484795 0.000000 10.690719
v -5.484795 0.000000 11.049999
v -5.484795 2.990779 11.049999
v -5.484795 2.990779 10.690719
v -5.484795 0.000000 8.842989
v -5.484795 0.000000 10.690719
v -5.484795 0.480000 10.690719
v -5.484795 0.480000 8.842989
v -5.484795 2.610779 8.842989
v -5.484795 2.610779 10.690719
v -5.484795 2.990779 10.690719
v -5.484795 2.990779 8.842989
v -5.414795 0.480000 8.842989
v -5.414795 0.480000 10.690719
v -5.414795 2.610779 10.690719
v -5.414795 2.610779 8.842989
v -5.484795 2.990779 -12.046616
v -5.484795 2.990779 -11.687335
v -5.484795 5.981557 -11.687335
v -5.484795 5.981557 -12.046616
v -5.484795 2.990779 -9.839606
v -5.484795 2.990779 -9.480325
v -5.484795 5.981557 -9.480325
v -5.484795 5.981557 -9.839606
v -5.484795 2.990779 -11.687335
v -5.484795 2.990779 -9.839606
v -5.484795 3.470779 -9.839606
v -5.484795 3.470779 -11.687335
v -5.484795 5.601557 -11.687335
v -5.484795 5.601557 -9.839606
v -5.484795 5.981557 -9.839606
v -5.484795 5.981557 -11.687335
v -5.414795 3.470779 -11.687335
v -5.414795 3.470779 -9.839606
v -5.414795 5.601557 -9.839606
v -5.414795 5.601557 -11.687335
v -5.484795 2.990779 -9.480325
v -5.484795 2.990779 -9.121044
v -5.484795 5.981557 -9.121044
v -5.484795 5.981557 -9.480325
v -5.484795 2.990779 -7.273315
v -5.484795 2.990779 -6.914035
v -5.484795 5.981557 -6.914035
v -5.484795 5.981557 -7.273315
v -5.484795 2.990779 -9.121044
v -5.484795 2.990779 -7.273315
v -5.484795 3.470779 -7.273315
v -5.484795 3.470779 -9.121044
v -5.484795 5.601557 -9.121044
v -5.484795 5.601557 -7.273315
v -5.484795 5.981557 -7.273315
v -5.484795 5.981557 -9.121044
v -5.414795 3.470779 -9.121044
v -5.414795 3.470779 -7.273315
v -5.414795 5.601557 -7.273315
v -5.414795 5.601557 -9.121044
v -5.484795 2.990779 -6.914035
v -5.484795 2.990779 -6.554754
v -5.484795 5.981557 -6.554754
v -5.484795 5.981557 -6.914035
v -5.484795 2.990779 -4.707025
v -5.484795 2.990779 -4.347744
v -5.484795 5.981557 -4.347744
v -5.484795 5.981557 -4.707025
v -5.484795 2.990779 -6.554754
v -5.484795 2.990779 -4.707025
v -5.484795 3.470779 -4.707025
v -5.484795 3.470779 -6.554754
v -5.484795 5.601557 -6.554754
v -5.484795 5.601557 -4.707025
v -5.484795 5.981557 -4.707025
v -5.484795 5.981557 -6.554754
v -5.414795 3.470779 -6.554754
v -5.414795 3.470779 -4.707025
v -5.414795 5.601557 -4.707025
v -5.414795 5.601557 -6.554754
v -5.484795 2.990779 -4.347744
v -5.484795 2.990779 -3.988463
v -5.484795 5.981557 -3.988463
v -5.484795 5.981557 -4.347744
v -5.484795 2.990779 -2.140734
v -5.484795 2.990779 -1.781453
v -5.484795 5.981557 -1.781453
v -5.484795 5.981557 -2.140734
v -5.484795 2.990779 -3.988463
v -5.484795 2.990779 -2.140734
v -5.484795 3.470779 -2.140734
v -5.484795 3.470779 -3.988463
v -5.484795 5.601557 -3.988463
v -5.484795 5.601557 -2.140734
v -5.484795 5.981557 -2.140734
v -5.484795 5.981557 -3.988463
v -5.414795 3.470779 -3.988463
v -5.414795 3.470779 -2.140734
v -5.414795 5.601557 -2.140734
v -5.414795 5.601557 -3.988463
v -5.484795 2.990779 -1.781453
v -5.484795 2.990779 -1.422173
v -5.484795 5.981557 -1.422173
v -5.484795 5.981557 -1.781453
v -5.484795 2.990779 0.425556
v -5.484795 2.990779 0.784837
v -5.484795 5.981557 0.784837
v -5.484795 5.981557 0.425556
v -5.484795 2.990779 -1.422173
v -5.484795 2.990779 0.425556
v -5.484795 3.470779 0.425556
v -5.484795 3.470779 -1.422173
v -5.484795 5.601557 -1.422173
v -5.484795 5.601557 0.425556
v -5.484795 5.981557 0.425556
v -5.484795 5.981557 -1.422173
v -5.414795 3.470779 -1.422173
v -5.414795 3.470779 0.425556
v -5.414795 5.601557 0.425556
v -5.414795 5.601557 -1.422173
v -5.484795 2.990779 0.784837
v -5.484795 2.990779 1.144118
v -5.484795 5.981557 1.144118
v -5.484795 5.981557 0.784837
v -5.484795 2.990779 2.991847
v -5.484795 2.990779 3.351128
v -5.484795 5.981557 3.351128
v -5.484795 5.981557 2.991847
v -5.484795 2.990779 1.144118
v -5.484795 2.990779 2.991847
v -5.484795 3.470779 2.991847
v -5.484795 3.470779 1.144118
v -5.484795 5.601557 1.144118
v -5.484795 5.601557 2.991847
v -5.484795 5.981557 2.991847
v -5.484795 5.981557 1.144118
v -5.414795 3.470779 1.144118
v -5.414795 3.470779 2.991847
v -5.414795 5.601557 2.991847
v -5.414795 5.601557 1.144118
v -5.484795 2.990779 3.351128
v -5.484795 2.990779 3.710408
v -5.484795 5.981557 3.710408
v -5.484795 5.981557 3.351128
v -5.484795 2.990779 5.558138
v -5.484795 2.990779 5.917418
v -5.484795 5.981557 5.917418
v -5.484795 5.981557 5.558138
v -5.484795 2.990779 3.710408
v -5.484795 2.990779 5.558138
v -5.484795 3.470779 5.558138
v -5.484795 3.470779 3.710408
v -5.484795 5.601557 3.710408
v -5.484795 5.601557 5.558138
v -5.484795 5.981557 5.558138
v -5.484795 5.981557 3.710408
v -5.414795 3.470779 3.710408
v -5.414795 3.470779 5.558138
v -5.414795 5.601557 5.558138
v -5.414795 5.601557 3.710408
v -5.484795 2.990779 5.917418
v -5.484795 2.990779 6.276699
v -5.484795 5.981557 6.276699
v -5.484795 5.981557 5.917418
v -5.484795 2.990779 8.124428
v -5.484795 2.990779 8.483709
v -5.484795 5.981557 8.483709
v -5.484795 5.981557 8.124428
v -5.484795 2.990779 6.276699
v -5.484795 2.990779 8.124428
v -5.484795 3.470779 8.124428
v -5.484795 3.470779 6.276699
v -5.484795 5.601557 6.276699
v -5.484795 5.601557 8.124428
v -5.484795 5.981557 8.124428
v -5.484795 5.981557 6.276699
v -5.414795 3.470779 6.276699
v -5.414795 3.470779 8.124428
v -5.414795 5.601557 8.124428
v -5.414795 5.601557 6.276699
v -5.484795 2.990779 8.483709
v -5.484795 2.990779 8.842989
v -5.484795 5.981557 8.842989
v -5.484795 5.981557 8.483709
v -5.484795 2.990779 10.690719
v -5.484795 2.990779 11.049999
v -5.484795 5.981557 11.049999
v -5.484795 5.981557 10.690719
v -5.484795 2.990779 8.842989
v -5.484795 2.990779 10.690719
v -5.484795 3.470779 10.690719
v -5.484795 3.470779 8.842989
v -5.484795 5.601557 8.842989
v -5.484795 5.601557 10.690719
v -5.484795 5.981557 10.690719
v -5.484795 5.981557 8.842989
v -5.414795 3.470779 8.842989
v -5.414795 3.470779 10.690719
v -5.414795 5.601557 10.690719
v -5.414795 5.601557 8.842989
v -5.484795 5.981557 -12.046616
v -5.484795 5.981557 -11.687335
v -5.484795 8.972336 -11.687335
v -5.484795 8.972336 -12.046616
v -5.484795 5.981557 -9.839606
v -5.484795 5.981557 -9.480325
v -5.484795 8.972336 -9.480325
v -5.484795 8.972336 -9.839606
v -5.484795 5.981557 -11.687335
v -5.484795 5.981557 -9.839606
v -5.484795 6.461557 -9.839606
v -5.484795 6.461557 -11.687335
v -5.484795 8.592336 -11.687335
v -5.484795 8.592336 -9.839606
v -5.484795 8.972336 -9.839606
v -5.484795 8.972336 -11.687335
v -5.414795 6.461557 -11.687335
v -5.414795 6.461557 -9.839606
v -5.414795 8.592336 -9.839606
v -5.414795 8.592336 -11.687335
v -5.484795 5.981557 -9.480325
v -5.484795 5.981557 -9.121044
v -5.484795 8.972336 -9.121044
v -5.484795 8.972336 -9.480325
v -5.484795 5.981557 -7.273315
v -5.484795 5.981557 -6.914035
v -5.484795 8.972336 -6.914035
v -5.484795 8.972336 -7.273315
v -5.484795 5.981557 -9.121044
v -5.484795 5.981557 -7.273315
v -5.484795 6.461557 -7.273315
v -5.484795 6.461557 -9.121044
v -5.484795 8.592336 -9.121044
v -5.484795 8.592336 -7.273315
v -5.484795 8.972336 -7.273315
v -5.484795 8.972336 -9.121044
v -5.414795 6.461557 -9.121044
v -5.414795 6.461557 -7.273315
v -5.414795 8.592336 -7.273315
v -5.414795 8.592336 -9.121044
v -5.484795 5.981557 -6.914035
v -5.484795 5.981557 -6.554754
v -5.484795 8.972336 -6.554754
v -5.484795 8.972336 -6.914035
v -5.484795 5.981557 -4.707025
v -5.484795 5.981557 -4.347744
v -5.484795 8.972336 -4.347744
v -5.484795 8.972336 -4.707025
v -5.484795 5.981557 -6.554754
v -5.484795 5.981557 -4.707025
v -5.484795 6.461557 -4.707025
v -5.484795 6.461557 -6.554754
v -5.484795 8.592336 -6.554754
v -5.484795 8.592336 -4.707025
v -5.484795 8.972336 -4.707025
v -5.484795 8.972336 -6.554754
v -5.414795 6.461557 -6.554754
v -5.414795 6.461557 -4.707025
v -5.414795 8.592336 -4.707025
v -5.414795 8.592336 -6.554754
v -5.484795 5.981557 -4.347744
v -5.484795 5.981557 -3.988463
v -5.484795 8.972336 -3.988463
v -5.484795 8.972336 -4.347744
v -5.484795 5.981557 -2.140734
v -5.484795 5.981557 -1.781453
v -5.484795 8.972336 -1.781453
v -5.484795 8.972336 -2.140734
v -5.484795 5.981557 -3.988463
v -5.484795 5.981557 -2.140734
v -5.484795 6.461557 -2.140734
v -5.484795 6.461557 -3.988463
v -5.484795 8.592336 -3.988463
v -5.484795 8.592336 -2.140734
v -5.484795 8.972336 -2.140734
v -5.484795 8.972336 -3.988463
v -5.414795 6.461557 -3.988463
v -5.414795 6.461557 -2.140734
v -5.414795 8.592336 -2.140734
v -5.414795 8.592336 -3.988463
v -5.484795 5.981557 -1.781453
v -5.484795 5.981557 -1.422173
v -5.484795 8.972336 -1.422173
v -5.484795 8.972336 -1.781453
v -5.484795 5.981557 0.425556
v -5.484795 5.981557 0.784837
v -5.484795 8.972336 0.784837
v -5.484795 8.972336 0.425556
v -5.484795 5.981557 -1.422173
v -5.484795 5.981557 0.425556
v -5.484795 6.461557 0.425556
v -5.484795 6.461557 -1.422173
v -5.484795 8.592336 -1.422173
v -5.484795 8.592336 0.425556
v -5.484795 8.972336 0.425556
v -5.484795 8.972336 -1.422173
v -5.414795 6.461557 -1.422173
v -5.414795 6.461557 0.425556
v -5.414795 8.592336 0.425556
v -5.414795 8.592336 -1.422173
v -5.484795 5.981557 0.784837
v -5.484795 5.981557 1.144118
v -5.484795 8.972336 1.144118
v -5.484795 8.972336 0.784837
v -5.484795 5.981557 2.991847
v -5.484795 5.981557 3.351128
v -5.484795 8.972336 3.351128
v -5.484795 8.972336 2.991847
v -5.484795 5.981557 1.144118
v -5.484795 5.981557 2.991847
v -5.484795 6.461557 2.991847
v -5.484795 6.461557 1.144118
v -5.484795 8.592336 1.144118
v -5.484795 8.592336 2.991847
v -5.484795 8.972336 2.991847
v -5.484795 8.972336 1.144118
v -5.414795 6.461557 1.144118
v -5.414795 6.461557 2.991847
v -5.414795 8.592336 2.991847
v -5.414795 8.592336 1.144118
v -5.484795 5.981557 3.351128
v -5.484795 5.981557 3.710408
v -5.484795 8.972336 3.710408
v -5.484795 8.972336 3.351128
v -5.484795 5.981557 5.558138
v -5.484795 5.981557 5.917418
v -5.484795 8.972336 5.917418
v -5.484795 8.972336 5.558138
v -5.484795 5.981557 3.710408
v -5.484795 5.981557 5.558138
v -5.484795 6.461557 5.558138
v -5.484795 6.461557 3.710408
v -5.484795 8.592336 3.710408
v -5.484795 8.592336 5.558138
v -5.484795 8.972336 5.558138
v -5.484795 8.972336 3.710408
v -5.414795 6.461557 3.710408
v -5.414795 6.461557 5.558138
v -5.414795 8.592336 5.558138
v -5.414795 8.592336 3.710408
v -5.484795 5.981557 5.917418
v -5.484795 5.981557 6.276699
v -5.484795 8.972336 6.276699
v -5.484795 8.972336 5.917418
v -5.484795 5.981557 8.124428
v -5.484795 5.981557 8.483709
v -5.484795 8.972336 8.483709
v -5.484795 8.972336 8.124428
v -5.484795 5.981557 6.276699
v -5.484795 5.981557 8.124428
v -5.484795 6.461557 8.124428
v -5.484795 6.461557 6.276699
v -5.484795 8.592336 6.276699
v -5.484795 8.592336 8.124428
v -5.484795 8.972336 8.124428
v -5.484795 8.972336 6.276699
v -5.414795 6.461557 6.276699
v -5.414795 6.461557 8.124428
v -5.414795 8.592336 8.124428
v -5.414795 8.592336 6.276699
v -5.484795 5.981557 8.483709
v -5.484795 5.981557 8.842989
v -5.484795 8.972336 8.842989
v -5.484795 8.972336 8.483709
v -5.484795 5.981557 10.690719
v -5.484795 5.981557 11.049999
v -5.484795 8.972336 11.049999
v -5.484795 8.972336 10.690719
v -5.484795 5.981557 8.842989
v -5.484795 5.981557 10.690719
v -5.484795 6.461557 10.690719
v -5.484795 6.461557 8.842989
v -5.484795 8.592336 8.842989
v -5.484795 8.592336 10.690719
v -5.484795 8.972336 10.690719
v -5.484795 8.972336 8.842989
v -5.414795 6.461557 8.842989
v -5.414795 6.461557 10.690719
v -5.414795 8.592336 10.690719
v -5.414795 8.592336 8.842989
v -5.484795 8.972336 -12.046616
v -5.484795 8.972336 -11.687335
v -5.484795 11.963115 -11.687335
v -5.484795 11.963115 -12.046616
v -5.484795 8.972336 -9.839606
v -5.484795 8.972336 -9.480325
v -5.484795 11.963115 -9.480325
v -5.484795 11.963115 -9.839606
v -5.484795 8.972336 -11.687335
v -5.484795 8.972336 -9.839606
v -5.484795 9.452336 -9.839606
v -5.484795 9.452336 -11.687335
v -5.484795 11.583115 -11.687335
v -5.484795 11.583115 -9.839606
v -5.484795 11.963115 -9.839606
v -5.484795 11.963115 -11.687335
v -5.414795 9.452336 -11.687335
v -5.414795 9.452336 -9.839606
v -5.414795 11.583115 -9.839606
v -5.414795 11.583115 -11.687335
v -5.484795 8.972336 -9.480325
v -5.484795 8.972336 -9.121044
v -5.484795 11.963115 -9.121044
v -5.484795 11.963115 -9.480325
v -5.484795 8.972336 -7.273315
v -5.484795 8.972336 -6.914035
v -5.484795 11.963115 -6.914035
v -5.484795 11.963115 -7.273315
v -5.484795 8.972336 -9.121044
v -5.484795 8.972336 -7.273315
v -5.484795 9.452336 -7.273315
v -5.484795 9.452336 -9.121044
v -5.484795 11.583115 -9.121044
v -5.484795 11.583115 -7.273315
v -5.484795 11.963115 -7.273315
v -5.484795 11.963115 -9.121044
v -5.414795 9.452336 -9.121044
v -5.414795 9.452336 -7.273315
v -5.414795 11.583115 -7.273315
v -5.414795 11.583115 -9.121044
v -5.484795 8.972336 -6.914035
v -5.484795 8.972336 -6.554754
v -5.484795 11.963115 -6.554754
v -5.484795 11.963115 -6.914035
v -5.484795 8.972336 -4.707025
v -5.484795 8.972336 -4.347744
v -5.484795 11.963115 -4.347744
v -5.484795 11.963115 -4.707025
v -5.484795 8.972336 -6.554754
v -5.484795 8.972336 -4.707025
v -5.484795 9.452336 -4.707025
v -5.484795 9.452336 -6.554754
v -5.484795 11.583115 -6.554754
v -5.484795 11.583115 -4.707025
v -5.484795 11.963115 -4.707025
v -5.484795 11.963115 -6.554754
v -5.414795 9.452336 -6.554754
v -5.414795 9.452336 -4.707025
v -5.414795 11.583115 -4.707025
v -5.414795 11.583115 -6.554754
v -5.484795 8.972336 -4.347744
v -5.484795 8.972336 -3.988463
v -5.484795 11.963115 -3.988463
v -5.484795 11.963115 -4.347744
v -5.484795 8.972336 -2.140734
v -5.484795 8.972336 -1.781453
v -5.484795 11.963115 -1.781453
v -5.484795 11.963115 -2.140734
v -5.484795 8.972336 -3.988463
v -5.484795 8.972336 -2.140734
v -5.484795 9.452336 -2.140734
v -5.484795 9.452336 -3.988463
v -5.484795 11.583115 -3.988463
v -5.484795 11.583115 -2.140734
v -5.484795 11.963115 -2.140734
v -5.484795 11.963115 -3.988463
v -5.414795 9.452336 -3.988463
v -5.414795 9.452336 -2.140734
v -5.414795 11.583115 -2.140734
v -5.414795 11.583115 -3.988463
v -5.484795 8.972336 -1.781453
v -5.484795 8.972336 -1.422173
v -5.484795 11.963115 -1.422173
v -5.484795 11.963115 -1.781453
v -5.484795 8.972336 0.425556
v -5.484795 8.972336 0.784837
v -5.484795 11.963115 0.784837
v -5.484795 11.963115 0.425556
v -5.484795 8.972336 -1.422173
v -5.484795 8.972336 0.425556
v -5.484795 9.452336 0.425556
v -5.484795 9.452336 -1.422173
v -5.484795 11.583115 -1.422173
v -5.484795 11.583115 0.425556
v -5.484795 11.963115 0.425556
v -5.484795 11.963115 -1.422173
v -5.414795 9.452336 -1.422173
v -5.414795 9.452336 0.425556
v -5.414795 11.583115 0.425556
v -5.414795 11.583115 -1.422173
v -5.484795 8.972336 0.784837
v -5.484795 8.972336 1.144118
v -5.484795 11.963115 1.144118
v -5.484795 11.963115 0.784837
v -5.484795 8.972336 2.991847
v -5.484795 8.972336 3.351128
v -5.484795 11.963115 3.351128
v -5.484795 11.963115 2.991847
v -5.484795 8.972336 1.144118
v -5.484795 8.972336 2.991847
v -5.484795 9.452336 2.991847
v -5.484795 9.452336 1.144118
v -5.484795 11.583115 1.144118
v -5.484795 11.583115 2.991847
v -5.484795 11.963115 2.991847
v -5.484795 11.963115 1.144118
v -5.414795 9.452336 1.144118
v -5.414795 9.452336 2.991847
v -5.414795 11.583115 2.991847
v -5.414795 11.583115 1.144118
v -5.484795 8.972336 3.351128
v -5.484795 8.972336 3.710408
v -5.484795 11.963115 3.710408
v -5.484795 11.963115 3.351128
v -5.484795 8.972336 5.558138
v -5.484795 8.972336 5.917418
v -5.484795 11.963115 5.917418
v -5.484795 11.963115 5.558138
v -5.484795 8.972336 3.710408
v -5.484795 8.972336 5.558138
v -5.484795 9.452336 5.558138
v -5.484795 9.452336 3.710408
v -5.484795 11.583115 3.710408
v -5.484795 11.583115 5.558138
v -5.484795 11.963115 5.558138
v -5.484795 11.963115 3.710408
v -5.414795 9.452336 3.710408
v -5.414795 9.452336 5.558138
v -5.414795 11.583115 5.558138
v -5.414795 11.583115 3.710408
v -5.484795 8.972336 5.917418
v -5.484795 8.972336 6.276699
v -5.484795 11.963115 6.276699
v -5.484795 11.963115 5.917418
v -5.484795 8.972336 8.124428
v -5.484795 8.972336 8.483709
v -5.484795 11.963115 8.483709
v -5.484795 11.963115 8.124428
v -5.484795 8.972336 6.276699
v -5.484795 8.972336 8.124428
v -5.484795 9.452336 8.124428
v -5.484795 9.452336 6.276699
v -5.484795 11.583115 6.276699
v -5.484795 11.583115 8.124428
v -5.484795 11.963115 8.124428
v -5.484795 11.963115 6.276699
v -5.414795 9.452336 6.276699
v -5.414795 9.452336 8.124428
v -5.414795 11.583115 8.124428
v -5.414795 11.583115 6.276699
v -5.484795 8.972336 8.483709
v -5.484795 8.972336 8.842989
v -5.484795 11.963115 8.842989
v -5.484795 11.963115 8.483709
v -5.484795 8.972336 10.690719
v -5.484795 8.972336 11.049999
v -5.484795 11.963115 11.049999
v -5.484795 11.963115 10.690719
v -5.484795 8.972336 8.842989
v -5.484795 8.972336 10.690719
v -5.484795 9.452336 10.690719
v -5.484795 9.452336 8.842989
v -5.484795 11.583115 8.842989
v -5.484795 11.583115 10.690719
v -5.484795 11.963115 10.690719
v -5.484795 11.963115 8.842989
v -5.414795 9.452336 8.842989
v -5.414795 9.452336 10.690719
v -5.414795 11.583115 10.690719
v -5.414795 11.583115 8.842989
v -5.484795 2.940779 11.049999
v 7.110031 2.940779 11.049999
v 7.110031 3.040779 11.049999
v -5.484795 3.040779 11.049999
v 7.110031 2.940779 -12.046616
v -5.484795 2.940779 -12.046616
v -5.484795 3.040779 -12.046616
v 7.110031 3.040779 -12.046616
v 7.110031 2.940779 11.049999
v 7.110031 2.940779 -12.046616
v 7.110031 3.040779 -12.046616
v 7.110031 3.040779 11.049999
v -5.484795 2.940779 -12.046616
v -5.484795 2.940779 11.049999
v -5.484795 3.040779 11.049999
v -5.484795 3.040779 -12.046616
v -5.484795 3.040779 11.049999
v 7.110031 3.040779 11.049999
v 7.110031 3.040779 -12.046616
v -5.484795 3.040779 -12.046616
v -5.484795 2.940779 -12.046616
v 7.110031 2.940779 -12.046616
v 7.110031 2.940779 11.049999
v -5.484795 2.940779 11.049999
v -5.484795 5.931557 11.049999
v 7.110031 5.931557 11.049999
v 7.110031 6.031557 11.049999
v -5.484795 6.031557 11.049999
v 7.110031 5.931557 -12.046616
v -5.484795 5.931557 -12.046616
v -5.484795 6.031557 -12.046616
v 7.110031 6.031557 -12.046616
v 7.110031 5.931557 11.049999
v 7.110031 5.931557 -12.046616
v 7.110031 6.031557 -12.046616
v 7.110031 6.031557 11.049999
v -5.484795 5.931557 -12.046616
v -5.484795 5.931557 11.049999
v -5.484795 6.031557 11.049999
v -5.484795 6.031557 -12.046616
v -5.484795 6.031557 11.049999
v 7.110031 6.031557 11.049999
v 7.110031 6.031557 -12.046616
v -5.484795 6.031557 -12.046616
v -5.484795 5.931557 -12.046616
v 7.110031 5.931557 -12.046616
v 7.110031 5.931557 11.049999
v -5.484795 5.931557 11.049999
v -5.484795 8.922336 11.049999
v 7.110031 8.922336 11.049999
v 7.110031 9.022336 11.049999
v -5.484795 9.022336 11.049999
v 7.110031 8.922336 -12.046616
v -5.484795 8.922336 -12.046616
v -5.484795 9.022336 -12.046616
v 7.110031 9.022336 -12.046616
v 7.110031 8.922336 11.049999
v 7.110031 8.922336 -12.046616
v 7.110031 9.022336 -12.046616
v 7.110031 9.022336 11.049999
v -5.484795 8.922336 -12.046616
v -5.484795 8.922336 11.049999
v -5.484795 9.022336 11.049999
v -5.484795 9.022336 -12.046616
v -5.484795 9.022336 11.049999
v 7.110031 9.022336 11.049999
v 7.110031 9.022336 -12.046616
v -5.484795 9.022336 -12.046616
v -5.484795 8.922336 -12.046616
v 7.110031 8.922336 -12.046616
v 7.110031 8.922336 11.049999
v -5.484795 8.922336 11.049999
v -5.484795 11.963115 -12.046616
v 7.110031 11.963115 -12.046616
v 7.110031 11.963115 11.049999
v -5.484795 11.963115 11.049999
v -5.484795 0.000000 -11.846616
v -5.284795 0.000000 -11.846616
v -5.284795 11.963115 -11.846616
v -5.484795 11.963115 -11.846616
v -5.284795 0.000000 -12.046616
v -5.484795 0.000000 -12.046616
v -5.484795 11.963115 -12.046616
v -5.284795 11.963115 -12.046616
v -5.284795 0.000000 -11.846616
v -5.284795 0.000000 -12.046616
v -5.284795 11.963115 -12.046616
v -5.284795 11.963115 -11.846616
v -5.484795 0.000000 -12.046616
v -5.484795 0.000000 -11.846616
v -5.484795 11.963115 -11.846616
v -5.484795 11.963115 -12.046616
v -5.484795 11.963115 -11.846616
v -5.284795 11.963115 -11.846616
v -5.284795 11.963115 -12.046616
v -5.484795 11.963115 -12.046616
v -5.484795 0.000000 -12.046616
v -5.284795 0.000000 -12.046616
v -5.284795 0.000000 -11.846616
v -5.484795 0.000000 -11.846616
v -5.484795 0.000000 11.049999
v -5.284795 0.000000 11.049999
v -5.284795 11.963115 11.049999
v -5.484795 11.963115 11.049999
v -5.284795 0.000000 10.849999
v -5.484795 0.000000 10.849999
v -5.484795 11.963115 10.849999
v -5.284795 11.963115 10.849999
v -5.284795 0.000000 11.049999
v -5.284795 0.000000 10.849999
v -5.284795 11.963115 10.849999
v -5.284795 11.963115 11.049999
v -5.484795 0.000000 10.849999
v -5.484795 0.000000 11.049999
v -5.484795 11.963115 11.049999
v -5.484795 11.963115 10.849999
v -5.484795 11.963115 11.049999
v -5.284795 11.963115 11.049999
v -5.284795 11.963115 10.849999
v -5.484795 11.963115 10.849999
v -5.484795 0.000000 10.849999
v -5.284795 0.000000 10.849999
v -5.284795 0.000000 11.049999
v -5.484795 0.000000 11.049999
v 6.910031 0.000000 -11.846616
v 7.110031 0.000000 -11.846616
v 7.110031 11.963115 -11.846616
v 6.910031 11.963115 -11.846616
v 7.110031 0.000000 -12.046616
v 6.910031 0.000000 -12.046616
v 6.910031 11.963115 -12.046616
v 7.110031 11.963115 -12.046616
v 7.110031 0.000000 -11.846616
v 7.110031 0.000000 -12.046616
v 7.110031 11.963115 -12.046616
v 7.110031 11.963115 -11.846616
v 6.910031 0.000000 -12.046616
v 6.910031 0.000000 -11.846616
v 6.910031 11.963115 -11.846616
v 6.910031 11.963115 -12.046616
v 6.910031 11.963115 -11.846616
v 7.110031 11.963115 -11.846616
v 7.110031 11.963115 -12.046616
v 6.910031 11.963115 -12.046616
v 6.910031 0.000000 -12.046616
v 7.110031 0.000000 -12.046616
v 7.110031 0.000000 -11.846616
v 6.910031 0.000000 -11.846616
v 6.910031 0.000000 11.049999
v 7.110031 0.000000 11.049999
v 7.110031 11.963115 11.049999
v 6.910031 11.963115 11.049999
v 7.110031 0.000000 10.849999
v 6.910031 0.000000 10.849999
v 6.910031 11.963115 10.849999
v 7.110031 11.963115 10.849999
v 7.110031 0.000000 11.049999
v 7.110031 0.000000 10.849999
v 7.110031 11.963115 10.849999
v 7.110031 11.963115 11.049999
v 6.910031 0.000000 10.849999
v 6.910031 0.000000 11.049999
v 6.910031 11.963115 11.049999
v 6.910031 11.963115 10.849999
v 6.910031 11.963115 11.049999
v 7.110031 11.963115 11.049999
v 7.110031 11.963115 10.849999
v 6.910031 11.963115 10.849999
v 6.910031 0.000000 10.849999
v 7.110031 0.000000 10.849999
v 7.110031 0.000000 11.049999
v 6.910031 0.000000 11.049999
v -3.973416 11.963115 7.585507
v -3.638394 11.963115 7.585507
v -3.638394 14.953893 7.585507
v -3.973416 14.953893 7.585507
v -1.915421 11.963115 7.585507
v -1.580399 11.963115 7.585507
v -1.580399 14.953893 7.585507
v -1.915421 14.953893 7.585507
v -3.638394 11.963115 7.585507
v -1.915421 11.963115 7.585507
v -1.915421 12.443115 7.585507
v -3.638394 12.443115 7.585507
v -3.638394 14.573893 7.585507
v -1.915421 14.573893 7.585507
v -1.915421 14.953893 7.585507
v -3.638394 14.953893 7.585507
v -3.638394 12.443115 7.515507
v -1.915421 12.443115 7.515507
v -1.915421 14.573893 7.515507
v -3.638394 14.573893 7.515507
v -1.580399 11.963115 7.585507
v -1.245377 11.963115 7.585507
v -1.245377 14.953893 7.585507
v -1.580399 14.953893 7.585507
v 0.477596 11.963115 7.585507
v 0.812618 11.963115 7.585507
v 0.812618 14.953893 7.585507
v 0.477596 14.953893 7.585507
v -1.245377 11.963115 7.585507
v 0.477596 11.963115 7.585507
v 0.477596 12.443115 7.585507
v -1.245377 12.443115 7.585507
v -1.245377 14.573893 7.585507
v 0.477596 14.573893 7.585507
v 0.477596 14.953893 7.585507
v -1.245377 14.953893 7.585507
v -1.245377 12.443115 7.515507
v 0.477596 12.443115 7.515507
v 0.477596 14.573893 7.515507
v -1.245377 14.573893 7.515507
v 0.812618 11.963115 7.585507
v 1.147640 11.963115 7.585507
v 1.147640 14.953893 7.585507
v 0.812618 14.953893 7.585507
v 2.870613 11.963115 7.585507
v 3.205635 11.963115 7.585507
v 3.205635 14.953893 7.585507
v 2.870613 14.953893 7.585507
v 1.147640 11.963115 7.585507
v 2.870613 11.963115 7.585507
v 2.870613 12.443115 7.585507
v 1.147640 12.443115 7.585507
v 1.147640 14.573893 7.585507
v 2.870613 14.573893 7.585507
v 2.870613 14.953893 7.585507
v 1.147640 14.953893 7.585507
v 1.147640 12.443115 7.515507
v 2.870613 12.443115 7.515507
v 2.870613 14.573893 7.515507
v 1.147640 14.573893 7.515507
v 3.205635 11.963115 7.585507
v 3.540657 11.963115 7.585507
v 3.540657 14.953893 7.585507
v 3.205635 14.953893 7.585507
v 5.263630 11.963115 7.585507
v 5.598652 11.963115 7.585507
v 5.598652 14.953893 7.585507
v 5.263630 14.953893 7.585507
v 3.540657 11.963115 7.585507
v 5.263630 11.963115 7.585507
v 5.263630 12.443115 7.585507
v 3.540657 12.443115 7.585507
v 3.540657 14.573893 7.585507
v 5.263630 14.573893 7.585507
v 5.263630 14.953893 7.585507
v 3.540657 14.953893 7.585507
v 3.540657 12.443115 7.515507
v 5.263630 12.443115 7.515507
v 5.263630 14.573893 7.515507
v 3.540657 14.573893 7.515507
v -3.973416 14.953893 7.585507
v -3.638394 14.953893 7.585507
v -3.638394 17.944672 7.585507
v -3.973416 17.944672 7.585507
v -1.915421 14.953893 7.585507
v -1.580399 14.953893 7.585507
v -1.580399 17.944672 7.585507
v -1.915421 17.944672 7.585507
v -3.638394 14.953893 7.585507
v -1.915421 14.953893 7.585507
v -1.915421 15.433893 7.585507
v -3.638394 15.433893 7.585507
v -3.638394 17.564672 7.585507
v -1.915421 17.564672 7.585507
v -1.915421 17.944672 7.585507
v -3.638394 17.944672 7.585507
v -3.638394 15.433893 7.515507
v -1.915421 15.433893 7.515507
v -1.915421 17.564672 7.515507
v -3.638394 17.564672 7.515507
v -1.580399 14.953893 7.585507
v -1.245377 14.953893 7.585507
v -1.245377 17.944672 7.585507
v -1.580399 17.944672 7.585507
v 0.477596 14.953893 7.585507
v 0.812618 14.953893 7.585507
v 0.812618 17.944672 7.585507
v 0.477596 17.944672 7.585507
v -1.245377 14.953893 7.585507
v 0.477596 14.953893 7.585507
v 0.477596 15.433893 7.585507
v -1.245377 15.433893 7.585507
v -1.245377 17.564672 7.585507
v 0.477596 17.564672 7.585507
v 0.477596 17.944672 7.585507
v -1.245377 17.944672 7.585507
v -1.245377 15.433893 7.515507
v 0.477596 15.433893 7.515507
v 0.477596 17.564672 7.515507
v -1.245377 17.564672 7.515507
v 0.812618 14.953893 7.585507
v 1.147640 14.953893 7.585507
v 1.147640 17.944672 7.585507
v 0.812618 17.944672 7.585507
v 2.870613 14.953893 7.585507
v 3.205635 14.953893 7.585507
v 3.205635 17.944672 7.585507
v 2.870613 17.944672 7.585507
v 1.147640 14.953893 7.585507
v 2.870613 14.953893 7.585507
v 2.870613 15.433893 7.585507
v 1.147640 15.433893 7.585507
v 1.147640 17.564672 7.585507
v 2.870613 17.564672 7.585507
v 2.870613 17.944672 7.585507
v 1.147640 17.944672 7.585507
v 1.147640 15.433893 7.515507
v 2.870613 15.433893 7.515507
v 2.870613 17.564672 7.515507
v 1.147640 17.564672 7.515507
v 3.205635 14.953893 7.585507
v 3.540657 14.953893 7.585507
v 3.540657 17.944672 7.585507
v 3.205635 17.944672 7.585507
v 5.263630 14.953893 7.585507
v 5.598652 14.953893 7.585507
v 5.598652 17.944672 7.585507
v 5.263630 17.944672 7.585507
v 3.540657 14.953893 7.585507
v 5.263630 14.953893 7.585507
v 5.263630 15.433893 7.585507
v 3.540657 15.433893 7.585507
v 3.540657 17.564672 7.585507
v 5.263630 17.564672 7.585507
v 5.263630 17.944672 7.585507
v 3.540657 17.944672 7.585507
v 3.540657 15.433893 7.515507
v 5.263630 15.433893 7.515507
v 5.263630 17.564672 7.515507
v 3.540657 17.564672 7.515507
v -3.973416 17.944672 7.585507
v -3.638394 17.944672 7.585507
v -3.638394 20.935451 7.585507
v -3.973416 20.935451 7.585507
v -1.915421 17.944672 7.585507
v -1.580399 17.944672 7.585507
v -1.580399 20.935451 7.585507
v -1.915421 20.935451 7.585507
v -3.638394 17.944672 7.585507
v -1.915421 17.944672 7.585507
v -1.915421 18.424672 7.585507
v -3.638394 18.424672 7.585507
v -3.638394 20.555451 7.585507
v -1.915421 20.555451 7.585507
v -1.915421 20.935451 7.585507
v -3.638394 20.935451 7.585507
v -3.638394 18.424672 7.515507
v -1.915421 18.424672 7.515507
v -1.915421 20.555451 7.515507
v -3.638394 20.555451 7.515507
v -1.580399 17.944672 7.585507
v -1.245377 17.944672 7.585507
v -1.245377 20.935451 7.585507
v -1.580399 20.935451 7.585507
v 0.477596 17.944672 7.585507
v 0.812618 17.944672 7.585507
v 0.812618 20.935451 7.585507
v 0.477596 20.935451 7.585507
v -1.245377 17.944672 7.585507
v 0.477596 17.944672 7.585507
v 0.477596 18.424672 7.585507
v -1.245377 18.424672 7.585507
v -1.245377 20.555451 7.585507
v 0.477596 20.555451 7.585507
v 0.477596 20.935451 7.585507
v -1.245377 20.935451 7.585507
v -1.245377 18.424672 7.515507
v 0.477596 18.424672 7.515507
v 0.477596 20.555451 7.515507
v -1.245377 20.555451 7.515507
v 0.812618 17.944672 7.585507
v 1.147640 17.944672 7.585507
v 1.147640 20.935451 7.585507
v 0.812618 20.935451 7.585507
v 2.870613 17.944672 7.585507
v 3.205635 17.944672 7.585507
v 3.205635 20.935451 7.585507
v 2.870613 20.935451 7.585507
v 1.147640 17.944672 7.585507
v 2.870613 17.944672 7.585507
v 2.870613 18.424672 7.585507
v 1.147640 18.424672 7.585507
v 1.147640 20.555451 7.585507
v 2.870613 20.555451 7.585507
v 2.870613 20.935451 7.585507
v 1.147640 20.935451 7.585507
v 1.147640 18.424672 7.515507
v 2.870613 18.424672 7.515507
v 2.870613 20.555451 7.515507
v 1.147640 20.555451 7.515507
v 3.205635 17.944672 7.585507
v 3.540657 17.944672 7.585507
v 3.540657 20.935451 7.585507
v 3.205635 20.935451 7.585507
v 5.263630 17.944672 7.585507
v 5.598652 17.944672 7.585507
v 5.598652 20.935451 7.585507
v 5.263630 20.935451 7.585507
v 3.540657 17.944672 7.585507
v 5.263630 17.944672 7.585507
v 5.263630 18.424672 7.585507
v 3.540657 18.424672 7.585507
v 3.540657 20.555451 7.585507
v 5.263630 20.555451 7.585507
v 5.263630 20.935451 7.585507
v 3.540657 20.935451 7.585507
v 3.540657 18.424672 7.515507
v 5.263630 18.424672 7.515507
v 5.263630 20.555451 7.515507
v 3.540657 20.555451 7.515507
v -3.973416 20.935451 7.585507
v -3.638394 20.935451 7.585507
v -3.638394 23.926230 7.585507
v -3.973416 23.926230 7.585507
v -1.915421 20.935451 7.585507
v -1.580399 20.935451 7.585507
v -1.580399 23.926230 7.585507
v -1.915421 23.926230 7.585507
v -3.638394 20.935451 7.585507
v -1.915421 20.935451 7.585507
v -1.915421 21.415451 7.585507
v -3.638394 21.415451 7.585507
v -3.638394 23.546230 7.585507
v -1.915421 23.546230 7.585507
v -1.915421 23.926230 7.585507
v -3.638394 23.926230 7.585507
v -3.638394 21.415451 7.515507
v -1.915421 21.415451 7.515507
v -1.915421 23.546230 7.515507
v -3.638394 23.546230 7.515507
v -1.580399 20.935451 7.585507
v -1.245377 20.935451 7.585507
v -1.245377 23.926230 7.585507
v -1.580399 23.926230 7.585507
v 0.477596 20.935451 7.585507
v 0.812618 20.935451 7.585507
v 0.812618 23.926230 7.585507
v 0.477596 23.926230 7.585507
v -1.245377 20.935451 7.585507
v 0.477596 20.935451 7.585507
v 0.477596 21.415451 7.585507
v -1.245377 21.415451 7.585507
v -1.245377 23.546230 7.585507
v 0.477596 23.546230 7.585507
v 0.477596 23.926230 7.585507
v -1.245377 23.926230 7.585507
v -1.245377 21.415451 7.515507
v 0.477596 21.415451 7.515507
v 0.477596 23.546230 7.515507
v -1.245377 23.546230 7.515507
v 0.812618 20.935451 7.585507
v 1.147640 20.935451 7.585507
v 1.147640 23.926230 7.585507
v 0.812618 23.926230 7.585507
v 2.870613 20.935451 7.585507
v 3.205635 20.935451 7.585507
v 3.205635 23.926230 7.585507
v 2.870613 23.926230 7.585507
v 1.147640 20.935451 7.585507
v 2.870613 20.935451 7.585507
v 2.870613 21.415451 7.585507
v 1.147640 21.415451 7.585507
v 1.147640 23.546230 7.585507
v 2.870613 23.546230 7.585507
v 2.870613 23.926230 7.585507
v 1.147640 23.926230 7.585507
v 1.147640 21.415451 7.515507
v 2.870613 21.415451 7.515507
v 2.870613 23.546230 7.515507
v 1.147640 23.546230 7.515507
v 3.205635 20.935451 7.585507
v 3.540657 20.935451 7.585507
v 3.540657 23.926230 7.585507
v 3.205635 23.926230 7.585507
v 5.263630 20.935451 7.585507
v 5.598652 20.935451 7.585507
v 5.598652 23.926230 7.585507
v 5.263630 23.926230 7.585507
v 3.540657 20.935451 7.585507
v 5.263630 20.935451 7.585507
v 5.263630 21.415451 7.585507
v 3.540657 21.415451 7.585507
v 3.540657 23.546230 7.585507
v 5.263630 23.546230 7.585507
v 5.263630 23.926230 7.585507
v 3.540657 23.926230 7.585507
v 3.540657 21.415451 7.515507
v 5.263630 21.415451 7.515507
v 5.263630 23.546230 7.515507
v 3.540657 23.546230 7.515507
v -3.973416 23.926230 7.585507
v -3.638394 23.926230 7.585507
v -3.638394 26.917008 7.585507
v -3.973416 26.917008 7.585507
v -1.915421 23.926230 7.585507
v -1.580399 23.926230 7.585507
v -1.580399 26.917008 7.585507
v -1.915421 26.917008 7.585507
v -3.638394 23.926230 7.585507
v -1.915421 23.926230 7.585507
v -1.915421 24.406230 7.585507
v -3.638394 24.406230 7.585507
v -3.638394 26.537008 7.585507
v -1.915421 26.537008 7.585507
v -1.915421 26.917008 7.585507
v -3.638394 26.917008 7.585507
v -3.638394 24.406230 7.515507
v -1.915421 24.406230 7.515507
v -1.915421 26.537008 7.515507
v -3.638394 26.537008 7.515507
v -1.580399 23.926230 7.585507
v -1.245377 23.926230 7.585507
v -1.245377 26.917008 7.585507
v -1.580399 26.917008 7.585507
v 0.477596 23.926230 7.585507
v 0.812618 23.926230 7.585507
v 0.812618 26.917008 7.585507
v 0.477596 26.917008 7.585507
v -1.245377 23.926230 7.585507
v 0.477596 23.926230 7.585507
v 0.477596 24.406230 7.585507
v -1.245377 24.406230 7.585507
v -1.245377 26.537008 7.585507
v 0.477596 26.537008 7.585507
v 0.477596 26.917008 7.585507
v -1.245377 26.917008 7.585507
v -1.245377 24.406230 7.515507
v 0.477596 24.406230 7.515507
v 0.477596 26.537008 7.515507
v -1.245377 26.537008 7.515507
v 0.812618 23.926230 7.585507
v 1.147640 23.926230 7.585507
v 1.147640 26.917008 7.585507
v 0.812618 26.917008 7.585507
v 2.870613 23.926230 7.585507
v 3.205635 23.926230 7.585507
v 3.205635 26.917008 7.585507
v 2.870613 26.917008 7.585507
v 1.147640 23.926230 7.585507
v 2.870613 23.926230 7.585507
v 2.870613 24.406230 7.585507
v 1.147640 24.406230 7.585507
v 1.147640 26.537008 7.585507
v 2.870613 26.537008 7.585507
v 2.870613 26.917008 7.585507
v 1.147640 26.917008 7.585507
v 1.147640 24.406230 7.515507
v 2.870613 24.406230 7.515507
v 2.870613 26.537008 7.515507
v 1.147640 26.537008 7.515507
v 3.205635 23.926230 7.585507
v 3.540657 23.926230 7.585507
v 3.540657 26.917008 7.585507
v 3.205635 26.917008 7.585507
v 5.263630 23.926230 7.585507
v 5.598652 23.926230 7.585507
v 5.598652 26.917008 7.585507
v 5.263630 26.917008 7.585507
v 3.540657 23.926230 7.585507
v 5.263630 23.926230 7.585507
v 5.263630 24.406230 7.585507
v 3.540657 24.406230 7.585507
v 3.540657 26.537008 7.585507
v 5.263630 26.537008 7.585507
v 5.263630 26.917008 7.585507
v 3.540657 26.917008 7.585507
v 3.540657 24.406230 7.515507
v 5.263630 24.406230 7.515507
v 5.263630 26.537008 7.515507
v 3.540657 26.537008 7.515507
v -3.973416 26.917008 7.585507
v -3.638394 26.917008 7.585507
v -3.638394 29.907787 7.585507
v -3.973416 29.907787 7.585507
v -1.915421 26.917008 7.585507
v -1.580399 26.917008 7.585507
v -1.580399 29.907787 7.585507
v -1.915421 29.907787 7.585507
v -3.638394 26.917008 7.585507
v -1.915421 26.917008 7.585507
v -1.915421 27.397008 7.585507
v -3.638394 27.397008 7.585507
v -3.638394 29.527787 7.585507
v -1.915421 29.527787 7.585507
v -1.915421 29.907787 7.585507
v -3.638394 29.907787 7.585507
v -3.638394 27.397008 7.515507
v -1.915421 27.397008 7.515507
v -1.915421 29.527787 7.515507
v -3.638394 29.527787 7.515507
v -1.580399 26.917008 7.585507
v -1.245377 26.917008 7.585507
v -1.245377 29.907787 7.585507
v -1.580399 29.907787 7.585507
v 0.477596 26.917008 7.585507
v 0.812618 26.917008 7.585507
v 0.812618 29.907787 7.585507
v 0.477596 29.907787 7.585507
v -1.245377 26.917008 7.585507
v 0.477596 26.917008 7.585507
v 0.477596 27.397008 7.585507
v -1.245377 27.397008 7.585507
v -1.245377 29.527787 7.585507
v 0.477596 29.527787 7.585507
v 0.477596 29.907787 7.585507
v -1.245377 29.907787 7.585507
v -1.245377 27.397008 7.515507
v 0.477596 27.397008 7.515507
v 0.477596 29.527787 7.515507
v -1.245377 29.527787 7.515507
v 0.812618 26.917008 7.585507
v 1.147640 26.917008 7.585507
v 1.147640 29.907787 7.585507
v 0.812618 29.907787 7.585507
v 2.870613 26.917008 7.585507
v 3.205635 26.917008 7.585507
v 3.205635 29.907787 7.585507
v 2.870613 29.907787 7.585507
v 1.147640 26.917008 7.585507
v 2.870613 26.917008 7.585507
v 2.870613 27.397008 7.585507
v 1.147640 27.397008 7.585507
v 1.147640 29.527787 7.585507
v 2.870613 29.527787 7.585507
v 2.870613 29.907787 7.585507
v 1.147640 29.907787 7.585507
v 1.147640 27.397008 7.515507
v 2.870613 27.397008 7.515507
v 2.870613 29.527787 7.515507
v 1.147640 29.527787 7.515507
v 3.205635 26.917008 7.585507
v 3.540657 26.917008 7.585507
v 3.540657 29.907787 7.585507
v 3.205635 29.907787 7.585507
v 5.263630 26.917008 7.585507
v 5.598652 26.917008 7.585507
v 5.598652 29.907787 7.585507
v 5.263630 29.907787 7.585507
v 3.540657 26.917008 7.585507
v 5.263630 26.917008 7.585507
v 5.263630 27.397008 7.585507
v 3.540657 27.397008 7.585507
v 3.540657 29.527787 7.585507
v 5.263630 29.527787 7.585507
v 5.263630 29.907787 7.585507
v 3.540657 29.907787 7.585507
v 3.540657 27.397008 7.515507
v 5.263630 27.397008 7.515507
v 5.263630 29.527787 7.515507
v 3.540657 29.527787 7.515507
v -3.973416 29.907787 7.585507
v -3.638394 29.907787 7.585507
v -3.638394 32.898566 7.585507
v -3.973416 32.898566 7.585507
v -1.915421 29.907787 7.585507
v -1.580399 29.907787 7.585507
v -1.580399 32.898566 7.585507
v -1.915421 32.898566 7.585507
v -3.638394 29.907787 7.585507
v -1.915421 29.907787 7.585507
v -1.915421 30.387787 7.585507
v -3.638394 30.387787 7.585507
v -3.638394 32.518566 7.585507
v -1.915421 32.518566 7.585507
v -1.915421 32.898566 7.585507
v -3.638394 32.898566 7.585507
v -3.638394 30.387787 7.515507
v -1.915421 30.387787 7.515507
v -1.915421 32.518566 7.515507
v -3.638394 32.518566 7.515507
v -1.580399 29.907787 7.585507
v -1.245377 29.907787 7.585507
v -1.245377 32.898566 7.585507
v -1.580399 32.898566 7.585507
v 0.477596 29.907787 7.585507
v 0.812618 29.907787 7.585507
v 0.812618 32.898566 7.585507
v 0.477596 32.898566 7.585507
v -1.245377 29.907787 7.585507
v 0.477596 29.907787 7.585507
v 0.477596 30.387787 7.585507
v -1.245377 30.387787 7.585507
v -1.245377 32.518566 7.585507
v 0.477596 32.518566 7.585507
v 0.477596 32.898566 7.585507
v -1.245377 32.898566 7.585507
v -1.245377 30.387787 7.515507
v 0.477596 30.387787 7.515507
v 0.477596 32.518566 7.515507
v -1.245377 32.518566 7.515507
v 0.812618 29.907787 7.585507
v 1.147640 29.907787 7.585507
v 1.147640 32.898566 7.585507
v 0.812618 32.898566 7.585507
v 2.870613 29.907787 7.585507
v 3.205635 29.907787 7.585507
v 3.205635 32.898566 7.585507
v 2.870613 32.898566 7.585507
v 1.147640 29.907787 7.585507
v 2.870613 29.907787 7.585507
v 2.870613 30.387787 7.585507
v 1.147640 30.387787 7.585507
v 1.147640 32.518566 7.585507
v 2.870613 32.518566 7.585507
v 2.870613 32.898566 7.585507
v 1.147640 32.898566 7.585507
v 1.147640 30.387787 7.515507
v 2.870613 30.387787 7.515507
v 2.870613 32.518566 7.515507
v 1.147640 32.518566 7.515507
v 3.205635 29.907787 7.585507
v 3.540657 29.907787 7.585507
v 3.540657 32.898566 7.585507
v 3.205635 32.898566 7.585507
v 5.263630 29.907787 7.585507
v 5.598652 29.907787 7.585507
v 5.598652 32.898566 7.585507
v 5.263630 32.898566 7.585507
v 3.540657 29.907787 7.585507
v 5.263630 29.907787 7.585507
v 5.263630 30.387787 7.585507
v 3.540657 30.387787 7.585507
v 3.540657 32.518566 7.585507
v 5.263630 32.518566 7.585507
v 5.263630 32.898566 7.585507
v 3.540657 32.898566 7.585507
v 3.540657 30.387787 7.515507
v 5.263630 30.387787 7.515507
v 5.263630 32.518566 7.515507
v 3.540657 32.518566 7.515507
v -3.973416 32.898566 7.585507
v -3.638394 32.898566 7.585507
v -3.638394 35.889344 7.585507
v -3.973416 35.889344 7.585507
v -1.915421 32.898566 7.585507
v -1.580399 32.898566 7.585507
v -1.580399 35.889344 7.585507
v -1.915421 35.889344 7.585507
v -3.638394 32.898566 7.585507
v -1.915421 32.898566 7.585507
v -1.915421 33.378566 7.585507
v -3.638394 33.378566 7.585507
v -3.638394 35.509344 7.585507
v -1.915421 35.509344 7.585507
v -1.915421 35.889344 7.585507
v -3.638394 35.889344 7.585507
v -3.638394 33.378566 7.515507
v -1.915421 33.378566 7.515507
v -1.915421 35.509344 7.515507
v -3.638394 35.509344 7.515507
v -1.580399 32.898566 7.585507
v -1.245377 32.898566 7.585507
v -1.245377 35.889344 7.585507
v -1.580399 35.889344 7.585507
v 0.477596 32.898566 7.585507
v 0.812618 32.898566 7.585507
v 0.812618 35.889344 7.585507
v 0.477596 35.889344 7.585507
v -1.245377 32.898566 7.585507
v 0.477596 32.898566 7.585507
v 0.477596 33.378566 7.585507
v -1.245377 33.378566 7.585507
v -1.245377 35.509344 7.585507
v 0.477596 35.509344 7.585507
v 0.477596 35.889344 7.585507
v -1.245377 35.889344 7.585507
v -1.245377 33.378566 7.515507
v 0.477596 33.378566 7.515507
v 0.477596 35.509344 7.515507
v -1.245377 35.509344 7.515507
v 0.812618 32.898566 7.585507
v 1.147640 32.898566 7.585507
v 1.147640 35.889344 7.585507
v 0.812618 35.889344 7.585507
v 2.870613 32.898566 7.585507
v 3.205635 32.898566 7.585507
v 3.205635 35.889344 7.585507
v 2.870613 35.889344 7.585507
v 1.147640 32.898566 7.585507
v 2.870613 32.898566 7.585507
v 2.870613 33.378566 7.585507
v 1.147640 33.378566 7.585507
v 1.147640 35.509344 7.585507
v 2.870613 35.509344 7.585507
v 2.870613 35.889344 7.585507
v 1.147640 35.889344 7.585507
v 1.147640 33.378566 7.515507
v 2.870613 33.378566 7.515507
v 2.870613 35.509344 7.515507
v 1.147640 35.509344 7.515507
v 3.205635 32.898566 7.585507
v 3.540657 32.898566 7.585507
v 3.540657 35.889344 7.585507
v 3.205635 35.889344 7.585507
v 5.263630 32.898566 7.585507
v 5.598652 32.898566 7.585507
v 5.598652 35.889344 7.585507
v 5.263630 35.889344 7.585507
v 3.540657 32.898566 7.585507
v 5.263630 32.898566 7.585507
v 5.263630 33.378566 7.585507
v 3.540657 33.378566 7.585507
v 3.540657 35.509344 7.585507
v 5.263630 35.509344 7.585507
v 5.263630 35.889344 7.585507
v 3.540657 35.889344 7.585507
v 3.540657 33.378566 7.515507
v 5.263630 33.378566 7.515507
v 5.263630 35.509344 7.515507
v 3.540657 35.509344 7.515507
v -3.973416 35.889344 7.585507
v -3.638394 35.889344 7.585507
v -3.638394 38.880123 7.585507
v -3.973416 38.880123 7.585507
v -1.915421 35.889344 7.585507
v -1.580399 35.889344 7.585507
v -1.580399 38.880123 7.585507
v -1.915421 38.880123 7.585507
v -3.638394 35.889344 7.585507
v -1.915421 35.889344 7.585507
v -1.915421 36.369344 7.585507
v -3.638394 36.369344 7.585507
v -3.638394 38.500123 7.585507
v -1.915421 38.500123 7.585507
v -1.915421 38.880123 7.585507
v -3.638394 38.880123 7.585507
v -3.638394 36.369344 7.515507
v -1.915421 36.369344 7.515507
v -1.915421 38.500123 7.515507
v -3.638394 38.500123 7.515507
v -1.580399 35.889344 7.585507
v -1.245377 35.889344 7.585507
v -1.245377 38.880123 7.585507
v -1.580399 38.880123 7.585507
v 0.477596 35.889344 7.585507
v 0.812618 35.889344 7.585507
v 0.812618 38.880123 7.585507
v 0.477596 38.880123 7.585507
v -1.245377 35.889344 7.585507
v 0.477596 35.889344 7.585507
v 0.477596 36.369344 7.585507
v -1.245377 36.369344 7.585507
v -1.245377 38.500123 7.585507
v 0.477596 38.500123 7.585507
v 0.477596 38.880123 7.585507
v -1.245377 38.880123 7.585507
v -1.245377 36.369344 7.515507
v 0.477596 36.369344 7.515507
v 0.477596 38.500123 7.515507
v -1.245377 38.500123 7.515507
v 0.812618 35.889344 7.585507
v 1.147640 35.889344 7.585507
v 1.147640 38.880123 7.585507
v 0.812618 38.880123 7.585507
v 2.870613 35.889344 7.585507
v 3.205635 35.889344 7.585507
v 3.205635 38.880123 7.585507
v 2.870613 38.880123 7.585507
v 1.147640 35.889344 7.585507
v 2.870613 35.889344 7.585507
v 2.870613 36.369344 7.585507
v 1.147640 36.369344 7.585507
v 1.147640 38.500123 7.585507
v 2.870613 38.500123 7.585507
v 2.870613 38.880123 7.585507
v 1.147640 38.880123 7.585507
v 1.147640 36.369344 7.515507
v 2.870613 36.369344 7.515507
v 2.870613 38.500123 7.515507
v 1.147640 38.500123 7.515507
v 3.205635 35.889344 7.585507
v 3.540657 35.889344 7.585507
v 3.540657 38.880123 7.585507
v 3.205635 38.880123 7.585507
v 5.263630 35.889344 7.585507
v 5.598652 35.889344 7.585507
v 5.598652 38.880123 7.585507
v 5.263630 38.880123 7.585507
v 3.540657 35.889344 7.585507
v 5.263630 35.889344 7.585507
v 5.263630 36.369344 7.585507
v 3.540657 36.369344 7.585507
v 3.540657 38.500123 7.585507
v 5.263630 38.500123 7.585507
v 5.263630 38.880123 7.585507
v 3.540657 38.880123 7.585507
v 3.540657 36.369344 7.515507
v 5.263630 36.369344 7.515507
v 5.263630 38.500123 7.515507
v 3.540657 38.500123 7.515507
v -3.973416 38.880123 7.585507
v -3.638394 38.880123 7.585507
v -3.638394 41.870902 7.585507
v -3.973416 41.870902 7.585507
v -1.915421 38.880123 7.585507
v -1.580399 38.880123 7.585507
v -1.580399 41.870902 7.585507
v -1.915421 41.870902 7.585507
v -3.638394 38.880123 7.585507
v -1.915421 38.880123 7.585507
v -1.915421 39.360123 7.585507
v -3.638394 39.360123 7.585507
v -3.638394 41.490902 7.585507
v -1.915421 41.490902 7.585507
v -1.915421 41.870902 7.585507
v -3.638394 41.870902 7.585507
v -3.638394 39.360123 7.515507
v -1.915421 39.360123 7.515507
v -1.915421 41.490902 7.515507
v -3.638394 41.490902 7.515507
v -1.580399 38.880123 7.585507
v -1.245377 38.880123 7.585507
v -1.245377 41.870902 7.585507
v -1.580399 41.870902 7.585507
v 0.477596 38.880123 7.585507
v 0.812618 38.880123 7.585507
v 0.812618 41.870902 7.585507
v 0.477596 41.870902 7.585507
v -1.245377 38.880123 7.585507
v 0.477596 38.880123 7.585507
v 0.477596 39.360123 7.585507
v -1.245377 39.360123 7.585507
v -1.245377 41.490902 7.585507
v 0.477596 41.490902 7.585507
v 0.477596 41.870902 7.585507
v -1.245377 41.870902 7.585507
v -1.245377 39.360123 7.515507
v 0.477596 39.360123 7.515507
v 0.477596 41.490902 7.515507
v -1.245377 41.490902 7.515507
v 0.812618 38.880123 7.585507
v 1.147640 38.880123 7.585507
v 1.147640 41.870902 7.585507
v 0.812618 41.870902 7.585507
v 2.870613 38.880123 7.585507
v 3.205635 38.880123 7.585507
v 3.205635 41.870902 7.585507
v 2.870613 41.870902 7.585507
v 1.147640 38.880123 7.585507
v 2.870613 38.880123 7.585507
v 2.870613 39.360123 7.585507
v 1.147640 39.360123 7.585507
v 1.147640 41.490902 7.585507
v 2.870613 41.490902 7.585507
v 2.870613 41.870902 7.585507
v 1.147640 41.870902 7.585507
v 1.147640 39.360123 7.515507
v 2.870613 39.360123 7.515507
v 2.870613 41.490902 7.515507
v 1.147640 41.490902 7.515507
v 3.205635 38.880123 7.585507
v 3.540657 38.880123 7.585507
v 3.540657 41.870902 7.585507
v 3.205635 41.870902 7.585507
v 5.263630 38.880123 7.585507
v 5.598652 38.880123 7.585507
v 5.598652 41.870902 7.585507
v 5.263630 41.870902 7.585507
v 3.540657 38.880123 7.585507
v 5.263630 38.880123 7.585507
v 5.263630 39.360123 7.585507
v 3.540657 39.360123 7.585507
v 3.540657 41.490902 7.585507
v 5.263630 41.490902 7.585507
v 5.263630 41.870902 7.585507
v 3.540657 41.870902 7.585507
v 3.540657 39.360123 7.515507
v 5.263630 39.360123 7.515507
v 5.263630 41.490902 7.515507
v 3.540657 41.490902 7.515507
v -3.973416 41.870902 7.585507
v -3.638394 41.870902 7.585507
v -3.638394 44.861680 7.585507
v -3.973416 44.861680 7.585507
v -1.915421 41.870902 7.585507
v -1.580399 41.870902 7.585507
v -1.580399 44.861680 7.585507
v -1.915421 44.861680 7.585507
v -3.638394 41.870902 7.585507
v -1.915421 41.870902 7.585507
v -1.915421 42.350902 7.585507
v -3.638394 42.350902 7.585507
v -3.638394 44.481680 7.585507
v -1.915421 44.481680 7.585507
v -1.915421 44.861680 7.585507
v -3.638394 44.861680 7.585507
v -3.638394 42.350902 7.515507
v -1.915421 42.350902 7.515507
v -1.915421 44.481680 7.515507
v -3.638394 44.481680 7.515507
v -1.580399 41.870902 7.585507
v -1.245377 41.870902 7.585507
v -1.245377 44.861680 7.585507
v -1.580399 44.861680 7.585507
v 0.477596 41.870902 7.585507
v 0.812618 41.870902 7.585507
v 0.812618 44.861680 7.585507
v 0.477596 44.861680 7.585507
v -1.245377 41.870902 7.585507
v 0.477596 41.870902 7.585507
v 0.477596 42.350902 7.585507
v -1.245377 42.350902 7.585507
v -1.245377 44.481680 7.585507
v 0.477596 44.481680 7.585507
v 0.477596 44.861680 7.585507
v -1.245377 44.861680 7.585507
v -1.245377 42.350902 7.515507
v 0.477596 42.350902 7.515507
v 0.477596 44.481680 7.515507
v -1.245377 44.481680 7.515507
v 0.812618 41.870902 7.585507
v 1.147640 41.870902 7.585507
v 1.147640 44.861680 7.585507
v 0.812618 44.861680 7.585507
v 2.870613 41.870902 7.585507
v 3.205635 41.870902 7.585507
v 3.205635 44.861680 7.585507
v 2.870613 44.861680 7.585507
v 1.147640 41.870902 7.585507
v 2.870613 41.870902 7.585507
v 2.870613 42.350902 7.585507
v 1.147640 42.350902 7.585507
v 1.147640 44.481680 7.585507
v 2.870613 44.481680 7.585507
v 2.870613 44.861680 7.585507
v 1.147640 44.861680 7.585507
v 1.147640 42.350902 7.515507
v 2.870613 42.350902 7.515507
v 2.870613 44.481680 7.515507
v 1.147640 44.481680 7.515507
v 3.205635 41.870902 7.585507
v 3.540657 41.870902 7.585507
v 3.540657 44.861680 7.585507
v 3.205635 44.861680 7.585507
v 5.263630 41.870902 7.585507
v 5.598652 41.870902 7.585507
v 5.598652 44.861680 7.585507
v 5.263630 44.861680 7.585507
v 3.540657 41.870902 7.585507
v 5.263630 41.870902 7.585507
v 5.263630 42.350902 7.585507
v 3.540657 42.350902 7.585507
v 3.540657 44.481680 7.585507
v 5.263630 44.481680 7.585507
v 5.263630 44.861680 7.585507
v 3.540657 44.861680 7.585507
v 3.540657 42.350902 7.515507
v 5.263630 42.350902 7.515507
v 5.263630 44.481680 7.515507
v 3.540657 44.481680 7.515507
v -3.973416 44.861680 7.585507
v -3.638394 44.861680 7.585507
v -3.638394 47.852459 7.585507
v -3.973416 47.852459 7.585507
v -1.915421 44.861680 7.585507
v -1.580399 44.861680 7.585507
v -1.580399 47.852459 7.585507
v -1.915421 47.852459 7.585507
v -3.638394 44.861680 7.585507
v -1.915421 44.861680 7.585507
v -1.915421 45.341680 7.585507
v -3.638394 45.341680 7.585507
v -3.638394 47.472459 7.585507
v -1.915421 47.472459 7.585507
v -1.915421 47.852459 7.585507
v -3.638394 47.852459 7.585507
v -3.638394 45.341680 7.515507
v -1.915421 45.341680 7.515507
v -1.915421 47.472459 7.515507
v -3.638394 47.472459 7.515507
v -1.580399 44.861680 7.585507
v -1.245377 44.861680 7.585507
v -1.245377 47.852459 7.585507
v -1.580399 47.852459 7.585507
v 0.477596 44.861680 7.585507
v 0.812618 44.861680 7.585507
v 0.812618 47.852459 7.585507
v 0.477596 47.852459 7.585507
v -1.245377 44.861680 7.585507
v 0.477596 44.861680 7.585507
v 0.477596 45.341680 7.585507
v -1.245377 45.341680 7.585507
v -1.245377 47.472459 7.585507
v 0.477596 47.472459 7.585507
v 0.477596 47.852459 7.585507
v -1.245377 47.852459 7.585507
v -1.245377 45.341680 7.515507
v 0.477596 45.341680 7.515507
v 0.477596 47.472459 7.515507
v -1.245377 47.472459 7.515507
v 0.812618 44.861680 7.585507
v 1.147640 44.861680 7.585507
v 1.147640 47.852459 7.585507
v 0.812618 47.852459 7.585507
v 2.870613 44.861680 7.585507
v 3.205635 44.861680 7.585507
v 3.205635 47.852459 7.585507
v 2.870613 47.852459 7.585507
v 1.147640 44.861680 7.585507
v 2.870613 44.861680 7.585507
v 2.870613 45.341680 7.585507
v 1.147640 45.341680 7.585507
v 1.147640 47.472459 7.585507
v 2.870613 47.472459 7.585507
v 2.870613 47.852459 7.585507
v 1.147640 47.852459 7.585507
v 1.147640 45.341680 7.515507
v 2.870613 45.341680 7.515507
v 2.870613 47.472459 7.515507
v 1.147640 47.472459 7.515507
v 3.205635 44.861680 7.585507
v 3.540657 44.861680 7.585507
v 3.540657 47.852459 7.585507
v 3.205635 47.852459 7.585507
v 5.263630 44.861680 7.585507
v 5.598652 44.861680 7.585507
v 5.598652 47.852459 7.585507
v 5.263630 47.852459 7.585507
v 3.540657 44.861680 7.585507
v 5.263630 44.861680 7.585507
v 5.263630 45.341680 7.585507
v 3.540657 45.341680 7.585507
v 3.540657 47.472459 7.585507
v 5.263630 47.472459 7.585507
v 5.263630 47.852459 7.585507
v 3.540657 47.852459 7.585507
v 3.540657 45.341680 7.515507
v 5.263630 45.341680 7.515507
v 5.263630 47.472459 7.515507
v 3.540657 47.472459 7.515507
v -3.973416 47.852459 7.585507
v -3.638394 47.852459 7.585507
v -3.638394 50.843238 7.585507
v -3.973416 50.843238 7.585507
v -1.915421 47.852459 7.585507
v -1.580399 47.852459 7.585507
v -1.580399 50.843238 7.585507
v -1.915421 50.843238 7.585507
v -3.638394 47.852459 7.585507
v -1.915421 47.852459 7.585507
v -1.915421 48.332459 7.585507
v -3.638394 48.332459 7.585507
v -3.638394 50.463238 7.585507
v -1.915421 50.463238 7.585507
v -1.915421 50.843238 7.585507
v -3.638394 50.843238 7.585507
v -3.638394 48.332459 7.515507
v -1.915421 48.332459 7.515507
v -1.915421 50.463238 7.515507
v -3.638394 50.463238 7.515507
v -1.580399 47.852459 7.585507
v -1.245377 47.852459 7.585507
v -1.245377 50.843238 7.585507
v -1.580399 50.843238 7.585507
v 0.477596 47.852459 7.585507
v 0.812618 47.852459 7.585507
v 0.812618 50.843238 7.585507
v 0.477596 50.843238 7.585507
v -1.245377 47.852459 7.585507
v 0.477596 47.852459 7.585507
v 0.477596 48.332459 7.585507
v -1.245377 48.332459 7.585507
v -1.245377 50.463238 7.585507
v 0.477596 50.463238 7.585507
v 0.477596 50.843238 7.585507
v -1.245377 50.843238 7.585507
v -1.245377 48.332459 7.515507
v 0.477596 48.332459 7.515507
v 0.477596 50.463238 7.515507
v -1.245377 50.463238 7.515507
v 0.812618 47.852459 7.585507
v 1.147640 47.852459 7.585507
v 1.147640 50.843238 7.585507
v 0.812618 50.843238 7.585507
v 2.870613 47.852459 7.585507
v 3.205635 47.852459 7.585507
v 3.205635 50.843238 7.585507
v 2.870613 50.843238 7.585507
v 1.147640 47.852459 7.585507
v 2.870613 47.852459 7.585507
v 2.870613 48.332459 7.585507
v 1.147640 48.332459 7.585507
v 1.147640 50.463238 7.585507
v 2.870613 50.463238 7.585507
v 2.870613 50.843238 7.585507
v 1.147640 50.843238 7.585507
v 1.147640 48.332459 7.515507
v 2.870613 48.332459 7.515507
v 2.870613 50.463238 7.515507
v 1.147640 50.463238 7.515507
v 3.205635 47.852459 7.585507
v 3.540657 47.852459 7.585507
v 3.540657 50.843238 7.585507
v 3.205635 50.843238 7.585507
v 5.263630 47.852459 7.585507
v 5.598652 47.852459 7.585507
v 5.598652 50.843238 7.585507
v 5.263630 50.843238 7.585507
v 3.540657 47.852459 7.585507
v 5.263630 47.852459 7.585507
v 5.263630 48.332459 7.585507
v 3.540657 48.332459 7.585507
v 3.540657 50.463238 7.585507
v 5.263630 50.463238 7.585507
v 5.263630 50.843238 7.585507
v 3.540657 50.843238 7.585507
v 3.540657 48.332459 7.515507
v 5.263630 48.332459 7.515507
v 5.263630 50.463238 7.515507
v 3.540657 50.463238 7.515507
v -3.973416 50.843238 7.585507
v -3.638394 50.843238 7.585507
v -3.638394 53.834017 7.585507
v -3.973416 53.834017 7.585507
v -1.915421 50.843238 7.585507
v -1.580399 50.843238 7.585507
v -1.580399 53.834017 7.585507
v -1.915421 53.834017 7.585507
v -3.638394 50.843238 7.585507
v -1.915421 50.843238 7.585507
v -1.915421 51.323238 7.585507
v -3.638394 51.323238 7.585507
v -3.638394 53.454017 7.585507
v -1.915421 53.454017 7.585507
v -1.915421 53.834017 7.585507
v -3.638394 53.834017 7.585507
v -3.638394 51.323238 7.515507
v -1.915421 51.323238 7.515507
v -1.915421 53.454017 7.515507
v -3.638394 53.454017 7.515507
v -1.580399 50.843238 7.585507
v -1.245377 50.843238 7.585507
v -1.245377 53.834017 7.585507
v -1.580399 53.834017 7.585507
v 0.477596 50.843238 7.585507
v 0.812618 50.843238 7.585507
v 0.812618 53.834017 7.585507
v 0.477596 53.834017 7.585507
v -1.245377 50.843238 7.585507
v 0.477596 50.843238 7.585507
v 0.477596 51.323238 7.585507
v -1.245377 51.323238 7.585507
v -1.245377 53.454017 7.585507
v 0.477596 53.454017 7.585507
v 0.477596 53.834017 7.585507
v -1.245377 53.834017 7.585507
v -1.245377 51.323238 7.515507
v 0.477596 51.323238 7.515507
v 0.477596 53.454017 7.515507
v -1.245377 53.454017 7.515507
v 0.812618 50.843238 7.585507
v 1.147640 50.843238 7.585507
v 1.147640 53.834017 7.585507
v 0.812618 53.834017 7.585507
v 2.870613 50.843238 7.585507
v 3.205635 50.843238 7.585507
v 3.205635 53.834017 7.585507
v 2.870613 53.834017 7.585507
v 1.147640 50.843238 7.585507
v 2.870613 50.843238 7.585507
v 2.870613 51.323238 7.585507
v 1.147640 51.323238 7.585507
v 1.147640 53.454017 7.585507
v 2.870613 53.454017 7.585507
v 2.870613 53.834017 7.585507
v 1.147640 53.834017 7.585507
v 1.147640 51.323238 7.515507
v 2.870613 51.323238 7.515507
v 2.870613 53.454017 7.515507
v 1.147640 53.454017 7.515507
v 3.205635 50.843238 7.585507
v 3.540657 50.843238 7.585507
v 3.540657 53.834017 7.585507
v 3.205635 53.834017 7.585507
v 5.263630 50.843238 7.585507
v 5.598652 50.843238 7.585507
v 5.598652 53.834017 7.585507
v 5.263630 53.834017 7.585507
v 3.540657 50.843238 7.585507
v 5.263630 50.843238 7.585507
v 5.263630 51.323238 7.585507
v 3.540657 51.323238 7.585507
v 3.540657 53.454017 7.585507
v 5.263630 53.454017 7.585507
v 5.263630 53.834017 7.585507
v 3.540657 53.834017 7.585507
v 3.540657 51.323238 7.515507
v 5.263630 51.323238 7.515507
v 5.263630 53.454017 7.515507
v 3.540657 53.454017 7.515507
v -3.973416 53.834017 7.585507
v -3.638394 53.834017 7.585507
v -3.638394 56.824795 7.585507
v -3.973416 56.824795 7.585507
v -1.915421 53.834017 7.585507
v -1.580399 53.834017 7.585507
v -1.580399 56.824795 7.585507
v -1.915421 56.824795 7.585507
v -3.638394 53.834017 7.585507
v -1.915421 53.834017 7.585507
v -1.915421 54.314017 7.585507
v -3.638394 54.314017 7.585507
v -3.638394 56.444795 7.585507
v -1.915421 56.444795 7.585507
v -1.915421 56.824795 7.585507
v -3.638394 56.824795 7.585507
v -3.638394 54.314017 7.515507
v -1.915421 54.314017 7.515507
v -1.915421 56.444795 7.515507
v -3.638394 56.444795 7.515507
v -1.580399 53.834017 7.585507
v -1.245377 53.834017 7.585507
v -1.245377 56.824795 7.585507
v -1.580399 56.824795 7.585507
v 0.477596 53.834017 7.585507
v 0.812618 53.834017 7.585507
v 0.812618 56.824795 7.585507
v 0.477596 56.824795 7.585507
v -1.245377 53.834017 7.585507
v 0.477596 53.834017 7.585507
v 0.477596 54.314017 7.585507
v -1.245377 54.314017 7.585507
v -1.245377 56.444795 7.585507
v 0.477596 56.444795 7.585507
v 0.477596 56.824795 7.585507
v -1.245377 56.824795 7.585507
v -1.245377 54.314017 7.515507
v 0.477596 54.314017 7.515507
v 0.477596 56.444795 7.515507
v -1.245377 56.444795 7.515507
v 0.812618 53.834017 7.585507
v 1.147640 53.834017 7.585507
v 1.147640 56.824795 7.585507
v 0.812618 56.824795 7.585507
v 2.870613 53.834017 7.585507
v 3.205635 53.834017 7.585507
v 3.205635 56.824795 7.585507
v 2.870613 56.824795 7.585507
v 1.147640 53.834017 7.585507
v 2.870613 53.834017 7.585507
v 2.870613 54.314017 7.585507
v 1.147640 54.314017 7.585507
v 1.147640 56.444795 7.585507
v 2.870613 56.444795 7.585507
v 2.870613 56.824795 7.585507
v 1.147640 56.824795 7.585507
v 1.147640 54.314017 7.515507
v 2.870613 54.314017 7.515507
v 2.870613 56.444795 7.515507
v 1.147640 56.444795 7.515507
v 3.205635 53.834017 7.585507
v 3.540657 53.834017 7.585507
v 3.540657 56.824795 7.585507
v 3.205635 56.824795 7.585507
v 5.263630 53.834017 7.585507
v 5.598652 53.834017 7.585507
v 5.598652 56.824795 7.585507
v 5.263630 56.824795 7.585507
v 3.540657 53.834017 7.585507
v 5.263630 53.834017 7.585507
v 5.263630 54.314017 7.585507
v 3.540657 54.314017 7.585507
v 3.540657 56.444795 7.585507
v 5.263630 56.444795 7.585507
v 5.263630 56.824795 7.585507
v 3.540657 56.824795 7.585507
v 3.540657 54.314017 7.515507
v 5.263630 54.314017 7.515507
v 5.263630 56.444795 7.515507
v 3.540657 56.444795 7.515507
v -3.973416 56.824795 7.585507
v -3.638394 56.824795 7.585507
v -3.638394 59.815574 7.585507
v -3.973416 59.815574 7.585507
v -1.915421 56.824795 7.585507
v -1.580399 56.824795 7.585507
v -1.580399 59.815574 7.585507
v -1.915421 59.815574 7.585507
v -3.638394 56.824795 7.585507
v -1.915421 56.824795 7.585507
v -1.915421 57.304795 7.585507
v -3.638394 57.304795 7.585507
v -3.638394 59.435574 7.585507
v -1.915421 59.435574 7.585507
v -1.915421 59.815574 7.585507
v -3.638394 59.815574 7.585507
v -3.638394 57.304795 7.515507
v -1.915421 57.304795 7.515507
v -1.915421 59.435574 7.515507
v -3.638394 59.435574 7.515507
v -1.580399 56.824795 7.585507
v -1.245377 56.824795 7.585507
v -1.245377 59.815574 7.585507
v -1.580399 59.815574 7.585507
v 0.477596 56.824795 7.585507
v 0.812618 56.824795 7.585507
v 0.812618 59.815574 7.585507
v 0.477596 59.815574 7.585507
v -1.245377 56.824795 7.585507
v 0.477596 56.824795 7.585507
v 0.477596 57.304795 7.585507
v -1.245377 57.304795 7.585507
v -1.245377 59.435574 7.585507
v 0.477596 59.435574 7.585507
v 0.477596 59.815574 7.585507
v -1.245377 59.815574 7.585507
v -1.245377 57.304795 7.515507
v 0.477596 57.304795 7.515507
v 0.477596 59.435574 7.515507
v -1.245377 59.435574 7.515507
v 0.812618 56.824795 7.585507
v 1.147640 56.824795 7.585507
v 1.147640 59.815574 7.585507
v 0.812618 59.815574 7.585507
v 2.870613 56.824795 7.585507
v 3.205635 56.824795 7.585507
v 3.205635 59.815574 7.585507
v 2.870613 59.815574 7.585507
v 1.147640 56.824795 7.585507
v 2.870613 56.824795 7.585507
v 2.870613 57.304795 7.585507
v 1.147640 57.304795 7.585507
v 1.147640 59.435574 7.585507
v 2.870613 59.435574 7.585507
v 2.870613 59.815574 7.585507
v 1.147640 59.815574 7.585507
v 1.147640 57.304795 7.515507
v 2.870613 57.304795 7.515507
v 2.870613 59.435574 7.515507
v 1.147640 59.435574 7.515507
v 3.205635 56.824795 7.585507
v 3.540657 56.824795 7.585507
v 3.540657 59.815574 7.585507
v 3.205635 59.815574 7.585507
v 5.263630 56.824795 7.585507
v 5.598652 56.824795 7.585507
v 5.598652 59.815574 7.585507
v 5.263630 59.815574 7.585507
v 3.540657 56.824795 7.585507
v 5.263630 56.824795 7.585507
v 5.263630 57.304795 7.585507
v 3.540657 57.304795 7.585507
v 3.540657 59.435574 7.585507
v 5.263630 59.435574 7.585507
v 5.263630 59.815574 7.585507
v 3.540657 59.815574 7.585507
v 3.540657 57.304795 7.515507
v 5.263630 57.304795 7.515507
v 5.263630 59.435574 7.515507
v 3.540657 59.435574 7.515507
v -3.973416 59.815574 7.585507
v -3.638394 59.815574 7.585507
v -3.638394 62.806353 7.585507
v -3.973416 62.806353 7.585507
v -1.915421 59.815574 7.585507
v -1.580399 59.815574 7.585507
v -1.580399 62.806353 7.585507
v -1.915421 62.806353 7.585507
v -3.638394 59.815574 7.585507
v -1.915421 59.815574 7.585507
v -1.915421 60.295574 7.585507
v -3.638394 60.295574 7.585507
v -3.638394 62.426353 7.585507
v -1.915421 62.426353 7.585507
v -1.915421 62.806353 7.585507
v -3.638394 62.806353 7.585507
v -3.638394 60.295574 7.515507
v -1.915421 60.295574 7.515507
v -1.915421 62.426353 7.515507
v -3.638394 62.426353 7.515507
v -1.580399 59.815574 7.585507
v -1.245377 59.815574 7.585507
v -1.245377 62.806353 7.585507
v -1.580399 62.806353 7.585507
v 0.477596 59.815574 7.585507
v 0.812618 59.815574 7.585507
v 0.812618 62.806353 7.585507
v 0.477596 62.806353 7.585507
v -1.245377 59.815574 7.585507
v 0.477596 59.815574 7.585507
v 0.477596 60.295574 7.585507
v -1.245377 60.295574 7.585507
v -1.245377 62.426353 7.585507
v 0.477596 62.426353 7.585507
v 0.477596 62.806353 7.585507
v -1.245377 62.806353 7.585507
v -1.245377 60.295574 7.515507
v 0.477596 60.295574 7.515507
v 0.477596 62.426353 7.515507
v -1.245377 62.426353 7.515507
v 0.812618 59.815574 7.585507
v 1.147640 59.815574 7.585507
v 1.147640 62.806353 7.585507
v 0.812618 62.806353 7.585507
v 2.870613 59.815574 7.585507
v 3.205635 59.815574 7.585507
v 3.205635 62.806353 7.585507
v 2.870613 62.806353 7.585507
v 1.147640 59.815574 7.585507
v 2.870613 59.815574 7.585507
v 2.870613 60.295574 7.585507
v 1.147640 60.295574 7.585507
v 1.147640 62.426353 7.585507
v 2.870613 62.426353 7.585507
v 2.870613 62.806353 7.585507
v 1.147640 62.806353 7.585507
v 1.147640 60.295574 7.515507
v 2.870613 60.295574 7.515507
v 2.870613 62.426353 7.515507
v 1.147640 62.426353 7.515507
v 3.205635 59.815574 7.585507
v 3.540657 59.815574 7.585507
v 3.540657 62.806353 7.585507
v 3.205635 62.806353 7.585507
v 5.263630 59.815574 7.585507
v 5.598652 59.815574 7.585507
v 5.598652 62.806353 7.585507
v 5.263630 62.806353 7.585507
v 3.540657 59.815574 7.585507
v 5.263630 59.815574 7.585507
v 5.263630 60.295574 7.585507
v 3.540657 60.295574 7.585507
v 3.540657 62.426353 7.585507
v 5.263630 62.426353 7.585507
v 5.263630 62.806353 7.585507
v 3.540657 62.806353 7.585507
v 3.540657 60.295574 7.515507
v 5.263630 60.295574 7.515507
v 5.263630 62.426353 7.515507
v 3.540657 62.426353 7.515507
v 5.598652 11.963115 -8.582123
v 5.263630 11.963115 -8.582123
v 5.263630 14.953893 -8.582123
v 5.598652 14.953893 -8.582123
v 3.540657 11.963115 -8.582123
v 3.205635 11.963115 -8.582123
v 3.205635 14.953893 -8.582123
v 3.540657 14.953893 -8.582123
v 5.263630 11.963115 -8.582123
v 3.540657 11.963115 -8.582123
v 3.540657 12.443115 -8.582123
v 5.263630 12.443115 -8.582123
v 5.263630 14.573893 -8.582123
v 3.540657 14.573893 -8.582123
v 3.540657 14.953893 -8.582123
v 5.263630 14.953893 -8.582123
v 5.263630 12.443115 -8.512123
v 3.540657 12.443115 -8.512123
v 3.540657 14.573893 -8.512123
v 5.263630 14.573893 -8.512123
v 3.205635 11.963115 -8.582123
v 2.870613 11.963115 -8.582123
v 2.870613 14.953893 -8.582123
v 3.205635 14.953893 -8.582123
v 1.147640 11.963115 -8.582123
v 0.812618 11.963115 -8.582123
v 0.812618 14.953893 -8.582123
v 1.147640 14.953893 -8.582123
v 2.870613 11.963115 -8.582123
v 1.147640 11.963115 -8.582123
v 1.147640 12.443115 -8.582123
v 2.870613 12.443115 -8.582123
v 2.870613 14.573893 -8.582123
v 1.147640 14.573893 -8.582123
v 1.147640 14.953893 -8.582123
v 2.870613 14.953893 -8.582123
v 2.870613 12.443115 -8.512123
v 1.147640 12.443115 -8.512123
v 1.147640 14.573893 -8.512123
v 2.870613 14.573893 -8.512123
v 0.812618 11.963115 -8.582123
v 0.477596 11.963115 -8.582123
v 0.477596 14.953893 -8.582123
v 0.812618 14.953893 -8.582123
v -1.245377 11.963115 -8.582123
v -1.580399 11.963115 -8.582123
v -1.580399 14.953893 -8.582123
v -1.245377 14.953893 -8.582123
v 0.477596 11.963115 -8.582123
v -1.245377 11.963115 -8.582123
v -1.245377 12.443115 -8.582123
v 0.477596 12.443115 -8.582123
v 0.477596 14.573893 -8.582123
v -1.245377 14.573893 -8.582123
v -1.245377 14.953893 -8.582123
v 0.477596 14.953893 -8.582123
v 0.477596 12.443115 -8.512123
v -1.245377 12.443115 -8.512123
v -1.245377 14.573893 -8.512123
v 0.477596 14.573893 -8.512123
v -1.580399 11.963115 -8.582123
v -1.915421 11.963115 -8.582123
v -1.915421 14.953893 -8.582123
v -1.580399 14.953893 -8.582123
v -3.638394 11.963115 -8.582123
v -3.973416 11.963115 -8.582123
v -3.973416 14.953893 -8.582123
v -3.638394 14.953893 -8.582123
v -1.915421 11.963115 -8.582123
v -3.638394 11.963115 -8.582123
v -3.638394 12.443115 -8.582123
v -1.915421 12.443115 -8.582123
v -1.915421 14.573893 -8.582123
v -3.638394 14.573893 -8.582123
v -3.638394 14.953893 -8.582123
v -1.915421 14.953893 -8.582123
v -1.915421 12.443115 -8.512123
v -3.638394 12.443115 -8.512123
v -3.638394 14.573893 -8.512123
v -1.915421 14.573893 -8.512123
v 5.598652 14.953893 -8.582123
v 5.263630 14.953893 -8.582123
v 5.263630 17.944672 -8.582123
v 5.598652 17.944672 -8.582123
v 3.540657 14.953893 -8.582123
v 3.205635 14.953893 -8.582123
v 3.205635 17.944672 -8.582123
v 3.540657 17.944672 -8.582123
v 5.263630 14.953893 -8.582123
v 3.540657 14.953893 -8.582123
v 3.540657 15.433893 -8.582123
v 5.263630 15.433893 -8.582123
v 5.263630 17.564672 -8.582123
v 3.540657 17.564672 -8.582123
v 3.540657 17.944672 -8.582123
v 5.263630 17.944672 -8.582123
v 5.263630 15.433893 -8.512123
v 3.540657 15.433893 -8.512123
v 3.540657 17.564672 -8.512123
v 5.263630 17.564672 -8.512123
v 3.205635 14.953893 -8.582123
v 2.870613 14.953893 -8.582123
v 2.870613 17.944672 -8.582123
v 3.205635 17.944672 -8.582123
v 1.147640 14.953893 -8.582123
v 0.812618 14.953893 -8.582123
v 0.812618 17.944672 -8.582123
v 1.147640 17.944672 -8.582123
v 2.870613 14.953893 -8.582123
v 1.147640 14.953893 -8.582123
v 1.147640 15.433893 -8.582123
v 2.870613 15.433893 -8.582123
v 2.870613 17.564672 -8.582123
v 1.147640 17.564672 -8.582123
v 1.147640 17.944672 -8.582123
v 2.870613 17.944672 -8.582123
v 2.870613 15.433893 -8.512123
v 1.147640 15.433893 -8.512123
v 1.147640 17.564672 -8.512123
v 2.870613 17.564672 -8.512123
v 0.812618 14.953893 -8.582123
v 0.477596 14.953893 -8.582123
v 0.477596 17.944672 -8.582123
v 0.812618 17.944672 -8.582123
v -1.245377 14.953893 -8.582123
v -1.580399 14.953893 -8.582123
v -1.580399 17.944672 -8.582123
v -1.245377 17.944672 -8.582123
v 0.477596 14.953893 -8.582123
v -1.245377 14.953893 -8.582123
v -1.245377 15.433893 -8.582123
v 0.477596 15.433893 -8.582123
v 0.477596 17.564672 -8.582123
v -1.245377 17.564672 -8.582123
v -1.245377 17.944672 -8.582123
v 0.477596 17.944672 -8.582123
v 0.477596 15.433893 -8.512123
v -1.245377 15.433893 -8.512123
v -1.245377 17.564672 -8.512123
v 0.477596 17.564672 -8.512123
v -1.580399 14.953893 -8.582123
v -1.915421 14.953893 -8.582123
v -1.915421 17.944672 -8.582123
v -1.580399 17.944672 -8.582123
v -3.638394 14.953893 -8.582123
v -3.973416 14.953893 -8.582123
v -3.973416 17.944672 -8.582123
v -3.638394 17.944672 -8.582123
v -1.915421 14.953893 -8.582123
v -3.638394 14.953893 -8.582123
v -3.638394 15.433893 -8.582123
v -1.915421 15.433893 -8.582123
v -1.915421 17.564672 -8.582123
v -3.638394 17.564672 -8.582123
v -3.638394 17.944672 -8.582123
v -1.915421 17.944672 -8.582123
v -1.915421 15.433893 -8.512123
v -3.638394 15.433893 -8.512123
v -3.638394 17.564672 -8.512123
v -1.915421 17.564672 -8.512123
v 5.598652 17.944672 -8.582123
v 5.263630 17.944672 -8.582123
v 5.263630 20.935451 -8.582123
v 5.598652 20.935451 -8.582123
v 3.540657 17.944672 -8.582123
v 3.205635 17.944672 -8.582123
v 3.205635 20.935451 -8.582123
v 3.540657 20.935451 -8.582123
v 5.263630 17.944672 -8.582123
v 3.540657 17.944672 -8.582123
v 3.540657 18.424672 -8.582123
v 5.263630 18.424672 -8.582123
v 5.263630 20.555451 -8.582123
v 3.540657 20.555451 -8.582123
v 3.540657 20.935451 -8.582123
v 5.263630 20.935451 -8.582123
v 5.263630 18.424672 -8.512123
v 3.540657 18.424672 -8.512123
v 3.540657 20.555451 -8.512123
v 5.263630 20.555451 -8.512123
v 3.205635 17.944672 -8.582123
v 2.870613 17.944672 -8.582123
v 2.870613 20.935451 -8.582123
v 3.205635 20.935451 -8.582123
v 1.147640 17.944672 -8.582123
v 0.812618 17.944672 -8.582123
v 0.812618 20.935451 -8.582123
v 1.147640 20.935451 -8.582123
v 2.870613 17.944672 -8.582123
v 1.147640 17.944672 -8.582123
v 1.147640 18.424672 -8.582123
v 2.870613 18.424672 -8.582123
v 2.870613 20.555451 -8.582123
v 1.147640 20.555451 -8.582123
v 1.147640 20.935451 -8.582123
v 2.870613 20.935451 -8.582123
v 2.870613 18.424672 -8.512123
v 1.147640 18.424672 -8.512123
v 1.147640 20.555451 -8.512123
v 2.870613 20.555451 -8.512123
v 0.812618 17.944672 -8.582123
v 0.477596 17.944672 -8.582123
v 0.477596 20.935451 -8.582123
v 0.812618 20.935451 -8.582123
v -1.245377 17.944672 -8.582123
v -1.580399 17.944672 -8.582123
v -1.580399 20.935451 -8.582123
v -1.245377 20.935451 -8.582123
v 0.477596 17.944672 -8.582123
v -1.245377 17.944672 -8.582123
v -1.245377 18.424672 -8.582123
v 0.477596 18.424672 -8.582123
v 0.477596 20.555451 -8.582123
v -1.245377 20.555451 -8.582123
v -1.245377 20.935451 -8.582123
v 0.477596 20.935451 -8.582123
v 0.477596 18.424672 -8.512123
v -1.245377 18.424672 -8.512123
v -1.245377 20.555451 -8.512123
v 0.477596 20.555451 -8.512123
v -1.580399 17.944672 -8.582123
v -1.915421 17.944672 -8.582123
v -1.915421 20.935451 -8.582123
v -1.580399 20.935451 -8.582123
v -3.638394 17.944672 -8.582123
v -3.973416 17.944672 -8.582123
v -3.973416 20.935451 -8.582123
v -3.638394 20.935451 -8.582123
v -1.915421 17.944672 -8.582123
v -3.638394 17.944672 -8.582123
v -3.638394 18.424672 -8.582123
v -1.915421 18.424672 -8.582123
v -1.915421 20.555451 -8.582123
v -3.638394 20.555451 -8.582123
v -3.638394 20.935451 -8.582123
v -1.915421 20.935451 -8.582123
v -1.915421 18.424672 -8.512123
v -3.638394 18.424672 -8.512123
v -3.638394 20.555451 -8.512123
v -1.915421 20.555451 -8.512123
v 5.598652 20.935451 -8.582123
v 5.263630 20.935451 -8.582123
v 5.263630 23.926230 -8.582123
v 5.598652 23.926230 -8.582123
v 3.540657 20.935451 -8.582123
v 3.205635 20.935451 -8.582123
v 3.205635 23.926230 -8.582123
v 3.540657 23.926230 -8.582123
v 5.263630 20.935451 -8.582123
v 3.540657 20.935451 -8.582123
v 3.540657 21.415451 -8.582123
v 5.263630 21.415451 -8.582123
v 5.263630 23.546230 -8.582123
v 3.540657 23.546230 -8.582123
v 3.540657 23.926230 -8.582123
v 5.263630 23.926230 -8.582123
v 5.263630 21.415451 -8.512123
v 3.540657 21.415451 -8.512123
v 3.540657 23.546230 -8.512123
v 5.263630 23.546230 -8.512123
v 3.205635 20.935451 -8.582123
v 2.870613 20.935451 -8.582123
v 2.870613 23.926230 -8.582123
v 3.205635 23.926230 -8.582123
v 1.147640 20.935451 -8.582123
v 0.812618 20.935451 -8.582123
v 0.812618 23.926230 -8.582123
v 1.147640 23.926230 -8.582123
v 2.870613 20.935451 -8.582123
v 1.147640 20.935451 -8.582123
v 1.147640 21.415451 -8.582123
v 2.870613 21.415451 -8.582123
v 2.870613 23.546230 -8.582123
v 1.147640 23.546230 -8.582123
v 1.147640 23.926230 -8.582123
v 2.870613 23.926230 -8.582123
v 2.870613 21.415451 -8.512123
v 1.147640 21.415451 -8.512123
v 1.147640 23.546230 -8.512123
v 2.870613 23.546230 -8.512123
v 0.812618 20.935451 -8.582123
v 0.477596 20.935451 -8.582123
v 0.477596 23.926230 -8.582123
v 0.812618 23.926230 -8.582123
v -1.245377 20.935451 -8.582123
v -1.580399 20.935451 -8.582123
v -1.580399 23.926230 -8.582123
v -1.245377 23.926230 -8.582123
v 0.477596 20.935451 -8.582123
v -1.245377 20.935451 -8.582123
v -1.245377 21.415451 -8.582123
v 0.477596 21.415451 -8.582123
v 0.477596 23.546230 -8.582123
v -1.245377 23.546230 -8.582123
v -1.245377 23.926230 -8.582123
v 0.477596 23.926230 -8.582123
v 0.477596 21.415451 -8.512123
v -1.245377 21.415451 -8.512123
v -1.245377 23.546230 -8.512123
v 0.477596 23.546230 -8.512123
v -1.580399 20.935451 -8.582123
v -1.915421 20.935451 -8.582123
v -1.915421 23.926230 -8.582123
v -1.580399 23.926230 -8.582123
v -3.638394 20.935451 -8.582123
v -3.973416 20.935451 -8.582123
v -3.973416 23.926230 -8.582123
v -3.638394 23.926230 -8.582123
v -1.915421 20.935451 -8.582123
v -3.638394 20.935451 -8.582123
v -3.638394 21.415451 -8.582123
v -1.915421 21.415451 -8.582123
v -1.915421 23.546230 -8.582123
v -3.638394 23.546230 -8.582123
v -3.638394 23.926230 -8.582123
v -1.915421 23.926230 -8.582123
v -1.915421 21.415451 -8.512123
v -3.638394 21.415451 -8.512123
v -3.638394 23.546230 -8.512123
v -1.915421 23.546230 -8.512123
v 5.598652 23.926230 -8.582123
v 5.263630 23.926230 -8.582123
v 5.263630 26.917008 -8.582123
v 5.598652 26.917008 -8.582123
v 3.540657 23.926230 -8.582123
v 3.205635 23.926230 -8.582123
v 3.205635 26.917008 -8.582123
v 3.540657 26.917008 -8.582123
v 5.263630 23.926230 -8.582123
v 3.540657 23.926230 -8.582123
v 3.540657 24.406230 -8.582123
v 5.263630 24.406230 -8.582123
v 5.263630 26.537008 -8.582123
v 3.540657 26.537008 -8.582123
v 3.540657 26.917008 -8.582123
v 5.263630 26.917008 -8.582123
v 5.263630 24.406230 -8.512123
v 3.540657 24.406230 -8.512123
v 3.540657 26.537008 -8.512123
v 5.263630 26.537008 -8.512123
v 3.205635 23.926230 -8.582123
v 2.870613 23.926230 -8.582123
v 2.870613 26.917008 -8.582123
v 3.205635 26.917008 -8.582123
v 1.147640 23.926230 -8.582123
v 0.812618 23.926230 -8.582123
v 0.812618 26.917008 -8.582123
v 1.147640 26.917008 -8.582123
v 2.870613 23.926230 -8.582123
v 1.147640 23.926230 -8.582123
v 1.147640 24.406230 -8.582123
v 2.870613 24.406230 -8.582123
v 2.870613 26.537008 -8.582123
v 1.147640 26.537008 -8.582123
v 1.147640 26.917008 -8.582123
v 2.870613 26.917008 -8.582123
v 2.870613 24.406230 -8.512123
v 1.147640 24.406230 -8.512123
v 1.147640 26.537008 -8.512123
v 2.870613 26.537008 -8.512123
v 0.812618 23.926230 -8.582123
v 0.477596 23.926230 -8.582123
v 0.477596 26.917008 -8.582123
v 0.812618 26.917008 -8.582123
v -1.245377 23.926230 -8.582123
v -1.580399 23.926230 -8.582123
v -1.580399 26.917008 -8.582123
v -1.245377 26.917008 -8.582123
v 0.477596 23.926230 -8.582123
v -1.245377 23.926230 -8.582123
v -1.245377 24.406230 -8.582123
v 0.477596 24.406230 -8.582123
v 0.477596 26.537008 -8.582123
v -1.245377 26.537008 -8.582123
v -1.245377 26.917008 -8.582123
v 0.477596 26.917008 -8.582123
v 0.477596 24.406230 -8.512123
v -1.245377 24.406230 -8.512123
v -1.245377 26.537008 -8.512123
v 0.477596 26.537008 -8.512123
v -1.580399 23.926230 -8.582123
v -1.915421 23.926230 -8.582123
v -1.915421 26.917008 -8.582123
v -1.580399 26.917008 -8.582123
v -3.638394 23.926230 -8.582123
v -3.973416 23.926230 -8.582123
v -3.973416 26.917008 -8.582123
v -3.638394 26.917008 -8.582123
v -1.915421 23.926230 -8.582123
v -3.638394 23.926230 -8.582123
v -3.638394 24.406230 -8.582123
v -1.915421 24.406230 -8.582123
v -1.915421 26.537008 -8.582123
v -3.638394 26.537008 -8.582123
v -3.638394 26.917008 -8.582123
v -1.915421 26.917008 -8.582123
v -1.915421 24.406230 -8.512123
v -3.638394 24.406230 -8.512123
v -3.638394 26.537008 -8.512123
v -1.915421 26.537008 -8.512123
v 5.598652 26.917008 -8.582123
v 5.263630 26.917008 -8.582123
v 5.263630 29.907787 -8.582123
v 5.598652 29.907787 -8.582123
v 3.540657 26.917008 -8.582123
v 3.205635 26.917008 -8.582123
v 3.205635 29.907787 -8.582123
v 3.540657 29.907787 -8.582123
v 5.263630 26.917008 -8.582123
v 3.540657 26.917008 -8.582123
v 3.540657 27.397008 -8.582123
v 5.263630 27.397008 -8.582123
v 5.263630 29.527787 -8.582123
v 3.540657 29.527787 -8.582123
v 3.540657 29.907787 -8.582123
v 5.263630 29.907787 -8.582123
v 5.263630 27.397008 -8.512123
v 3.540657 27.397008 -8.512123
v 3.540657 29.527787 -8.512123
v 5.263630 29.527787 -8.512123
v 3.205635 26.917008 -8.582123
v 2.870613 26.917008 -8.582123
v 2.870613 29.907787 -8.582123
v 3.205635 29.907787 -8.582123
v 1.147640 26.917008 -8.582123
v 0.812618 26.917008 -8.582123
v 0.812618 29.907787 -8.582123
v 1.147640 29.907787 -8.582123
v 2.870613 26.917008 -8.582123
v 1.147640 26.917008 -8.582123
v 1.147640 27.397008 -8.582123
v 2.870613 27.397008 -8.582123
v 2.870613 29.527787 -8.582123
v 1.147640 29.527787 -8.582123
v 1.147640 29.907787 -8.582123
v 2.870613 29.907787 -8.582123
v 2.870613 27.397008 -8.512123
v 1.147640 27.397008 -8.512123
v 1.147640 29.527787 -8.512123
v 2.870613 29.527787 -8.512123
v 0.812618 26.917008 -8.582123
v 0.477596 26.917008 -8.582123
v 0.477596 29.907787 -8.582123
v 0.812618 29.907787 -8.582123
v -1.245377 26.917008 -8.582123
v -1.580399 26.917008 -8.582123
v -1.580399 29.907787 -8.582123
v -1.245377 29.907787 -8.582123
v 0.477596 26.917008 -8.582123
v -1.245377 26.917008 -8.582123
v -1.245377 27.397008 -8.582123
v 0.477596 27.397008 -8.582123
v 0.477596 29.527787 -8.582123
v -1.245377 29.527787 -8.582123
v -1.245377 29.907787 -8.582123
v 0.477596 29.907787 -8.582123
v 0.477596 27.397008 -8.512123
v -1.245377 27.397008 -8.512123
v -1.245377 29.527787 -8.512123
v 0.477596 29.527787 -8.512123
v -1.580399 26.917008 -8.582123
v -1.915421 26.917008 -8.582123
v -1.915421 29.907787 -8.582123
v -1.580399 29.907787 -8.582123
v -3.638394 26.917008 -8.582123
v -3.973416 26.917008 -8.582123
v -3.973416 29.907787 -8.582123
v -3.638394 29.907787 -8.582123
v -1.915421 26.917008 -8.582123
v -3.638394 26.917008 -8.582123
v -3.638394 27.397008 -8.582123
v -1.915421 27.397008 -8.582123
v -1.915421 29.527787 -8.582123
v -3.638394 29.527787 -8.582123
v -3.638394 29.907787 -8.582123
v -1.915421 29.907787 -8.582123
v -1.915421 27.397008 -8.512123
v -3.638394 27.397008 -8.512123
v -3.638394 29.527787 -8.512123
v -1.915421 29.527787 -8.512123
v 5.598652 29.907787 -8.582123
v 5.263630 29.907787 -8.582123
v 5.263630 32.898566 -8.582123
v 5.598652 32.898566 -8.582123
v 3.540657 29.907787 -8.582123
v 3.205635 29.907787 -8.582123
v 3.205635 32.898566 -8.582123
v 3.540657 32.898566 -8.582123
v 5.263630 29.907787 -8.582123
v 3.540657 29.907787 -8.582123
v 3.540657 30.387787 -8.582123
v 5.263630 30.387787 -8.582123
v 5.263630 32.518566 -8.582123
v 3.540657 32.518566 -8.582123
v 3.540657 32.898566 -8.582123
v 5.263630 32.898566 -8.582123
v 5.263630 30.387787 -8.512123
v 3.540657 30.387787 -8.512123
v 3.540657 32.518566 -8.512123
v 5.263630 32.518566 -8.512123
v 3.205635 29.907787 -8.582123
v 2.870613 29.907787 -8.582123
v 2.870613 32.898566 -8.582123
v 3.205635 32.898566 -8.582123
v 1.147640 29.907787 -8.582123
v 0.812618 29.907787 -8.582123
v 0.812618 32.898566 -8.582123
v 1.147640 32.898566 -8.582123
v 2.870613 29.907787 -8.582123
v 1.147640 29.907787 -8.582123
v 1.147640 30.387787 -8.582123
v 2.870613 30.387787 -8.582123
v 2.870613 32.518566 -8.582123
v 1.147640 32.518566 -8.582123
v 1.147640 32.898566 -8.582123
v 2.870613 32.898566 -8.582123
v 2.870613 30.387787 -8.512123
v 1.147640 30.387787 -8.512123
v 1.147640 32.518566 -8.512123
v 2.870613 32.518566 -8.512123
v 0.812618 29.907787 -8.582123
v 0.477596 29.907787 -8.582123
v 0.477596 32.898566 -8.582123
v 0.812618 32.898566 -8.582123
v -1.245377 29.907787 -8.582123
v -1.580399 29.907787 -8.582123
v -1.580399 32.898566 -8.582123
v -1.245377 32.898566 -8.582123
v 0.477596 29.907787 -8.582123
v -1.245377 29.907787 -8.582123
v -1.245377 30.387787 -8.582123
v 0.477596 30.387787 -8.582123
v 0.477596 32.518566 -8.582123
v -1.245377 32.518566 -8.582123
v -1.245377 32.898566 -8.582123
v 0.477596 32.898566 -8.582123
v 0.477596 30.387787 -8.512123
v -1.245377 30.387787 -8.512123
v -1.245377 32.518566 -8.512123
v 0.477596 32.518566 -8.512123
v -1.580399 29.907787 -8.582123
v -1.915421 29.907787 -8.582123
v -1.915421 32.898566 -8.582123
v -1.580399 32.898566 -8.582123
v -3.638394 29.907787 -8.582123
v -3.973416 29.907787 -8.582123
v -3.973416 32.898566 -8.582123
v -3.638394 32.898566 -8.582123
v -1.915421 29.907787 -8.582123
v -3.638394 29.907787 -8.582123
v -3.638394 30.387787 -8.582123
v -1.915421 30.387787 -8.582123
v -1.915421 32.518566 -8.582123
v -3.638394 32.518566 -8.582123
v -3.638394 32.898566 -8.582123
v -1.915421 32.898566 -8.582123
v -1.915421 30.387787 -8.512123
v -3.638394 30.387787 -8.512123
v -3.638394 32.518566 -8.512123
v -1.915421 32.518566 -8.512123
v 5.598652 32.898566 -8.582123
v 5.263630 32.898566 -8.582123
v 5.263630 35.889344 -8.582123
v 5.598652 35.889344 -8.582123
v 3.540657 32.898566 -8.582123
v 3.205635 32.898566 -8.582123
v 3.205635 35.889344 -8.582123
v 3.540657 35.889344 -8.582123
v 5.263630 32.898566 -8.582123
v 3.540657 32.898566 -8.582123
v 3.540657 33.378566 -8.582123
v 5.263630 33.378566 -8.582123
v 5.263630 35.509344 -8.582123
v 3.540657 35.509344 -8.582123
v 3.540657 35.889344 -8.582123
v 5.263630 35.889344 -8.582123
v 5.263630 33.378566 -8.512123
v 3.540657 33.378566 -8.512123
v 3.540657 35.509344 -8.512123
v 5.263630 35.509344 -8.512123
v 3.205635 32.898566 -8.582123
v 2.870613 32.898566 -8.582123
v 2.870613 35.889344 -8.582123
v 3.205635 35.889344 -8.582123
v 1.147640 32.898566 -8.582123
v 0.812618 32.898566 -8.582123
v 0.812618 35.889344 -8.582123
v 1.147640 35.889344 -8.582123
v 2.870613 32.898566 -8.582123
v 1.147640 32.898566 -8.582123
v 1.147640 33.378566 -8.582123
v 2.870613 33.378566 -8.582123
v 2.870613 35.509344 -8.582123
v 1.147640 35.509344 -8.582123
v 1.147640 35.889344 -8.582123
v 2.870613 35.889344 -8.582123
v 2.870613 33.378566 -8.512123
v 1.147640 33.378566 -8.512123
v 1.147640 35.509344 -8.512123
v 2.870613 35.509344 -8.512123
v 0.812618 32.898566 -8.582123
v 0.477596 32.898566 -8.582123
v 0.477596 35.889344 -8.582123
v 0.812618 35.889344 -8.582123
v -1.245377 32.898566 -8.582123
v -1.580399 32.898566 -8.582123
v -1.580399 35.889344 -8.582123
v -1.245377 35.889344 -8.582123
v 0.477596 32.898566 -8.582123
v -1.245377 32.898566 -8.582123
v -1.245377 33.378566 -8.582123
v 0.477596 33.378566 -8.582123
v 0.477596 35.509344 -8.582123
v -1.245377 35.509344 -8.582123
v -1.245377 35.889344 -8.582123
v 0.477596 35.889344 -8.582123
v 0.477596 33.378566 -8.512123
v -1.245377 33.378566 -8.512123
v -1.245377 35.509344 -8.512123
v 0.477596 35.509344 -8.512123
v -1.580399 32.898566 -8.582123
v -1.915421 32.898566 -8.582123
v -1.915421 35.889344 -8.582123
v -1.580399 35.889344 -8.582123
v -3.638394 32.898566 -8.582123
v -3.973416 32.898566 -8.582123
v -3.973416 35.889344 -8.582123
v -3.638394 35.889344 -8.582123
v -1.915421 32.898566 -8.582123
v -3.638394 32.898566 -8.582123
v -3.638394 33.378566 -8.582123
v -1.915421 33.378566 -8.582123
v -1.915421 35.509344 -8.582123
v -3.638394 35.509344 -8.582123
v -3.638394 35.889344 -8.582123
v -1.915421 35.889344 -8.582123
v -1.915421 33.378566 -8.512123
v -3.638394 33.378566 -8.512123
v -3.638394 35.509344 -8.512123
v -1.915421 35.509344 -8.512123
v 5.598652 35.889344 -8.582123
v 5.263630 35.889344 -8.582123
v 5.263630 38.880123 -8.582123
v 5.598652 38.880123 -8.582123
v 3.540657 35.889344 -8.582123
v 3.205635 35.889344 -8.582123
v 3.205635 38.880123 -8.582123
v 3.540657 38.880123 -8.582123
v 5.263630 35.889344 -8.582123
v 3.540657 35.889344 -8.582123
v 3.540657 36.369344 -8.582123
v 5.263630 36.369344 -8.582123
v 5.263630 38.500123 -8.582123
v 3.540657 38.500123 -8.582123
v 3.540657 38.880123 -8.582123
v 5.263630 38.880123 -8.582123
v 5.263630 36.369344 -8.512123
v 3.540657 36.369344 -8.512123
v 3.540657 38.500123 -8.512123
v 5.263630 38.500123 -8.512123
v 3.205635 35.889344 -8.582123
v 2.870613 35.889344 -8.582123
v 2.870613 38.880123 -8.582123
v 3.205635 38.880123 -8.582123
v 1.147640 35.889344 -8.582123
v 0.812618 35.889344 -8.582123
v 0.812618 38.880123 -8.582123
v 1.147640 38.880123 -8.582123
v 2.870613 35.889344 -8.582123
v 1.147640 35.889344 -8.582123
v 1.147640 36.369344 -8.582123
v 2.870613 36.369344 -8.582123
v 2.870613 38.500123 -8.582123
v 1.147640 38.500123 -8.582123
v 1.147640 38.880123 -8.582123
v 2.870613 38.880123 -8.582123
v 2.870613 36.369344 -8.512123
v 1.147640 36.369344 -8.512123
v 1.147640 38.500123 -8.512123
v 2.870613 38.500123 -8.512123
v 0.812618 35.889344 -8.582123
v 0.477596 35.889344 -8.582123
v 0.477596 38.880123 -8.582123
v 0.812618 38.880123 -8.582123
v -1.245377 35.889344 -8.582123
v -1.580399 35.889344 -8.582123
v -1.580399 38.880123 -8.582123
v -1.245377 38.880123 -8.582123
v 0.477596 35.889344 -8.582123
v -1.245377 35.889344 -8.582123
v -1.245377 36.369344 -8.582123
v 0.477596 36.369344 -8.582123
v 0.477596 38.500123 -8.582123
v -1.245377 38.500123 -8.582123
v -1.245377 38.880123 -8.582123
v 0.477596 38.880123 -8.582123
v 0.477596 36.369344 -8.512123
v -1.245377 36.369344 -8.512123
v -1.245377 38.500123 -8.512123
v 0.477596 38.500123 -8.512123
v -1.580399 35.889344 -8.582123
v -1.915421 35.889344 -8.582123
v -1.915421 38.880123 -8.582123
v -1.580399 38.880123 -8.582123
v -3.638394 35.889344 -8.582123
v -3.973416 35.889344 -8.582123
v -3.973416 38.880123 -8.582123
v -3.638394 38.880123 -8.582123
v -1.915421 35.889344 -8.582123
v -3.638394 35.889344 -8.582123
v -3.638394 36.369344 -8.582123
v -1.915421 36.369344 -8.582123
v -1.915421 38.500123 -8.582123
v -3.638394 38.500123 -8.582123
v -3.638394 38.880123 -8.582123
v -1.915421 38.880123 -8.582123
v -1.915421 36.369344 -8.512123
v -3.638394 36.369344 -8.512123
v -3.638394 38.500123 -8.512123
v -1.915421 38.500123 -8.512123
v 5.598652 38.880123 -8.582123
v 5.263630 38.880123 -8.582123
v 5.263630 41.870902 -8.582123
v 5.598652 41.870902 -8.582123
v 3.540657 38.880123 -8.582123
v 3.205635 38.880123 -8.582123
v 3.205635 41.870902 -8.582123
v 3.540657 41.870902 -8.582123
v 5.263630 38.880123 -8.582123
v 3.540657 38.880123 -8.582123
v 3.540657 39.360123 -8.582123
v 5.263630 39.360123 -8.582123
v 5.263630 41.490902 -8.582123
v 3.540657 41.490902 -8.582123
v 3.540657 41.870902 -8.582123
v 5.263630 41.870902 -8.582123
v 5.263630 39.360123 -8.512123
v 3.540657 39.360123 -8.512123
v 3.540657 41.490902 -8.512123
v 5.263630 41.490902 -8.512123
v 3.205635 38.880123 -8.582123
v 2.870613 38.880123 -8.582123
v 2.870613 41.870902 -8.582123
v 3.205635 41.870902 -8.582123
v 1.147640 38.880123 -8.582123
v 0.812618 38.880123 -8.582123
v 0.812618 41.870902 -8.582123
v 1.147640 41.870902 -8.582123
v 2.870613 38.880123 -8.582123
v 1.147640 38.880123 -8.582123
v 1.147640 39.360123 -8.582123
v 2.870613 39.360123 -8.582123
v 2.870613 41.490902 -8.582123
v 1.147640 41.490902 -8.582123
v 1.147640 41.870902 -8.582123
v 2.870613 41.870902 -8.582123
v 2.870613 39.360123 -8.512123
v 1.147640 39.360123 -8.512123
v 1.147640 41.490902 -8.512123
v 2.870613 41.490902 -8.512123
v 0.812618 38.880123 -8.582123
v 0.477596 38.880123 -8.582123
v 0.477596 41.870902 -8.582123
v 0.812618 41.870902 -8.582123
v -1.245377 38.880123 -8.582123
v -1.580399 38.880123 -8.582123
v -1.580399 41.870902 -8.582123
v -1.245377 41.870902 -8.582123
v 0.477596 38.880123 -8.582123
v -1.245377 38.880123 -8.582123
v -1.245377 39.360123 -8.582123
v 0.477596 39.360123 -8.582123
v 0.477596 41.490902 -8.582123
v -1.245377 41.490902 -8.582123
v -1.245377 41.870902 -8.582123
v 0.477596 41.870902 -8.582123
v 0.477596 39.360123 -8.512123
v -1.245377 39.360123 -8.512123
v -1.245377 41.490902 -8.512123
v 0.477596 41.490902 -8.512123
v -1.580399 38.880123 -8.582123
v -1.915421 38.880123 -8.582123
v -1.915421 41.870902 -8.582123
v -1.580399 41.870902 -8.582123
v -3.638394 38.880123 -8.582123
v -3.973416 38.880123 -8.582123
v -3.973416 41.870902 -8.582123
v -3.638394 41.870902 -8.582123
v -1.915421 38.880123 -8.582123
v -3.638394 38.880123 -8.582123
v -3.638394 39.360123 -8.582123
v -1.915421 39.360123 -8.582123
v -1.915421 41.490902 -8.582123
v -3.638394 41.490902 -8.582123
v -3.638394 41.870902 -8.582123
v -1.915421 41.870902 -8.582123
v -1.915421 39.360123 -8.512123
v -3.638394 39.360123 -8.512123
v -3.638394 41.490902 -8.512123
v -1.915421 41.490902 -8.512123
v 5.598652 41.870902 -8.582123
v 5.263630 41.870902 -8.582123
v 5.263630 44.861680 -8.582123
v 5.598652 44.861680 -8.582123
v 3.540657 41.870902 -8.582123
v 3.205635 41.870902 -8.582123
v 3.205635 44.861680 -8.582123
v 3.540657 44.861680 -8.582123
v 5.263630 41.870902 -8.582123
v 3.540657 41.870902 -8.582123
v 3.540657 42.350902 -8.582123
v 5.263630 42.350902 -8.582123
v 5.263630 44.481680 -8.582123
v 3.540657 44.481680 -8.582123
v 3.540657 44.861680 -8.582123
v 5.263630 44.861680 -8.582123
v 5.263630 42.350902 -8.512123
v 3.540657 42.350902 -8.512123
v 3.540657 44.481680 -8.512123
v 5.263630 44.481680 -8.512123
v 3.205635 41.870902 -8.582123
v 2.870613 41.870902 -8.582123
v 2.870613 44.861680 -8.582123
v 3.205635 44.861680 -8.582123
v 1.147640 41.870902 -8.582123
v 0.812618 41.870902 -8.582123
v 0.812618 44.861680 -8.582123
v 1.147640 44.861680 -8.582123
v 2.870613 41.870902 -8.582123
v 1.147640 41.870902 -8.582123
v 1.147640 42.350902 -8.582123
v 2.870613 42.350902 -8.582123
v 2.870613 44.481680 -8.582123
v 1.147640 44.481680 -8.582123
v 1.147640 44.861680 -8.582123
v 2.870613 44.861680 -8.582123
v 2.870613 42.350902 -8.512123
v 1.147640 42.350902 -8.512123
v 1.147640 44.481680 -8.512123
v 2.870613 44.481680 -8.512123
v 0.812618 41.870902 -8.582123
v 0.477596 41.870902 -8.582123
v 0.477596 44.861680 -8.582123
v 0.812618 44.861680 -8.582123
v -1.245377 41.870902 -8.582123
v -1.580399 41.870902 -8.582123
v -1.580399 44.861680 -8.582123
v -1.245377 44.861680 -8.582123
v 0.477596 41.870902 -8.582123
v -1.245377 41.870902 -8.582123
v -1.245377 42.350902 -8.582123
v 0.477596 42.350902 -8.582123
v 0.477596 44.481680 -8.582123
v -1.245377 44.481680 -8.582123
v -1.245377 44.861680 -8.582123
v 0.477596 44.861680 -8.582123
v 0.477596 42.350902 -8.512123
v -1.245377 42.350902 -8.512123
v -1.245377 44.481680 -8.512123
v 0.477596 44.481680 -8.512123
v -1.580399 41.870902 -8.582123
v -1.915421 41.870902 -8.582123
v -1.915421 44.861680 -8.582123
v -1.580399 44.861680 -8.582123
v -3.638394 41.870902 -8.582123
v -3.973416 41.870902 -8.582123
v -3.973416 44.861680 -8.582123
v -3.638394 44.861680 -8.582123
v -1.915421 41.870902 -8.582123
v -3.638394 41.870902 -8.582123
v -3.638394 42.350902 -8.582123
v -1.915421 42.350902 -8.582123
v -1.915421 44.481680 -8.582123
v -3.638394 44.481680 -8.582123
v -3.638394 44.861680 -8.582123
v -1.915421 44.861680 -8.582123
v -1.915421 42.350902 -8.512123
v -3.638394 42.350902 -8.512123
v -3.638394 44.481680 -8.512123
v -1.915421 44.481680 -8.512123
v 5.598652 44.861680 -8.582123
v 5.263630 44.861680 -8.582123
v 5.263630 47.852459 -8.582123
v 5.598652 47.852459 -8.582123
v 3.540657 44.861680 -8.582123
v 3.205635 44.861680 -8.582123
v 3.205635 47.852459 -8.582123
v 3.540657 47.852459 -8.582123
v 5.263630 44.861680 -8.582123
v 3.540657 44.861680 -8.582123
v 3.540657 45.341680 -8.582123
v 5.263630 45.341680 -8.582123
v 5.263630 47.472459 -8.582123
v 3.540657 47.472459 -8.582123
v 3.540657 47.852459 -8.582123
v 5.263630 47.852459 -8.582123
v 5.263630 45.341680 -8.512123
v 3.540657 45.341680 -8.512123
v 3.540657 47.472459 -8.512123
v 5.263630 47.472459 -8.512123
v 3.205635 44.861680 -8.582123
v 2.870613 44.861680 -8.582123
v 2.870613 47.852459 -8.582123
v 3.205635 47.852459 -8.582123
v 1.147640 44.861680 -8.582123
v 0.812618 44.861680 -8.582123
v 0.812618 47.852459 -8.582123
v 1.147640 47.852459 -8.582123
v 2.870613 44.861680 -8.582123
v 1.147640 44.861680 -8.582123
v 1.147640 45.341680 -8.582123
v 2.870613 45.341680 -8.582123
v 2.870613 47.472459 -8.582123
v 1.147640 47.472459 -8.582123
v 1.147640 47.852459 -8.582123
v 2.870613 47.852459 -8.582123
v 2.870613 45.341680 -8.512123
v 1.147640 45.341680 -8.512123
v 1.147640 47.472459 -8.512123
v 2.870613 47.472459 -8.512123
v 0.812618 44.861680 -8.582123
v 0.477596 44.861680 -8.582123
v 0.477596 47.852459 -8.582123
v 0.812618 47.852459 -8.582123
v -1.245377 44.861680 -8.582123
v -1.580399 44.861680 -8.582123
v -1.580399 47.852459 -8.582123
v -1.245377 47.852459 -8.582123
v 0.477596 44.861680 -8.582123
v -1.245377 44.861680 -8.582123
v -1.245377 45.341680 -8.582123
v 0.477596 45.341680 -8.582123
v 0.477596 47.472459 -8.582123
v -1.245377 47.472459 -8.582123
v -1.245377 47.852459 -8.582123
v 0.477596 47.852459 -8.582123
v 0.477596 45.341680 -8.512123
v -1.245377 45.341680 -8.512123
v -1.245377 47.472459 -8.512123
v 0.477596 47.472459 -8.512123
v -1.580399 44.861680 -8.582123
v -1.915421 44.861680 -8.582123
v -1.915421 47.852459 -8.582123
v -1.580399 47.852459 -8.582123
v -3.638394 44.861680 -8.582123
v -3.973416 44.861680 -8.582123
v -3.973416 47.852459 -8.582123
v -3.638394 47.852459 -8.582123
v -1.915421 44.861680 -8.582123
v -3.638394 44.861680 -8.582123
v -3.638394 45.341680 -8.582123
v -1.915421 45.341680 -8.582123
v -1.915421 47.472459 -8.582123
v -3.638394 47.472459 -8.582123
v -3.638394 47.852459 -8.582123
v -1.915421 47.852459 -8.582123
v -1.915421 45.341680 -8.512123
v -3.638394 45.341680 -8.512123
v -3.638394 47.472459 -8.512123
v -1.915421 47.472459 -8.512123
v 5.598652 47.852459 -8.582123
v 5.263630 47.852459 -8.582123
v 5.263630 50.843238 -8.582123
v 5.598652 50.843238 -8.582123
v 3.540657 47.852459 -8.582123
v 3.205635 47.852459 -8.582123
v 3.205635 50.843238 -8.582123
v 3.540657 50.843238 -8.582123
v 5.263630 47.852459 -8.582123
v 3.540657 47.852459 -8.582123
v 3.540657 48.332459 -8.582123
v 5.263630 48.332459 -8.582123
v 5.263630 50.463238 -8.582123
v 3.540657 50.463238 -8.582123
v 3.540657 50.843238 -8.582123
v 5.263630 50.843238 -8.582123
v 5.263630 48.332459 -8.512123
v 3.540657 48.332459 -8.512123
v 3.540657 50.463238 -8.512123
v 5.263630 50.463238 -8.512123
v 3.205635 47.852459 -8.582123
v 2.870613 47.852459 -8.582123
v 2.870613 50.843238 -8.582123
v 3.205635 50.843238 -8.582123
v 1.147640 47.852459 -8.582123
v 0.812618 47.852459 -8.582123
v 0.812618 50.843238 -8.582123
v 1.147640 50.843238 -8.582123
v 2.870613 47.852459 -8.582123
v 1.147640 47.852459 -8.582123
v 1.147640 48.332459 -8.582123
v 2.870613 48.332459 -8.582123
v 2.870613 50.463238 -8.582123
v 1.147640 50.463238 -8.582123
v 1.147640 50.843238 -8.582123
v 2.870613 50.843238 -8.582123
v 2.870613 48.332459 -8.512123
v 1.147640 48.332459 -8.512123
v 1.147640 50.463238 -8.512123
v 2.870613 50.463238 -8.512123
v 0.812618 47.852459 -8.582123
v 0.477596 47.852459 -8.582123
v 0.477596 50.843238 -8.582123
v 0.812618 50.843238 -8.582123
v -1.245377 47.852459 -8.582123
v -1.580399 47.852459 -8.582123
v -1.580399 50.843238 -8.582123
v -1.245377 50.843238 -8.582123
v 0.477596 47.852459 -8.582123
v -1.245377 47.852459 -8.582123
v -1.245377 48.332459 -8.582123
v 0.477596 48.332459 -8.582123
v 0.477596 50.463238 -8.582123
v -1.245377 50.463238 -8.582123
v -1.245377 50.843238 -8.582123
v 0.477596 50.843238 -8.582123
v 0.477596 48.332459 -8.512123
v -1.245377 48.332459 -8.512123
v -1.245377 50.463238 -8.512123
v 0.477596 50.463238 -8.512123
v -1.580399 47.852459 -8.582123
v -1.915421 47.852459 -8.582123
v -1.915421 50.843238 -8.582123
v -1.580399 50.843238 -8.582123
v -3.638394 47.852459 -8.582123
v -3.973416 47.852459 -8.582123
v -3.973416 50.843238 -8.582123
v -3.638394 50.843238 -8.582123
v -1.915421 47.852459 -8.582123
v -3.638394 47.852459 -8.582123
v -3.638394 48.332459 -8.582123
v -1.915421 48.332459 -8.582123
v -1.915421 50.463238 -8.582123
v -3.638394 50.463238 -8.582123
v -3.638394 50.843238 -8.582123
v -1.915421 50.843238 -8.582123
v -1.915421 48.332459 -8.512123
v -3.638394 48.332459 -8.512123
v -3.638394 50.463238 -8.512123
v -1.915421 50.463238 -8.512123
v 5.598652 50.843238 -8.582123
v 5.263630 50.843238 -8.582123
v 5.263630 53.834017 -8.582123
v 5.598652 53.834017 -8.582123
v 3.540657 50.843238 -8.582123
v 3.205635 50.843238 -8.582123
v 3.205635 53.834017 -8.582123
v 3.540657 53.834017 -8.582123
v 5.263630 50.843238 -8.582123
v 3.540657 50.843238 -8.582123
v 3.540657 51.323238 -8.582123
v 5.263630 51.323238 -8.582123
v 5.263630 53.454017 -8.582123
v 3.540657 53.454017 -8.582123
v 3.540657 53.834017 -8.582123
v 5.263630 53.834017 -8.582123
v 5.263630 51.323238 -8.512123
v 3.540657 51.323238 -8.512123
v 3.540657 53.454017 -8.512123
v 5.263630 53.454017 -8.512123
v 3.205635 50.843238 -8.582123
v 2.870613 50.843238 -8.582123
v 2.870613 53.834017 -8.582123
v 3.205635 53.834017 -8.582123
v 1.147640 50.843238 -8.582123
v 0.812618 50.843238 -8.582123
v 0.812618 53.834017 -8.582123
v 1.147640 53.834017 -8.582123
v 2.870613 50.843238 -8.582123
v 1.147640 50.843238 -8.582123
v 1.147640 51.323238 -8.582123
v 2.870613 51.323238 -8.582123
v 2.870613 53.454017 -8.582123
v 1.147640 53.454017 -8.582123
v 1.147640 53.834017 -8.582123
v 2.870613 53.834017 -8.582123
v 2.870613 51.323238 -8.512123
v 1.147640 51.323238 -8.512123
v 1.147640 53.454017 -8.512123
v 2.870613 53.454017 -8.512123
v 0.812618 50.843238 -8.582123
v 0.477596 50.843238 -8.582123
v 0.477596 53.834017 -8.582123
v 0.812618 53.834017 -8.582123
v -1.245377 50.843238 -8.582123
v -1.580399 50.843238 -8.582123
v -1.580399 53.834017 -8.582123
v -1.245377 53.834017 -8.582123
v 0.477596 50.843238 -8.582123
v -1.245377 50.843238 -8.582123
v -1.245377 51.323238 -8.582123
v 0.477596 51.323238 -8.582123
v 0.477596 53.454017 -8.582123
v -1.245377 53.454017 -8.582123
v -1.245377 53.834017 -8.582123
v 0.477596 53.834017 -8.582123
v 0.477596 51.323238 -8.512123
v -1.245377 51.323238 -8.512123
v -1.245377 53.454017 -8.512123
v 0.477596 53.454017 -8.512123
v -1.580399 50.843238 -8.582123
v -1.915421 50.843238 -8.582123
v -1.915421 53.834017 -8.582123
v -1.580399 53.834017 -8.582123
v -3.638394 50.843238 -8.582123
v -3.973416 50.843238 -8.582123
v -3.973416 53.834017 -8.582123
v -3.638394 53.834017 -8.582123
v -1.915421 50.843238 -8.582123
v -3.638394 50.843238 -8.582123
v -3.638394 51.323238 -8.582123
v -1.915421 51.323238 -8.582123
v -1.915421 53.454017 -8.582123
v -3.638394 53.454017 -8.582123
v -3.638394 53.834017 -8.582123
v -1.915421 53.834017 -8.582123
v -1.915421 51.323238 -8.512123
v -3.638394 51.323238 -8.512123
v -3.638394 53.454017 -8.512123
v -1.915421 53.454017 -8.512123
v 5.598652 53.834017 -8.582123
v 5.263630 53.834017 -8.582123
v 5.263630 56.824795 -8.582123
v 5.598652 56.824795 -8.582123
v 3.540657 53.834017 -8.582123
v 3.205635 53.834017 -8.582123
v 3.205635 56.824795 -8.582123
v 3.540657 56.824795 -8.582123
v 5.263630 53.834017 -8.582123
v 3.540657 53.834017 -8.582123
v 3.540657 54.314017 -8.582123
v 5.263630 54.314017 -8.582123
v 5.263630 56.444795 -8.582123
v 3.540657 56.444795 -8.582123
v 3.540657 56.824795 -8.582123
v 5.263630 56.824795 -8.582123
v 5.263630 54.314017 -8.512123
v 3.540657 54.314017 -8.512123
v 3.540657 56.444795 -8.512123
v 5.263630 56.444795 -8.512123
v 3.205635 53.834017 -8.582123
v 2.870613 53.834017 -8.582123
v 2.870613 56.824795 -8.582123
v 3.205635 56.824795 -8.582123
v 1.147640 53.834017 -8.582123
v 0.812618 53.834017 -8.582123
v 0.812618 56.824795 -8.582123
v 1.147640 56.824795 -8.582123
v 2.870613 53.834017 -8.582123
v 1.147640 53.834017 -8.582123
v 1.147640 54.314017 -8.582123
v 2.870613 54.314017 -8.582123
v 2.870613 56.444795 -8.582123
v 1.147640 56.444795 -8.582123
v 1.147640 56.824795 -8.582123
v 2.870613 56.824795 -8.582123
v 2.870613 54.314017 -8.512123
v 1.147640 54.314017 -8.512123
v 1.147640 56.444795 -8.512123
v 2.870613 56.444795 -8.512123
v 0.812618 53.834017 -8.582123
v 0.477596 53.834017 -8.582123
v 0.477596 56.824795 -8.582123
v 0.812618 56.824795 -8.582123
v -1.245377 53.834017 -8.582123
v -1.580399 53.834017 -8.582123
v -1.580399 56.824795 -8.582123
v -1.245377 56.824795 -8.582123
v 0.477596 53.834017 -8.582123
v -1.245377 53.834017 -8.582123
v -1.245377 54.314017 -8.582123
v 0.477596 54.314017 -8.582123
v 0.477596 56.444795 -8.582123
v -1.245377 56.444795 -8.582123
v -1.245377 56.824795 -8.582123
v 0.477596 56.824795 -8.582123
v 0.477596 54.314017 -8.512123
v -1.245377 54.314017 -8.512123
v -1.245377 56.444795 -8.512123
v 0.477596 56.444795 -8.512123
v -1.580399 53.834017 -8.582123
v -1.915421 53.834017 -8.582123
v -1.915421 56.824795 -8.582123
v -1.580399 56.824795 -8.582123
v -3.638394 53.834017 -8.582123
v -3.973416 53.834017 -8.582123
v -3.973416 56.824795 -8.582123
v -3.638394 56.824795 -8.582123
v -1.915421 53.834017 -8.582123
v -3.638394 53.834017 -8.582123
v -3.638394 54.314017 -8.582123
v -1.915421 54.314017 -8.582123
v -1.915421 56.444795 -8.582123
v -3.638394 56.444795 -8.582123
v -3.638394 56.824795 -8.582123
v -1.915421 56.824795 -8.582123
v -1.915421 54.314017 -8.512123
v -3.638394 54.314017 -8.512123
v -3.638394 56.444795 -8.512123
v -1.915421 56.444795 -8.512123
v 5.598652 56.824795 -8.582123
v 5.263630 56.824795 -8.582123
v 5.263630 59.815574 -8.582123
v 5.598652 59.815574 -8.582123
v 3.540657 56.824795 -8.582123
v 3.205635 56.824795 -8.582123
v 3.205635 59.815574 -8.582123
v 3.540657 59.815574 -8.582123
v 5.263630 56.824795 -8.582123
v 3.540657 56.824795 -8.582123
v 3.540657 57.304795 -8.582123
v 5.263630 57.304795 -8.582123
v 5.263630 59.435574 -8.582123
v 3.540657 59.435574 -8.582123
v 3.540657 59.815574 -8.582123
v 5.263630 59.815574 -8.582123
v 5.263630 57.304795 -8.512123
v 3.540657 57.304795 -8.512123
v 3.540657 59.435574 -8.512123
v 5.263630 59.435574 -8.512123
v 3.205635 56.824795 -8.582123
v 2.870613 56.824795 -8.582123
v 2.870613 59.815574 -8.582123
v 3.205635 59.815574 -8.582123
v 1.147640 56.824795 -8.582123
v 0.812618 56.824795 -8.582123
v 0.812618 59.815574 -8.582123
v 1.147640 59.815574 -8.582123
v 2.870613 56.824795 -8.582123
v 1.147640 56.824795 -8.582123
v 1.147640 57.304795 -8.582123
v 2.870613 57.304795 -8.582123
v 2.870613 59.435574 -8.582123
v 1.147640 59.435574 -8.582123
v 1.147640 59.815574 -8.582123
v 2.870613 59.815574 -8.582123
v 2.870613 57.304795 -8.512123
v 1.147640 57.304795 -8.512123
v 1.147640 59.435574 -8.512123
v 2.870613 59.435574 -8.512123
v 0.812618 56.824795 -8.582123
v 0.477596 56.824795 -8.582123
v 0.477596 59.815574 -8.582123
v 0.812618 59.815574 -8.582123
v -1.245377 56.824795 -8.582123
v -1.580399 56.824795 -8.582123
v -1.580399 59.815574 -8.582123
v -1.245377 59.815574 -8.582123
v 0.477596 56.824795 -8.582123
v -1.245377 56.824795 -8.582123
v -1.245377 57.304795 -8.582123
v 0.477596 57.304795 -8.582123
v 0.477596 59.435574 -8.582123
v -1.245377 59.435574 -8.582123
v -1.245377 59.815574 -8.582123
v 0.477596 59.815574 -8.582123
v 0.477596 57.304795 -8.512123
v -1.245377 57.304795 -8.512123
v -1.245377 59.435574 -8.512123
v 0.477596 59.435574 -8.512123
v -1.580399 56.824795 -8.582123
v -1.915421 56.824795 -8.582123
v -1.915421 59.815574 -8.582123
v -1.580399 59.815574 -8.582123
v -3.638394 56.824795 -8.582123
v -3.973416 56.824795 -8.582123
v -3.973416 59.815574 -8.582123
v -3.638394 59.815574 -8.582123
v -1.915421 56.824795 -8.582123
v -3.638394 56.824795 -8.582123
v -3.638394 57.304795 -8.582123
v -1.915421 57.304795 -8.582123
v -1.915421 59.435574 -8.582123
v -3.638394 59.435574 -8.582123
v -3.638394 59.815574 -8.582123
v -1.915421 59.815574 -8.582123
v -1.915421 57.304795 -8.512123
v -3.638394 57.304795 -8.512123
v -3.638394 59.435574 -8.512123
v -1.915421 59.435574 -8.512123
v 5.598652 59.815574 -8.582123
v 5.263630 59.815574 -8.582123
v 5.263630 62.806353 -8.582123
v 5.598652 62.806353 -8.582123
v 3.540657 59.815574 -8.582123
v 3.205635 59.815574 -8.582123
v 3.205635 62.806353 -8.582123
v 3.540657 62.806353 -8.582123
v 5.263630 59.815574 -8.582123
v 3.540657 59.815574 -8.582123
v 3.540657 60.295574 -8.582123
v 5.263630 60.295574 -8.582123
v 5.263630 62.426353 -8.582123
v 3.540657 62.426353 -8.582123
v 3.540657 62.806353 -8.582123
v 5.263630 62.806353 -8.582123
v 5.263630 60.295574 -8.512123
v 3.540657 60.295574 -8.512123
v 3.540657 62.426353 -8.512123
v 5.263630 62.426353 -8.512123
v 3.205635 59.815574 -8.582123
v 2.870613 59.815574 -8.582123
v 2.870613 62.806353 -8.582123
v 3.205635 62.806353 -8.582123
v 1.147640 59.815574 -8.582123
v 0.812618 59.815574 -8.582123
v 0.812618 62.806353 -8.582123
v 1.147640 62.806353 -8.582123
v 2.870613 59.815574 -8.582123
v 1.147640 59.815574 -8.582123
v 1.147640 60.295574 -8.582123
v 2.870613 60.295574 -8.582123
v 2.870613 62.426353 -8.582123
v 1.147640 62.426353 -8.582123
v 1.147640 62.806353 -8.582123
v 2.870613 62.806353 -8.582123
v 2.870613 60.295574 -8.512123
v 1.147640 60.295574 -8.512123
v 1.147640 62.426353 -8.512123
v 2.870613 62.426353 -8.512123
v 0.812618 59.815574 -8.582123
v 0.477596 59.815574 -8.582123
v 0.477596 62.806353 -8.582123
v 0.812618 62.806353 -8.582123
v -1.245377 59.815574 -8.582123
v -1.580399 59.815574 -8.582123
v -1.580399 62.806353 -8.582123
v -1.245377 62.806353 -8.582123
v 0.477596 59.815574 -8.582123
v -1.245377 59.815574 -8.582123
v -1.245377 60.295574 -8.582123
v 0.477596 60.295574 -8.582123
v 0.477596 62.426353 -8.582123
v -1.245377 62.426353 -8.582123
v -1.245377 62.806353 -8.582123
v 0.477596 62.806353 -8.582123
v 0.477596 60.295574 -8.512123
v -1.245377 60.295574 -8.512123
v -1.245377 62.426353 -8.512123
v 0.477596 62.426353 -8.512123
v -1.580399 59.815574 -8.582123
v -1.915421 59.815574 -8.582123
v -1.915421 62.806353 -8.582123
v -1.580399 62.806353 -8.582123
v -3.638394 59.815574 -8.582123
v -3.973416 59.815574 -8.582123
v -3.973416 62.806353 -8.582123
v -3.638394 62.806353 -8.582123
v -1.915421 59.815574 -8.582123
v -3.638394 59.815574 -8.582123
v -3.638394 60.295574 -8.582123
v -1.915421 60.295574 -8.582123
v -1.915421 62.426353 -8.582123
v -3.638394 62.426353 -8.582123
v -3.638394 62.806353 -8.582123
v -1.915421 62.806353 -8.582123
v -1.915421 60.295574 -8.512123
v -3.638394 60.295574 -8.512123
v -3.638394 62.426353 -8.512123
v -1.915421 62.426353 -8.512123
v 5.598652 11.963115 7.585507
v 5.598652 11.963115 7.208262
v 5.598652 14.953893 7.208262
v 5.598652 14.953893 7.585507
v 5.598652 11.963115 5.268147
v 5.598652 11.963115 4.890902
v 5.598652 14.953893 4.890902
v 5.598652 14.953893 5.268147
v 5.598652 11.963115 7.208262
v 5.598652 11.963115 5.268147
v 5.598652 12.443115 5.268147
v 5.598652 12.443115 7.208262
v 5.598652 14.573893 7.208262
v 5.598652 14.573893 5.268147
v 5.598652 14.953893 5.268147
v 5.598652 14.953893 7.208262
v 5.528652 12.443115 7.208262
v 5.528652 12.443115 5.268147
v 5.528652 14.573893 5.268147
v 5.528652 14.573893 7.208262
v 5.598652 11.963115 4.890902
v 5.598652 11.963115 4.513657
v 5.598652 14.953893 4.513657
v 5.598652 14.953893 4.890902
v 5.598652 11.963115 2.573542
v 5.598652 11.963115 2.196297
v 5.598652 14.953893 2.196297
v 5.598652 14.953893 2.573542
v 5.598652 11.963115 4.513657
v 5.598652 11.963115 2.573542
v 5.598652 12.443115 2.573542
v 5.598652 12.443115 4.513657
v 5.598652 14.573893 4.513657
v 5.598652 14.573893 2.573542
v 5.598652 14.953893 2.573542
v 5.598652 14.953893 4.513657
v 5.528652 12.443115 4.513657
v 5.528652 12.443115 2.573542
v 5.528652 14.573893 2.573542
v 5.528652 14.573893 4.513657
v 5.598652 11.963115 2.196297
v 5.598652 11.963115 1.819052
v 5.598652 14.953893 1.819052
v 5.598652 14.953893 2.196297
v 5.598652 11.963115 -0.121063
v 5.598652 11.963115 -0.498308
v 5.598652 14.953893 -0.498308
v 5.598652 14.953893 -0.121063
v 5.598652 11.963115 1.819052
v 5.598652 11.963115 -0.121063
v 5.598652 12.443115 -0.121063
v 5.598652 12.443115 1.819052
v 5.598652 14.573893 1.819052
v 5.598652 14.573893 -0.121063
v 5.598652 14.953893 -0.121063
v 5.598652 14.953893 1.819052
v 5.528652 12.443115 1.819052
v 5.528652 12.443115 -0.121063
v 5.528652 14.573893 -0.121063
v 5.528652 14.573893 1.819052
v 5.598652 11.963115 -0.498308
v 5.598652 11.963115 -0.875553
v 5.598652 14.953893 -0.875553
v 5.598652 14.953893 -0.498308
v 5.598652 11.963115 -2.815669
v 5.598652 11.963115 -3.192913
v 5.598652 14.953893 -3.192913
v 5.598652 14.953893 -2.815669
v 5.598652 11.963115 -0.875553
v 5.598652 11.963115 -2.815669
v 5.598652 12.443115 -2.815669
v 5.598652 12.443115 -0.875553
v 5.598652 14.573893 -0.875553
v 5.598652 14.573893 -2.815669
v 5.598652 14.953893 -2.815669
v 5.598652 14.953893 -0.875553
v 5.528652 12.443115 -0.875553
v 5.528652 12.443115 -2.815669
v 5.528652 14.573893 -2.815669
v 5.528652 14.573893 -0.875553
v 5.598652 11.963115 -3.192913
v 5.598652 11.963115 -3.570158
v 5.598652 14.953893 -3.570158
v 5.598652 14.953893 -3.192913
v 5.598652 11.963115 -5.510274
v 5.598652 11.963115 -5.887518
v 5.598652 14.953893 -5.887518
v 5.598652 14.953893 -5.510274
v 5.598652 11.963115 -3.570158
v 5.598652 11.963115 -5.510274
v 5.598652 12.443115 -5.510274
v 5.598652 12.443115 -3.570158
v 5.598652 14.573893 -3.570158
v 5.598652 14.573893 -5.510274
v 5.598652 14.953893 -5.510274
v 5.598652 14.953893 -3.570158
v 5.528652 12.443115 -3.570158
v 5.528652 12.443115 -5.510274
v 5.528652 14.573893 -5.510274
v 5.528652 14.573893 -3.570158
v 5.598652 11.963115 -5.887518
v 5.598652 11.963115 -6.264763
v 5.598652 14.953893 -6.264763
v 5.598652 14.953893 -5.887518
v 5.598652 11.963115 -8.204879
v 5.598652 11.963115 -8.582123
v 5.598652 14.953893 -8.582123
v 5.598652 14.953893 -8.204879
v 5.598652 11.963115 -6.264763
v 5.598652 11.963115 -8.204879
v 5.598652 12.443115 -8.204879
v 5.598652 12.443115 -6.264763
v 5.598652 14.573893 -6.264763
v 5.598652 14.573893 -8.204879
v 5.598652 14.953893 -8.204879
v 5.598652 14.953893 -6.264763
v 5.528652 12.443115 -6.264763
v 5.528652 12.443115 -8.204879
v 5.528652 14.573893 -8.204879
v 5.528652 14.573893 -6.264763
v 5.598652 14.953893 7.585507
v 5.598652 14.953893 7.208262
v 5.598652 17.944672 7.208262
v 5.598652 17.944672 7.585507
v 5.598652 14.953893 5.268147
v 5.598652 14.953893 4.890902
v 5.598652 17.944672 4.890902
v 5.598652 17.944672 5.268147
v 5.598652 14.953893 7.208262
v 5.598652 14.953893 5.268147
v 5.598652 15.433893 5.268147
v 5.598652 15.433893 7.208262
v 5.598652 17.564672 7.208262
v 5.598652 17.564672 5.268147
v 5.598652 17.944672 5.268147
v 5.598652 17.944672 7.208262
v 5.528652 15.433893 7.208262
v 5.528652 15.433893 5.268147
v 5.528652 17.564672 5.268147
v 5.528652 17.564672 7.208262
v 5.598652 14.953893 4.890902
v 5.598652 14.953893 4.513657
v 5.598652 17.944672 4.513657
v 5.598652 17.944672 4.890902
v 5.598652 14.953893 2.573542
v 5.598652 14.953893 2.196297
v 5.598652 17.944672 2.196297
v 5.598652 17.944672 2.573542
v 5.598652 14.953893 4.513657
v 5.598652 14.953893 2.573542
v 5.598652 15.433893 2.573542
v 5.598652 15.433893 4.513657
v 5.598652 17.564672 4.513657
v 5.598652 17.564672 2.573542
v 5.598652 17.944672 2.573542
v 5.598652 17.944672 4.513657
v 5.528652 15.433893 4.513657
v 5.528652 15.433893 2.573542
v 5.528652 17.564672 2.573542
v 5.528652 17.564672 4.513657
v 5.598652 14.953893 2.196297
v 5.598652 14.953893 1.819052
v 5.598652 17.944672 1.819052
v 5.598652 17.944672 2.196297
v 5.598652 14.953893 -0.121063
v 5.598652 14.953893 -0.498308
v 5.598652 17.944672 -0.498308
v 5.598652 17.944672 -0.121063
v 5.598652 14.953893 1.819052
v 5.598652 14.953893 -0.121063
v 5.598652 15.433893 -0.121063
v 5.598652 15.433893 1.819052
v 5.598652 17.564672 1.819052
v 5.598652 17.564672 -0.121063
v 5.598652 17.944672 -0.121063
v 5.598652 17.944672 1.819052
v 5.528652 15.433893 1.819052
v 5.528652 15.433893 -0.121063
v 5.528652 17.564672 -0.121063
v 5.528652 17.564672 1.819052
v 5.598652 14.953893 -0.498308
v 5.598652 14.953893 -0.875553
v 5.598652 17.944672 -0.875553
v 5.598652 17.944672 -0.498308
v 5.598652 14.953893 -2.815669
v 5.598652 14.953893 -3.192913
v 5.598652 17.944672 -3.192913
v 5.598652 17.944672 -2.815669
v 5.598652 14.953893 -0.875553
v 5.598652 14.953893 -2.815669
v 5.598652 15.433893 -2.815669
v 5.598652 15.433893 -0.875553
v 5.598652 17.564672 -0.875553
v 5.598652 17.564672 -2.815669
v 5.598652 17.944672 -2.815669
v 5.598652 17.944672 -0.875553
v 5.528652 15.433893 -0.875553
v 5.528652 15.433893 -2.815669
v 5.528652 17.564672 -2.815669
v 5.528652 17.564672 -0.875553
v 5.598652 14.953893 -3.192913
v 5.598652 14.953893 -3.570158
v 5.598652 17.944672 -3.570158
v 5.598652 17.944672 -3.192913
v 5.598652 14.953893 -5.510274
v 5.598652 14.953893 -5.887518
v 5.598652 17.944672 -5.887518
v 5.598652 17.944672 -5.510274
v 5.598652 14.953893 -3.570158
v 5.598652 14.953893 -5.510274
v 5.598652 15.433893 -5.510274
v 5.598652 15.433893 -3.570158
v 5.598652 17.564672 -3.570158
v 5.598652 17.564672 -5.510274
v 5.598652 17.944672 -5.510274
v 5.598652 17.944672 -3.570158
v 5.528652 15.433893 -3.570158
v 5.528652 15.433893 -5.510274
v 5.528652 17.564672 -5.510274
v 5.528652 17.564672 -3.570158
v 5.598652 14.953893 -5.887518
v 5.598652 14.953893 -6.264763
v 5.598652 17.944672 -6.264763
v 5.598652 17.944672 -5.887518
v 5.598652 14.953893 -8.204879
v 5.598652 14.953893 -8.582123
v 5.598652 17.944672 -8.582123
v 5.598652 17.944672 -8.204879
v 5.598652 14.953893 -6.264763
v 5.598652 14.953893 -8.204879
v 5.598652 15.433893 -8.204879
v 5.598652 15.433893 -6.264763
v 5.598652 17.564672 -6.264763
v 5.598652 17.564672 -8.204879
v 5.598652 17.944672 -8.204879
v 5.598652 17.944672 -6.264763
v 5.528652 15.433893 -6.264763
v 5.528652 15.433893 -8.204879
v 5.528652 17.564672 -8.204879
v 5.528652 17.564672 -6.264763
v 5.598652 17.944672 7.585507
v 5.598652 17.944672 7.208262
v 5.598652 20.935451 7.208262
v 5.598652 20.935451 7.585507
v 5.598652 17.944672 5.268147
v 5.598652 17.944672 4.890902
v 5.598652 20.935451 4.890902
v 5.598652 20.935451 5.268147
v 5.598652 17.944672 7.208262
v 5.598652 17.944672 5.268147
v 5.598652 18.424672 5.268147
v 5.598652 18.424672 7.208262
v 5.598652 20.555451 7.208262
v 5.598652 20.555451 5.268147
v 5.598652 20.935451 5.268147
v 5.598652 20.935451 7.208262
v 5.528652 18.424672 7.208262
v 5.528652 18.424672 5.268147
v 5.528652 20.555451 5.268147
v 5.528652 20.555451 7.208262
v 5.598652 17.944672 4.890902
v 5.598652 17.944672 4.513657
v 5.598652 20.935451 4.513657
v 5.598652 20.935451 4.890902
v 5.598652 17.944672 2.573542
v 5.598652 17.944672 2.196297
v 5.598652 20.935451 2.196297
v 5.598652 20.935451 2.573542
v 5.598652 17.944672 4.513657
v 5.598652 17.944672 2.573542
v 5.598652 18.424672 2.573542
v 5.598652 18.424672 4.513657
v 5.598652 20.555451 4.513657
v 5.598652 20.555451 2.573542
v 5.598652 20.935451 2.573542
v 5.598652 20.935451 4.513657
v 5.528652 18.424672 4.513657
v 5.528652 18.424672 2.573542
v 5.528652 20.555451 2.573542
v 5.528652 20.555451 4.513657
v 5.598652 17.944672 2.196297
v 5.598652 17.944672 1.819052
v 5.598652 20.935451 1.819052
v 5.598652 20.935451 2.196297
v 5.598652 17.944672 -0.121063
v 5.598652 17.944672 -0.498308
v 5.598652 20.935451 -0.498308
v 5.598652 20.935451 -0.121063
v 5.598652 17.944672 1.819052
v 5.598652 17.944672 -0.121063
v 5.598652 18.424672 -0.121063
v 5.598652 18.424672 1.819052
v 5.598652 20.555451 1.819052
v 5.598652 20.555451 -0.121063
v 5.598652 20.935451 -0.121063
v 5.598652 20.935451 1.819052
v 5.528652 18.424672 1.819052
v 5.528652 18.424672 -0.121063
v 5.528652 20.555451 -0.121063
v 5.528652 20.555451 1.819052
v 5.598652 17.944672 -0.498308
v 5.598652 17.944672 -0.875553
v 5.598652 20.935451 -0.875553
v 5.598652 20.935451 -0.498308
v 5.598652 17.944672 -2.815669
v 5.598652 17.944672 -3.192913
v 5.598652 20.935451 -3.192913
v 5.598652 20.935451 -2.815669
v 5.598652 17.944672 -0.875553
v 5.598652 17.944672 -2.815669
v 5.598652 18.424672 -2.815669
v 5.598652 18.424672 -0.875553
v 5.598652 20.555451 -0.875553
v 5.598652 20.555451 -2.815669
v 5.598652 20.935451 -2.815669
v 5.598652 20.935451 -0.875553
v 5.528652 18.424672 -0.875553
v 5.528652 18.424672 -2.815669
v 5.528652 20.555451 -2.815669
v 5.528652 20.555451 -0.875553
v 5.598652 17.944672 -3.192913
v 5.598652 17.944672 -3.570158
v 5.598652 20.935451 -3.570158
v 5.598652 20.935451 -3.192913
v 5.598652 17.944672 -5.510274
v 5.598652 17.944672 -5.887518
v 5.598652 20.935451 -5.887518
v 5.598652 20.935451 -5.510274
v 5.598652 17.944672 -3.570158
v 5.598652 17.944672 -5.510274
v 5.598652 18.424672 -5.510274
v 5.598652 18.424672 -3.570158
v 5.598652 20.555451 -3.570158
v 5.598652 20.555451 -5.510274
v 5.598652 20.935451 -5.510274
v 5.598652 20.935451 -3.570158
v 5.528652 18.424672 -3.570158
v 5.528652 18.424672 -5.510274
v 5.528652 20.555451 -5.510274
v 5.528652 20.555451 -3.570158
v 5.598652 17.944672 -5.887518
v 5.598652 17.944672 -6.264763
v 5.598652 20.935451 -6.264763
v 5.598652 20.935451 -5.887518
v 5.598652 17.944672 -8.204879
v 5.598652 17.944672 -8.582123
v 5.598652 20.935451 -8.582123
v 5.598652 20.935451 -8.204879
v 5.598652 17.944672 -6.264763
v 5.598652 17.944672 -8.204879
v 5.598652 18.424672 -8.204879
v 5.598652 18.424672 -6.264763
v 5.598652 20.555451 -6.264763
v 5.598652 20.555451 -8.204879
v 5.598652 20.935451 -8.204879
v 5.598652 20.935451 -6.264763
v 5.528652 18.424672 -6.264763
v 5.528652 18.424672 -8.204879
v 5.528652 20.555451 -8.204879
v 5.528652 20.555451 -6.264763
v 5.598652 20.935451 7.585507
v 5.598652 20.935451 7.208262
v 5.598652 23.926230 7.208262
v 5.598652 23.926230 7.585507
v 5.598652 20.935451 5.268147
v 5.598652 20.935451 4.890902
v 5.598652 23.926230 4.890902
v 5.598652 23.926230 5.268147
v 5.598652 20.935451 7.208262
v 5.598652 20.935451 5.268147
v 5.598652 21.415451 5.268147
v 5.598652 21.415451 7.208262
v 5.598652 23.546230 7.208262
v 5.598652 23.546230 5.268147
v 5.598652 23.926230 5.268147
v 5.598652 23.926230 7.208262
v 5.528652 21.415451 7.208262
v 5.528652 21.415451 5.268147
v 5.528652 23.546230 5.268147
v 5.528652 23.546230 7.208262
v 5.598652 20.935451 4.890902
v 5.598652 20.935451 4.513657
v 5.598652 23.926230 4.513657
v 5.598652 23.926230 4.890902
v 5.598652 20.935451 2.573542
v 5.598652 20.935451 2.196297
v 5.598652 23.926230 2.196297
v 5.598652 23.926230 2.573542
v 5.598652 20.935451 4.513657
v 5.598652 20.935451 2.573542
v 5.598652 21.415451 2.573542
v 5.598652 21.415451 4.513657
v 5.598652 23.546230 4.513657
v 5.598652 23.546230 2.573542
v 5.598652 23.926230 2.573542
v 5.598652 23.926230 4.513657
v 5.528652 21.415451 4.513657
v 5.528652 21.415451 2.573542
v 5.528652 23.546230 2.573542
v 5.528652 23.546230 4.513657
v 5.598652 20.935451 2.196297
v 5.598652 20.935451 1.819052
v 5.598652 23.926230 1.819052
v 5.598652 23.926230 2.196297
v 5.598652 20.935451 -0.121063
v 5.598652 20.935451 -0.498308
v 5.598652 23.926230 -0.498308
v 5.598652 23.926230 -0.121063
v 5.598652 20.935451 1.819052
v 5.598652 20.935451 -0.121063
v 5.598652 21.415451 -0.121063
v 5.598652 21.415451 1.819052
v 5.598652 23.546230 1.819052
v 5.598652 23.546230 -0.121063
v 5.598652 23.926230 -0.121063
v 5.598652 23.926230 1.819052
v 5.528652 21.415451 1.819052
v 5.528652 21.415451 -0.121063
v 5.528652 23.546230 -0.121063
v 5.528652 23.546230 1.819052
v 5.598652 20.935451 -0.498308
v 5.598652 20.935451 -0.875553
v 5.598652 23.926230 -0.875553
v 5.598652 23.926230 -0.498308
v 5.598652 20.935451 -2.815669
v 5.598652 20.935451 -3.192913
v 5.598652 23.926230 -3.192913
v 5.598652 23.926230 -2.815669
v 5.598652 20.935451 -0.875553
v 5.598652 20.935451 -2.815669
v 5.598652 21.415451 -2.815669
v 5.598652 21.415451 -0.875553
v 5.598652 23.546230 -0.875553
v 5.598652 23.546230 -2.815669
v 5.598652 23.926230 -2.815669
v 5.598652 23.926230 -0.875553
v 5.528652 21.415451 -0.875553
v 5.528652 21.415451 -2.815669
v 5.528652 23.546230 -2.815669
v 5.528652 23.546230 -0.875553
v 5.598652 20.935451 -3.192913
v 5.598652 20.935451 -3.570158
v 5.598652 23.926230 -3.570158
v 5.598652 23.926230 -3.192913
v 5.598652 20.935451 -5.510274
v 5.598652 20.935451 -5.887518
v 5.598652 23.926230 -5.887518
v 5.598652 23.926230 -5.510274
v 5.598652 20.935451 -3.570158
v 5.598652 20.935451 -5.510274
v 5.598652 21.415451 -5.510274
v 5.598652 21.415451 -3.570158
v 5.598652 23.546230 -3.570158
v 5.598652 23.546230 -5.510274
v 5.598652 23.926230 -5.510274
v 5.598652 23.926230 -3.570158
v 5.528652 21.415451 -3.570158
v 5.528652 21.415451 -5.510274
v 5.528652 23.546230 -5.510274
v 5.528652 23.546230 -3.570158
v 5.598652 20.935451 -5.887518
v 5.598652 20.935451 -6.264763
v 5.598652 23.926230 -6.264763
v 5.598652 23.926230 -5.887518
v 5.598652 20.935451 -8.204879
v 5.598652 20.935451 -8.582123
v 5.598652 23.926230 -8.582123
v 5.598652 23.926230 -8.204879
v 5.598652 20.935451 -6.264763
v 5.598652 20.935451 -8.204879
v 5.598652 21.415451 -8.204879
v 5.598652 21.415451 -6.264763
v 5.598652 23.546230 -6.264763
v 5.598652 23.546230 -8.204879
v 5.598652 23.926230 -8.204879
v 5.598652 23.926230 -6.264763
v 5.528652 21.415451 -6.264763
v 5.528652 21.415451 -8.204879
v 5.528652 23.546230 -8.204879
v 5.528652 23.546230 -6.264763
v 5.598652 23.926230 7.585507
v 5.598652 23.926230 7.208262
v 5.598652 26.917008 7.208262
v 5.598652 26.917008 7.585507
v 5.598652 23.926230 5.268147
v 5.598652 23.926230 4.890902
v 5.598652 26.917008 4.890902
v 5.598652 26.917008 5.268147
v 5.598652 23.926230 7.208262
v 5.598652 23.926230 5.268147
v 5.598652 24.406230 5.268147
v 5.598652 24.406230 7.208262
v 5.598652 26.537008 7.208262
v 5.598652 26.537008 5.268147
v 5.598652 26.917008 5.268147
v 5.598652 26.917008 7.208262
v 5.528652 24.406230 7.208262
v 5.528652 24.406230 5.268147
v 5.528652 26.537008 5.268147
v 5.528652 26.537008 7.208262
v 5.598652 23.926230 4.890902
v 5.598652 23.926230 4.513657
v 5.598652 26.917008 4.513657
v 5.598652 26.917008 4.890902
v 5.598652 23.926230 2.573542
v 5.598652 23.926230 2.196297
v 5.598652 26.917008 2.196297
v 5.598652 26.917008 2.573542
v 5.598652 23.926230 4.513657
v 5.598652 23.926230 2.573542
v 5.598652 24.406230 2.573542
v 5.598652 24.406230 4.513657
v 5.598652 26.537008 4.513657
v 5.598652 26.537008 2.573542
v 5.598652 26.917008 2.573542
v 5.598652 26.917008 4.513657
v 5.528652 24.406230 4.513657
v 5.528652 24.406230 2.573542
v 5.528652 26.537008 2.573542
v 5.528652 26.537008 4.513657
v 5.598652 23.926230 2.196297
v 5.598652 23.926230 1.819052
v 5.598652 26.917008 1.819052
v 5.598652 26.917008 2.196297
v 5.598652 23.926230 -0.121063
v 5.598652 23.926230 -0.498308
v 5.598652 26.917008 -0.498308
v 5.598652 26.917008 -0.121063
v 5.598652 23.926230 1.819052
v 5.598652 23.926230 -0.121063
v 5.598652 24.406230 -0.121063
v 5.598652 24.406230 1.819052
v 5.598652 26.537008 1.819052
v 5.598652 26.537008 -0.121063
v 5.598652 26.917008 -0.121063
v 5.598652 26.917008 1.819052
v 5.528652 24.406230 1.819052
v 5.528652 24.406230 -0.121063
v 5.528652 26.537008 -0.121063
v 5.528652 26.537008 1.819052
v 5.598652 23.926230 -0.498308
v 5.598652 23.926230 -0.875553
v 5.598652 26.917008 -0.875553
v 5.598652 26.917008 -0.498308
v 5.598652 23.926230 -2.815669
v 5.598652 23.926230 -3.192913
v 5.598652 26.917008 -3.192913
v 5.598652 26.917008 -2.815669
v 5.598652 23.926230 -0.875553
v 5.598652 23.926230 -2.815669
v 5.598652 24.406230 -2.815669
v 5.598652 24.406230 -0.875553
v 5.598652 26.537008 -0.875553
v 5.598652 26.537008 -2.815669
v 5.598652 26.917008 -2.815669
v 5.598652 26.917008 -0.875553
v 5.528652 24.406230 -0.875553
v 5.528652 24.406230 -2.815669
v 5.528652 26.537008 -2.815669
v 5.528652 26.537008 -0.875553
v 5.598652 23.926230 -3.192913
v 5.598652 23.926230 -3.570158
v 5.598652 26.917008 -3.570158
v 5.598652 26.917008 -3.192913
v 5.598652 23.926230 -5.510274
v 5.598652 23.926230 -5.887518
v 5.598652 26.917008 -5.887518
v 5.598652 26.917008 -5.510274
v 5.598652 23.926230 -3.570158
v 5.598652 23.926230 -5.510274
v 5.598652 24.406230 -5.510274
v 5.598652 24.406230 -3.570158
v 5.598652 26.537008 -3.570158
v 5.598652 26.537008 -5.510274
v 5.598652 26.917008 -5.510274
v 5.598652 26.917008 -3.570158
v 5.528652 24.406230 -3.570158
v 5.528652 24.406230 -5.510274
v 5.528652 26.537008 -5.510274
v 5.528652 26.537008 -3.570158
v 5.598652 23.926230 -5.887518
v 5.598652 23.926230 -6.264763
v 5.598652 26.917008 -6.264763
v 5.598652 26.917008 -5.887518
v 5.598652 23.926230 -8.204879
v 5.598652 23.926230 -8.582123
v 5.598652 26.917008 -8.582123
v 5.598652 26.917008 -8.204879
v 5.598652 23.926230 -6.264763
v 5.598652 23.926230 -8.204879
v 5.598652 24.406230 -8.204879
v 5.598652 24.406230 -6.264763
v 5.598652 26.537008 -6.264763
v 5.598652 26.537008 -8.204879
v 5.598652 26.917008 -8.204879
v 5.598652 26.917008 -6.264763
v 5.528652 24.406230 -6.264763
v 5.528652 24.406230 -8.204879
v 5.528652 26.537008 -8.204879
v 5.528652 26.537008 -6.264763
v 5.598652 26.917008 7.585507
v 5.598652 26.917008 7.208262
v 5.598652 29.907787 7.208262
v 5.598652 29.907787 7.585507
v 5.598652 26.917008 5.268147
v 5.598652 26.917008 4.890902
v 5.598652 29.907787 4.890902
v 5.598652 29.907787 5.268147
v 5.598652 26.917008 7.208262
v 5.598652 26.917008 5.268147
v 5.598652 27.397008 5.268147
v 5.598652 27.397008 7.208262
v 5.598652 29.527787 7.208262
v 5.598652 29.527787 5.268147
v 5.598652 29.907787 5.268147
v 5.598652 29.907787 7.208262
v 5.528652 27.397008 7.208262
v 5.528652 27.397008 5.268147
v 5.528652 29.527787 5.268147
v 5.528652 29.527787 7.208262
v 5.598652 26.917008 4.890902
v 5.598652 26.917008 4.513657
v 5.598652 29.907787 4.513657
v 5.598652 29.907787 4.890902
v 5.598652 26.917008 2.573542
v 5.598652 26.917008 2.196297
v 5.598652 29.907787 2.196297
v 5.598652 29.907787 2.573542
v 5.598652 26.917008 4.513657
v 5.598652 26.917008 2.573542
v 5.598652 27.397008 2.573542
v 5.598652 27.397008 4.513657
v 5.598652 29.527787 4.513657
v 5.598652 29.527787 2.573542
v 5.598652 29.907787 2.573542
v 5.598652 29.907787 4.513657
v 5.528652 27.397008 4.513657
v 5.528652 27.397008 2.573542
v 5.528652 29.527787 2.573542
v 5.528652 29.527787 4.513657
v 5.598652 26.917008 2.196297
v 5.598652 26.917008 1.819052
v 5.598652 29.907787 1.819052
v 5.598652 29.907787 2.196297
v 5.598652 26.917008 -0.121063
v 5.598652 26.917008 -0.498308
v 5.598652 29.907787 -0.498308
v 5.598652 29.907787 -0.121063
v 5.598652 26.917008 1.819052
v 5.598652 26.917008 -0.121063
v 5.598652 27.397008 -0.121063
v 5.598652 27.397008 1.819052
v 5.598652 29.527787 1.819052
v 5.598652 29.527787 -0.121063
v 5.598652 29.907787 -0.121063
v 5.598652 29.907787 1.819052
v 5.528652 27.397008 1.819052
v 5.528652 27.397008 -0.121063
v 5.528652 29.527787 -0.121063
v 5.528652 29.527787 1.819052
v 5.598652 26.917008 -0.498308
v 5.598652 26.917008 -0.875553
v 5.598652 29.907787 -0.875553
v 5.598652 29.907787 -0.498308
v 5.598652 26.917008 -2.815669
v 5.598652 26.917008 -3.192913
v 5.598652 29.907787 -3.192913
v 5.598652 29.907787 -2.815669
v 5.598652 26.917008 -0.875553
v 5.598652 26.917008 -2.815669
v 5.598652 27.397008 -2.815669
v 5.598652 27.397008 -0.875553
v 5.598652 29.527787 -0.875553
v 5.598652 29.527787 -2.815669
v 5.598652 29.907787 -2.815669
v 5.598652 29.907787 -0.875553
v 5.528652 27.397008 -0.875553
v 5.528652 27.397008 -2.815669
v 5.528652 29.527787 -2.815669
v 5.528652 29.527787 -0.875553
v 5.598652 26.917008 -3.192913
v 5.598652 26.917008 -3.570158
v 5.598652 29.907787 -3.570158
v 5.598652 29.907787 -3.192913
v 5.598652 26.917008 -5.510274
v 5.598652 26.917008 -5.887518
v 5.598652 29.907787 -5.887518
v 5.598652 29.907787 -5.510274
v 5.598652 26.917008 -3.570158
v 5.598652 26.917008 -5.510274
v 5.598652 27.397008 -5.510274
v 5.598652 27.397008 -3.570158
v 5.598652 29.527787 -3.570158
v 5.598652 29.527787 -5.510274
v 5.598652 29.907787 -5.510274
v 5.598652 29.907787 -3.570158
v 5.528652 27.397008 -3.570158
v 5.528652 27.397008 -5.510274
v 5.528652 29.527787 -5.510274
v 5.528652 29.527787 -3.570158
v 5.598652 26.917008 -5.887518
v 5.598652 26.917008 -6.264763
v 5.598652 29.907787 -6.264763
v 5.598652 29.907787 -5.887518
v 5.598652 26.917008 -8.204879
v 5.598652 26.917008 -8.582123
v 5.598652 29.907787 -8.582123
v 5.598652 29.907787 -8.204879
v 5.598652 26.917008 -6.264763
v 5.598652 26.917008 -8.204879
v 5.598652 27.397008 -8.204879
v 5.598652 27.397008 -6.264763
v 5.598652 29.527787 -6.264763
v 5.598652 29.527787 -8.204879
v 5.598652 29.907787 -8.204879
v 5.598652 29.907787 -6.264763
v 5.528652 27.397008 -6.264763
v 5.528652 27.397008 -8.204879
v 5.528652 29.527787 -8.204879
v 5.528652 29.527787 -6.264763
v 5.598652 29.907787 7.585507
v 5.598652 29.907787 7.208262
v 5.598652 32.898566 7.208262
v 5.598652 32.898566 7.585507
v 5.598652 29.907787 5.268147
v 5.598652 29.907787 4.890902
v 5.598652 32.898566 4.890902
v 5.598652 32.898566 5.268147
v 5.598652 29.907787 7.208262
v 5.598652 29.907787 5.268147
v 5.598652 30.387787 5.268147
v 5.598652 30.387787 7.208262
v 5.598652 32.518566 7.208262
v 5.598652 32.518566 5.268147
v 5.598652 32.898566 5.268147
v 5.598652 32.898566 7.208262
v 5.528652 30.387787 7.208262
v 5.528652 30.387787 5.268147
v 5.528652 32.518566 5.268147
v 5.528652 32.518566 7.208262
v 5.598652 29.907787 4.890902
v 5.598652 29.907787 4.513657
v 5.598652 32.898566 4.513657
v 5.598652 32.898566 4.890902
v 5.598652 29.907787 2.573542
v 5.598652 29.907787 2.196297
v 5.598652 32.898566 2.196297
v 5.598652 32.898566 2.573542
v 5.598652 29.907787 4.513657
v 5.598652 29.907787 2.573542
v 5.598652 30.387787 2.573542
v 5.598652 30.387787 4.513657
v 5.598652 32.518566 4.513657
v 5.598652 32.518566 2.573542
v 5.598652 32.898566 2.573542
v 5.598652 32.898566 4.513657
v 5.528652 30.387787 4.513657
v 5.528652 30.387787 2.573542
v 5.528652 32.518566 2.573542
v 5.528652 32.518566 4.513657
v 5.598652 29.907787 2.196297
v 5.598652 29.907787 1.819052
v 5.598652 32.898566 1.819052
v 5.598652 32.898566 2.196297
v 5.598652 29.907787 -0.121063
v 5.598652 29.907787 -0.498308
v 5.598652 32.898566 -0.498308
v 5.598652 32.898566 -0.121063
v 5.598652 29.907787 1.819052
v 5.598652 29.907787 -0.121063
v 5.598652 30.387787 -0.121063
v 5.598652 30.387787 1.819052
v 5.598652 32.518566 1.819052
v 5.598652 32.518566 -0.121063
v 5.598652 32.898566 -0.121063
v 5.598652 32.898566 1.819052
v 5.528652 30.387787 1.819052
v 5.528652 30.387787 -0.121063
v 5.528652 32.518566 -0.121063
v 5.528652 32.518566 1.819052
v 5.598652 29.907787 -0.498308
v 5.598652 29.907787 -0.875553
v 5.598652 32.898566 -0.875553
v 5.598652 32.898566 -0.498308
v 5.598652 29.907787 -2.815669
v 5.598652 29.907787 -3.192913
v 5.598652 32.898566 -3.192913
v 5.598652 32.898566 -2.815669
v 5.598652 29.907787 -0.875553
v 5.598652 29.907787 -2.815669
v 5.598652 30.387787 -2.815669
v 5.598652 30.387787 -0.875553
v 5.598652 32.518566 -0.875553
v 5.598652 32.518566 -2.815669
v 5.598652 32.898566 -2.815669
v 5.598652 32.898566 -0.875553
v 5.528652 30.387787 -0.875553
v 5.528652 30.387787 -2.815669
v 5.528652 32.518566 -2.815669
v 5.528652 32.518566 -0.875553
v 5.598652 29.907787 -3.192913
v 5.598652 29.907787 -3.570158
v 5.598652 32.898566 -3.570158
v 5.598652 32.898566 -3.192913
v 5.598652 29.907787 -5.510274
v 5.598652 29.907787 -5.887518
v 5.598652 32.898566 -5.887518
v 5.598652 32.898566 -5.510274
v 5.598652 29.907787 -3.570158
v 5.598652 29.907787 -5.510274
v 5.598652 30.387787 -5.510274
v 5.598652 30.387787 -3.570158
v 5.598652 32.518566 -3.570158
v 5.598652 32.518566 -5.510274
v 5.598652 32.898566 -5.510274
v 5.598652 32.898566 -3.570158
v 5.528652 30.387787 -3.570158
v 5.528652 30.387787 -5.510274
v 5.528652 32.518566 -5.510274
v 5.528652 32.518566 -3.570158
v 5.598652 29.907787 -5.887518
v 5.598652 29.907787 -6.264763
v 5.598652 32.898566 -6.264763
v 5.598652 32.898566 -5.887518
v 5.598652 29.907787 -8.204879
v 5.598652 29.907787 -8.582123
v 5.598652 32.898566 -8.582123
v 5.598652 32.898566 -8.204879
v 5.598652 29.907787 -6.264763
v 5.598652 29.907787 -8.204879
v 5.598652 30.387787 -8.204879
v 5.598652 30.387787 -6.264763
v 5.598652 32.518566 -6.264763
v 5.598652 32.518566 -8.204879
v 5.598652 32.898566 -8.204879
v 5.598652 32.898566 -6.264763
v 5.528652 30.387787 -6.264763
v 5.528652 30.387787 -8.204879
v 5.528652 32.518566 -8.204879
v 5.528652 32.518566 -6.264763
v 5.598652 32.898566 7.585507
v 5.598652 32.898566 7.208262
v 5.598652 35.889344 7.208262
v 5.598652 35.889344 7.585507
v 5.598652 32.898566 5.268147
v 5.598652 32.898566 4.890902
v 5.598652 35.889344 4.890902
v 5.598652 35.889344 5.268147
v 5.598652 32.898566 7.208262
v 5.598652 32.898566 5.268147
v 5.598652 33.378566 5.268147
v 5.598652 33.378566 7.208262
v 5.598652 35.509344 7.208262
v 5.598652 35.509344 5.268147
v 5.598652 35.889344 5.268147
v 5.598652 35.889344 7.208262
v 5.528652 33.378566 7.208262
v 5.528652 33.378566 5.268147
v 5.528652 35.509344 5.268147
v 5.528652 35.509344 7.208262
v 5.598652 32.898566 4.890902
v 5.598652 32.898566 4.513657
v 5.598652 35.889344 4.513657
v 5.598652 35.889344 4.890902
v 5.598652 32.898566 2.573542
v 5.598652 32.898566 2.196297
v 5.598652 35.889344 2.196297
v 5.598652 35.889344 2.573542
v 5.598652 32.898566 4.513657
v 5.598652 32.898566 2.573542
v 5.598652 33.378566 2.573542
v 5.598652 33.378566 4.513657
v 5.598652 35.509344 4.513657
v 5.598652 35.509344 2.573542
v 5.598652 35.889344 2.573542
v 5.598652 35.889344 4.513657
v 5.528652 33.378566 4.513657
v 5.528652 33.378566 2.573542
v 5.528652 35.509344 2.573542
v 5.528652 35.509344 4.513657
v 5.598652 32.898566 2.196297
v 5.598652 32.898566 1.819052
v 5.598652 35.889344 1.819052
v 5.598652 35.889344 2.196297
v 5.598652 32.898566 -0.121063
v 5.598652 32.898566 -0.498308
v 5.598652 35.889344 -0.498308
v 5.598652 35.889344 -0.121063
v 5.598652 32.898566 1.819052
v 5.598652 32.898566 -0.121063
v 5.598652 33.378566 -0.121063
v 5.598652 33.378566 1.819052
v 5.598652 35.509344 1.819052
v 5.598652 35.509344 -0.121063
v 5.598652 35.889344 -0.121063
v 5.598652 35.889344 1.819052
v 5.528652 33.378566 1.819052
v 5.528652 33.378566 -0.121063
v 5.528652 35.509344 -0.121063
v 5.528652 35.509344 1.819052
v 5.598652 32.898566 -0.498308
v 5.598652 32.898566 -0.875553
v 5.598652 35.889344 -0.875553
v 5.598652 35.889344 -0.498308
v 5.598652 32.898566 -2.815669
v 5.598652 32.898566 -3.192913
v 5.598652 35.889344 -3.192913
v 5.598652 35.889344 -2.815669
v 5.598652 32.898566 -0.875553
v 5.598652 32.898566 -2.815669
v 5.598652 33.378566 -2.815669
v 5.598652 33.378566 -0.875553
v 5.598652 35.509344 -0.875553
v 5.598652 35.509344 -2.815669
v 5.598652 35.889344 -2.815669
v 5.598652 35.889344 -0.875553
v 5.528652 33.378566 -0.875553
v 5.528652 33.378566 -2.815669
v 5.528652 35.509344 -2.815669
v 5.528652 35.509344 -0.875553
v 5.598652 32.898566 -3.192913
v 5.598652 32.898566 -3.570158
v 5.598652 35.889344 -3.570158
v 5.598652 35.889344 -3.192913
v 5.598652 32.898566 -5.510274
v 5.598652 32.898566 -5.887518
v 5.598652 35.889344 -5.887518
v 5.598652 35.889344 -5.510274
v 5.598652 32.898566 -3.570158
v 5.598652 32.898566 -5.510274
v 5.598652 33.378566 -5.510274
v 5.598652 33.378566 -3.570158
v 5.598652 35.509344 -3.570158
v 5.598652 35.509344 -5.510274
v 5.598652 35.889344 -5.510274
v 5.598652 35.889344 -3.570158
v 5.528652 33.378566 -3.570158
v 5.528652 33.378566 -5.510274
v 5.528652 35.509344 -5.510274
v 5.528652 35.509344 -3.570158
v 5.598652 32.898566 -5.887518
v 5.598652 32.898566 -6.264763
v 5.598652 35.889344 -6.264763
v 5.598652 35.889344 -5.887518
v 5.598652 32.898566 -8.204879
v 5.598652 32.898566 -8.582123
v 5.598652 35.889344 -8.582123
v 5.598652 35.889344 -8.204879
v 5.598652 32.898566 -6.264763
v 5.598652 32.898566 -8.204879
v 5.598652 33.378566 -8.204879
v 5.598652 33.378566 -6.264763
v 5.598652 35.509344 -6.264763
v 5.598652 35.509344 -8.204879
v 5.598652 35.889344 -8.204879
v 5.598652 35.889344 -6.264763
v 5.528652 33.378566 -6.264763
v 5.528652 33.378566 -8.204879
v 5.528652 35.509344 -8.204879
v 5.528652 35.509344 -6.264763
v 5.598652 35.889344 7.585507
v 5.598652 35.889344 7.208262
v 5.598652 38.880123 7.208262
v 5.598652 38.880123 7.585507
v 5.598652 35.889344 5.268147
v 5.598652 35.889344 4.890902
v 5.598652 38.880123 4.890902
v 5.598652 38.880123 5.268147
v 5.598652 35.889344 7.208262
v 5.598652 35.889344 5.268147
v 5.598652 36.369344 5.268147
v 5.598652 36.369344 7.208262
v 5.598652 38.500123 7.208262
v 5.598652 38.500123 5.268147
v 5.598652 38.880123 5.268147
v 5.598652 38.880123 7.208262
v 5.528652 36.369344 7.208262
v 5.528652 36.369344 5.268147
v 5.528652 38.500123 5.268147
v 5.528652 38.500123 7.208262
v 5.598652 35.889344 4.890902
v 5.598652 35.889344 4.513657
v 5.598652 38.880123 4.513657
v 5.598652 38.880123 4.890902
v 5.598652 35.889344 2.573542
v 5.598652 35.889344 2.196297
v 5.598652 38.880123 2.196297
v 5.598652 38.880123 2.573542
v 5.598652 35.889344 4.513657
v 5.598652 35.889344 2.573542
v 5.598652 36.369344 2.573542
v 5.598652 36.369344 4.513657
v 5.598652 38.500123 4.513657
v 5.598652 38.500123 2.573542
v 5.598652 38.880123 2.573542
v 5.598652 38.880123 4.513657
v 5.528652 36.369344 4.513657
v 5.528652 36.369344 2.573542
v 5.528652 38.500123 2.573542
v 5.528652 38.500123 4.513657
v 5.598652 35.889344 2.196297
v 5.598652 35.889344 1.819052
v 5.598652 38.880123 1.819052
v 5.598652 38.880123 2.196297
v 5.598652 35.889344 -0.121063
v 5.598652 35.889344 -0.498308
v 5.598652 38.880123 -0.498308
v 5.598652 38.880123 -0.121063
v 5.598652 35.889344 1.819052
v 5.598652 35.889344 -0.121063
v 5.598652 36.369344 -0.121063
v 5.598652 36.369344 1.819052
v 5.598652 38.500123 1.819052
v 5.598652 38.500123 -0.121063
v 5.598652 38.880123 -0.121063
v 5.598652 38.880123 1.819052
v 5.528652 36.369344 1.819052
v 5.528652 36.369344 -0.121063
v 5.528652 38.500123 -0.121063
v 5.528652 38.500123 1.819052
v 5.598652 35.889344 -0.498308
v 5.598652 35.889344 -0.875553
v 5.598652 38.880123 -0.875553
v 5.598652 38.880123 -0.498308
v 5.598652 35.889344 -2.815669
v 5.598652 35.889344 -3.192913
v 5.598652 38.880123 -3.192913
v 5.598652 38.880123 -2.815669
v 5.598652 35.889344 -0.875553
v 5.598652 35.889344 -2.815669
v 5.598652 36.369344 -2.815669
v 5.598652 36.369344 -0.875553
v 5.598652 38.500123 -0.875553
v 5.598652 38.500123 -2.815669
v 5.598652 38.880123 -2.815669
v 5.598652 38.880123 -0.875553
v 5.528652 36.369344 -0.875553
v 5.528652 36.369344 -2.815669
v 5.528652 38.500123 -2.815669
v 5.528652 38.500123 -0.875553
v 5.598652 35.889344 -3.192913
v 5.598652 35.889344 -3.570158
v 5.598652 38.880123 -3.570158
v 5.598652 38.880123 -3.192913
v 5.598652 35.889344 -5.510274
v 5.598652 35.889344 -5.887518
v 5.598652 38.880123 -5.887518
v 5.598652 38.880123 -5.510274
v 5.598652 35.889344 -3.570158
v 5.598652 35.889344 -5.510274
v 5.598652 36.369344 -5.510274
v 5.598652 36.369344 -3.570158
v 5.598652 38.500123 -3.570158
v 5.598652 38.500123 -5.510274
v 5.598652 38.880123 -5.510274
v 5.598652 38.880123 -3.570158
v 5.528652 36.369344 -3.570158
v 5.528652 36.369344 -5.510274
v 5.528652 38.500123 -5.510274
v 5.528652 38.500123 -3.570158
v 5.598652 35.889344 -5.887518
v 5.598652 35.889344 -6.264763
v 5.598652 38.880123 -6.264763
v 5.598652 38.880123 -5.887518
v 5.598652 35.889344 -8.204879
v 5.598652 35.889344 -8.582123
v 5.598652 38.880123 -8.582123
v 5.598652 38.880123 -8.204879
v 5.598652 35.889344 -6.264763
v 5.598652 35.889344 -8.204879
v 5.598652 36.369344 -8.204879
v 5.598652 36.369344 -6.264763
v 5.598652 38.500123 -6.264763
v 5.598652 38.500123 -8.204879
v 5.598652 38.880123 -8.204879
v 5.598652 38.880123 -6.264763
v 5.528652 36.369344 -6.264763
v 5.528652 36.369344 -8.204879
v 5.528652 38.500123 -8.204879
v 5.528652 38.500123 -6.264763
v 5.598652 38.880123 7.585507
v 5.598652 38.880123 7.208262
v 5.598652 41.870902 7.208262
v 5.598652 41.870902 7.585507
v 5.598652 38.880123 5.268147
v 5.598652 38.880123 4.890902
v 5.598652 41.870902 4.890902
v 5.598652 41.870902 5.268147
v 5.598652 38.880123 7.208262
v 5.598652 38.880123 5.268147
v 5.598652 39.360123 5.268147
v 5.598652 39.360123 7.208262
v 5.598652 41.490902 7.208262
v 5.598652 41.490902 5.268147
v 5.598652 41.870902 5.268147
v 5.598652 41.870902 7.208262
v 5.528652 39.360123 7.208262
v 5.528652 39.360123 5.268147
v 5.528652 41.490902 5.268147
v 5.528652 41.490902 7.208262
v 5.598652 38.880123 4.890902
v 5.598652 38.880123 4.513657
v 5.598652 41.870902 4.513657
v 5.598652 41.870902 4.890902
v 5.598652 38.880123 2.573542
v 5.598652 38.880123 2.196297
v 5.598652 41.870902 2.196297
v 5.598652 41.870902 2.573542
v 5.598652 38.880123 4.513657
v 5.598652 38.880123 2.573542
v 5.598652 39.360123 2.573542
v 5.598652 39.360123 4.513657
v 5.598652 41.490902 4.513657
v 5.598652 41.490902 2.573542
v 5.598652 41.870902 2.573542
v 5.598652 41.870902 4.513657
v 5.528652 39.360123 4.513657
v 5.528652 39.360123 2.573542
v 5.528652 41.490902 2.573542
v 5.528652 41.490902 4.513657
v 5.598652 38.880123 2.196297
v 5.598652 38.880123 1.819052
v 5.598652 41.870902 1.819052
v 5.598652 41.870902 2.196297
v 5.598652 38.880123 -0.121063
v 5.598652 38.880123 -0.498308
v 5.598652 41.870902 -0.498308
v 5.598652 41.870902 -0.121063
v 5.598652 38.880123 1.819052
v 5.598652 38.880123 -0.121063
v 5.598652 39.360123 -0.121063
v 5.598652 39.360123 1.819052
v 5.598652 41.490902 1.819052
v 5.598652 41.490902 -0.121063
v 5.598652 41.870902 -0.121063
v 5.598652 41.870902 1.819052
v 5.528652 39.360123 1.819052
v 5.528652 39.360123 -0.121063
v 5.528652 41.490902 -0.121063
v 5.528652 41.490902 1.819052
v 5.598652 38.880123 -0.498308
v 5.598652 38.880123 -0.875553
v 5.598652 41.870902 -0.875553
v 5.598652 41.870902 -0.498308
v 5.598652 38.880123 -2.815669
v 5.598652 38.880123 -3.192913
v 5.598652 41.870902 -3.192913
v 5.598652 41.870902 -2.815669
v 5.598652 38.880123 -0.875553
v 5.598652 38.880123 -2.815669
v 5.598652 39.360123 -2.815669
v 5.598652 39.360123 -0.875553
v 5.598652 41.490902 -0.875553
v 5.598652 41.490902 -2.815669
v 5.598652 41.870902 -2.815669
v 5.598652 41.870902 -0.875553
v 5.528652 39.360123 -0.875553
v 5.528652 39.360123 -2.815669
v 5.528652 41.490902 -2.815669
v 5.528652 41.490902 -0.875553
v 5.598652 38.880123 -3.192913
v 5.598652 38.880123 -3.570158
v 5.598652 41.870902 -3.570158
v 5.598652 41.870902 -3.192913
v 5.598652 38.880123 -5.510274
v 5.598652 38.880123 -5.887518
v 5.598652 41.870902 -5.887518
v 5.598652 41.870902 -5.510274
v 5.598652 38.880123 -3.570158
v 5.598652 38.880123 -5.510274
v 5.598652 39.360123 -5.510274
v 5.598652 39.360123 -3.570158
v 5.598652 41.490902 -3.570158
v 5.598652 41.490902 -5.510274
v 5.598652 41.870902 -5.510274
v 5.598652 41.870902 -3.570158
v 5.528652 39.360123 -3.570158
v 5.528652 39.360123 -5.510274
v 5.528652 41.490902 -5.510274
v 5.528652 41.490902 -3.570158
v 5.598652 38.880123 -5.887518
v 5.598652 38.880123 -6.264763
v 5.598652 41.870902 -6.264763
v 5.598652 41.870902 -5.887518
v 5.598652 38.880123 -8.204879
v 5.598652 38.880123 -8.582123
v 5.598652 41.870902 -8.582123
v 5.598652 41.870902 -8.204879
v 5.598652 38.880123 -6.264763
v 5.598652 38.880123 -8.204879
v 5.598652 39.360123 -8.204879
v 5.598652 39.360123 -6.264763
v 5.598652 41.490902 -6.264763
v 5.598652 41.490902 -8.204879
v 5.598652 41.870902 -8.204879
v 5.598652 41.870902 -6.264763
v 5.528652 39.360123 -6.264763
v 5.528652 39.360123 -8.204879
v 5.528652 41.490902 -8.204879
v 5.528652 41.490902 -6.264763
v 5.598652 41.870902 7.585507
v 5.598652 41.870902 7.208262
v 5.598652 44.861680 7.208262
v 5.598652 44.861680 7.585507
v 5.598652 41.870902 5.268147
v 5.598652 41.870902 4.890902
v 5.598652 44.861680 4.890902
v 5.598652 44.861680 5.268147
v 5.598652 41.870902 7.208262
v 5.598652 41.870902 5.268147
v 5.598652 42.350902 5.268147
v 5.598652 42.350902 7.208262
v 5.598652 44.481680 7.208262
v 5.598652 44.481680 5.268147
v 5.598652 44.861680 5.268147
v 5.598652 44.861680 7.208262
v 5.528652 42.350902 7.208262
v 5.528652 42.350902 5.268147
v 5.528652 44.481680 5.268147
v 5.528652 44.481680 7.208262
v 5.598652 41.870902 4.890902
v 5.598652 41.870902 4.513657
v 5.598652 44.861680 4.513657
v 5.598652 44.861680 4.890902
v 5.598652 41.870902 2.573542
v 5.598652 41.870902 2.196297
v 5.598652 44.861680 2.196297
v 5.598652 44.861680 2.573542
v 5.598652 41.870902 4.513657
v 5.598652 41.870902 2.573542
v 5.598652 42.350902 2.573542
v 5.598652 42.350902 4.513657
v 5.598652 44.481680 4.513657
v 5.598652 44.481680 2.573542
v 5.598652 44.861680 2.573542
v 5.598652 44.861680 4.513657
v 5.528652 42.350902 4.513657
v 5.528652 42.350902 2.573542
v 5.528652 44.481680 2.573542
v 5.528652 44.481680 4.513657
v 5.598652 41.870902 2.196297
v 5.598652 41.870902 1.819052
v 5.598652 44.861680 1.819052
v 5.598652 44.861680 2.196297
v 5.598652 41.870902 -0.121063
v 5.598652 41.870902 -0.498308
v 5.598652 44.861680 -0.498308
v 5.598652 44.861680 -0.121063
v 5.598652 41.870902 1.819052
v 5.598652 41.870902 -0.121063
v 5.598652 42.350902 -0.121063
v 5.598652 42.350902 1.819052
v 5.598652 44.481680 1.819052
v 5.598652 44.481680 -0.121063
v 5.598652 44.861680 -0.121063
v 5.598652 44.861680 1.819052
v 5.528652 42.350902 1.819052
v 5.528652 42.350902 -0.121063
v 5.528652 44.481680 -0.121063
v 5.528652 44.481680 1.819052
v 5.598652 41.870902 -0.498308
v 5.598652 41.870902 -0.875553
v 5.598652 44.861680 -0.875553
v 5.598652 44.861680 -0.498308
v 5.598652 41.870902 -2.815669
v 5.598652 41.870902 -3.192913
v 5.598652 44.861680 -3.192913
v 5.598652 44.861680 -2.815669
v 5.598652 41.870902 -0.875553
v 5.598652 41.870902 -2.815669
v 5.598652 42.350902 -2.815669
v 5.598652 42.350902 -0.875553
v 5.598652 44.481680 -0.875553
v 5.598652 44.481680 -2.815669
v 5.598652 44.861680 -2.815669
v 5.598652 44.861680 -0.875553
v 5.528652 42.350902 -0.875553
v 5.528652 42.350902 -2.815669
v 5.528652 44.481680 -2.815669
v 5.528652 44.481680 -0.875553
v 5.598652 41.870902 -3.192913
v 5.598652 41.870902 -3.570158
v 5.598652 44.861680 -3.570158
v 5.598652 44.861680 -3.192913
v 5.598652 41.870902 -5.510274
v 5.598652 41.870902 -5.887518
v 5.598652 44.861680 -5.887518
v 5.598652 44.861680 -5.510274
v 5.598652 41.870902 -3.570158
v 5.598652 41.870902 -5.510274
v 5.598652 42.350902 -5.510274
v 5.598652 42.350902 -3.570158
v 5.598652 44.481680 -3.570158
v 5.598652 44.481680 -5.510274
v 5.598652 44.861680 -5.510274
v 5.598652 44.861680 -3.570158
v 5.528652 42.350902 -3.570158
v 5.528652 42.350902 -5.510274
v 5.528652 44.481680 -5.510274
v 5.528652 44.481680 -3.570158
v 5.598652 41.870902 -5.887518
v 5.598652 41.870902 -6.264763
v 5.598652 44.861680 -6.264763
v 5.598652 44.861680 -5.887518
v 5.598652 41.870902 -8.204879
v 5.598652 41.870902 -8.582123
v 5.598652 44.861680 -8.582123
v 5.598652 44.861680 -8.204879
v 5.598652 41.870902 -6.264763
v 5.598652 41.870902 -8.204879
v 5.598652 42.350902 -8.204879
v 5.598652 42.350902 -6.264763
v 5.598652 44.481680 -6.264763
v 5.598652 44.481680 -8.204879
v 5.598652 44.861680 -8.204879
v 5.598652 44.861680 -6.264763
v 5.528652 42.350902 -6.264763
v 5.528652 42.350902 -8.204879
v 5.528652 44.481680 -8.204879
v 5.528652 44.481680 -6.264763
v 5.598652 44.861680 7.585507
v 5.598652 44.861680 7.208262
v 5.598652 47.852459 7.208262
v 5.598652 47.852459 7.585507
v 5.598652 44.861680 5.268147
v 5.598652 44.861680 4.890902
v 5.598652 47.852459 4.890902
v 5.598652 47.852459 5.268147
v 5.598652 44.861680 7.208262
v 5.598652 44.861680 5.268147
v 5.598652 45.341680 5.268147
v 5.598652 45.341680 7.208262
v 5.598652 47.472459 7.208262
v 5.598652 47.472459 5.268147
v 5.598652 47.852459 5.268147
v 5.598652 47.852459 7.208262
v 5.528652 45.341680 7.208262
v 5.528652 45.341680 5.268147
v 5.528652 47.472459 5.268147
v 5.528652 47.472459 7.208262
v 5.598652 44.861680 4.890902
v 5.598652 44.861680 4.513657
v 5.598652 47.852459 4.513657
v 5.598652 47.852459 4.890902
v 5.598652 44.861680 2.573542
v 5.598652 44.861680 2.196297
v 5.598652 47.852459 2.196297
v 5.598652 47.852459 2.573542
v 5.598652 44.861680 4.513657
v 5.598652 44.861680 2.573542
v 5.598652 45.341680 2.573542
v 5.598652 45.341680 4.513657
v 5.598652 47.472459 4.513657
v 5.598652 47.472459 2.573542
v 5.598652 47.852459 2.573542
v 5.598652 47.852459 4.513657
v 5.528652 45.341680 4.513657
v 5.528652 45.341680 2.573542
v 5.528652 47.472459 2.573542
v 5.528652 47.472459 4.513657
v 5.598652 44.861680 2.196297
v 5.598652 44.861680 1.819052
v 5.598652 47.852459 1.819052
v 5.598652 47.852459 2.196297
v 5.598652 44.861680 -0.121063
v 5.598652 44.861680 -0.498308
v 5.598652 47.852459 -0.498308
v 5.598652 47.852459 -0.121063
v 5.598652 44.861680 1.819052
v 5.598652 44.861680 -0.121063
v 5.598652 45.341680 -0.121063
v 5.598652 45.341680 1.819052
v 5.598652 47.472459 1.819052
v 5.598652 47.472459 -0.121063
v 5.598652 47.852459 -0.121063
v 5.598652 47.852459 1.819052
v 5.528652 45.341680 1.819052
v 5.528652 45.341680 -0.121063
v 5.528652 47.472459 -0.121063
v 5.528652 47.472459 1.819052
v 5.598652 44.861680 -0.498308
v 5.598652 44.861680 -0.875553
v 5.598652 47.852459 -0.875553
v 5.598652 47.852459 -0.498308
v 5.598652 44.861680 -2.815669
v 5.598652 44.861680 -3.192913
v 5.598652 47.852459 -3.192913
v 5.598652 47.852459 -2.815669
v 5.598652 44.861680 -0.875553
v 5.598652 44.861680 -2.815669
v 5.598652 45.341680 -2.815669
v 5.598652 45.341680 -0.875553
v 5.598652 47.472459 -0.875553
v 5.598652 47.472459 -2.815669
v 5.598652 47.852459 -2.815669
v 5.598652 47.852459 -0.875553
v 5.528652 45.341680 -0.875553
v 5.528652 45.341680 -2.815669
v 5.528652 47.472459 -2.815669
v 5.528652 47.472459 -0.875553
v 5.598652 44.861680 -3.192913
v 5.598652 44.861680 -3.570158
v 5.598652 47.852459 -3.570158
v 5.598652 47.852459 -3.192913
v 5.598652 44.861680 -5.510274
v 5.598652 44.861680 -5.887518
v 5.598652 47.852459 -5.887518
v 5.598652 47.852459 -5.510274
v 5.598652 44.861680 -3.570158
v 5.598652 44.861680 -5.510274
v 5.598652 45.341680 -5.510274
v 5.598652 45.341680 -3.570158
v 5.598652 47.472459 -3.570158
v 5.598652 47.472459 -5.510274
v 5.598652 47.852459 -5.510274
v 5.598652 47.852459 -3.570158
v 5.528652 45.341680 -3.570158
v 5.528652 45.341680 -5.510274
v 5.528652 47.472459 -5.510274
v 5.528652 47.472459 -3.570158
v 5.598652 44.861680 -5.887518
v 5.598652 44.861680 -6.264763
v 5.598652 47.852459 -6.264763
v 5.598652 47.852459 -5.887518
v 5.598652 44.861680 -8.204879
v 5.598652 44.861680 -8.582123
v 5.598652 47.852459 -8.582123
v 5.598652 47.852459 -8.204879
v 5.598652 44.861680 -6.264763
v 5.598652 44.861680 -8.204879
v 5.598652 45.341680 -8.204879
v 5.598652 45.341680 -6.264763
v 5.598652 47.472459 -6.264763
v 5.598652 47.472459 -8.204879
v 5.598652 47.852459 -8.204879
v 5.598652 47.852459 -6.264763
v 5.528652 45.341680 -6.264763
v 5.528652 45.341680 -8.204879
v 5.528652 47.472459 -8.204879
v 5.528652 47.472459 -6.264763
v 5.598652 47.852459 7.585507
v 5.598652 47.852459 7.208262
v 5.598652 50.843238 7.208262
v 5.598652 50.843238 7.585507
v 5.598652 47.852459 5.268147
v 5.598652 47.852459 4.890902
v 5.598652 50.843238 4.890902
v 5.598652 50.843238 5.268147
v 5.598652 47.852459 7.208262
v 5.598652 47.852459 5.268147
v 5.598652 48.332459 5.268147
v 5.598652 48.332459 7.208262
v 5.598652 50.463238 7.208262
v 5.598652 50.463238 5.268147
v 5.598652 50.843238 5.268147
v 5.598652 50.843238 7.208262
v 5.528652 48.332459 7.208262
v 5.528652 48.332459 5.268147
v 5.528652 50.463238 5.268147
v 5.528652 50.463238 7.208262
v 5.598652 47.852459 4.890902
v 5.598652 47.852459 4.513657
v 5.598652 50.843238 4.513657
v 5.598652 50.843238 4.890902
v 5.598652 47.852459 2.573542
v 5.598652 47.852459 2.196297
v 5.598652 50.843238 2.196297
v 5.598652 50.843238 2.573542
v 5.598652 47.852459 4.513657
v 5.598652 47.852459 2.573542
v 5.598652 48.332459 2.573542
v 5.598652 48.332459 4.513657
v 5.598652 50.463238 4.513657
v 5.598652 50.463238 2.573542
v 5.598652 50.843238 2.573542
v 5.598652 50.843238 4.513657
v 5.528652 48.332459 4.513657
v 5.528652 48.332459 2.573542
v 5.528652 50.463238 2.573542
v 5.528652 50.463238 4.513657
v 5.598652 47.852459 2.196297
v 5.598652 47.852459 1.819052
v 5.598652 50.843238 1.819052
v 5.598652 50.843238 2.196297
v 5.598652 47.852459 -0.121063
v 5.598652 47.852459 -0.498308
v 5.598652 50.843238 -0.498308
v 5.598652 50.843238 -0.121063
v 5.598652 47.852459 1.819052
v 5.598652 47.852459 -0.121063
v 5.598652 48.332459 -0.121063
v 5.598652 48.332459 1.819052
v 5.598652 50.463238 1.819052
v 5.598652 50.463238 -0.121063
v 5.598652 50.843238 -0.121063
v 5.598652 50.843238 1.819052
v 5.528652 48.332459 1.819052
v 5.528652 48.332459 -0.121063
v 5.528652 50.463238 -0.121063
v 5.528652 50.463238 1.819052
v 5.598652 47.852459 -0.498308
v 5.598652 47.852459 -0.875553
v 5.598652 50.843238 -0.875553
v 5.598652 50.843238 -0.498308
v 5.598652 47.852459 -2.815669
v 5.598652 47.852459 -3.192913
v 5.598652 50.843238 -3.192913
v 5.598652 50.843238 -2.815669
v 5.598652 47.852459 -0.875553
v 5.598652 47.852459 -2.815669
v 5.598652 48.332459 -2.815669
v 5.598652 48.332459 -0.875553
v 5.598652 50.463238 -0.875553
v 5.598652 50.463238 -2.815669
v 5.598652 50.843238 -2.815669
v 5.598652 50.843238 -0.875553
v 5.528652 48.332459 -0.875553
v 5.528652 48.332459 -2.815669
v 5.528652 50.463238 -2.815669
v 5.528652 50.463238 -0.875553
v 5.598652 47.852459 -3.192913
v 5.598652 47.852459 -3.570158
v 5.598652 50.843238 -3.570158
v 5.598652 50.843238 -3.192913
v 5.598652 47.852459 -5.510274
v 5.598652 47.852459 -5.887518
v 5.598652 50.843238 -5.887518
v 5.598652 50.843238 -5.510274
v 5.598652 47.852459 -3.570158
v 5.598652 47.852459 -5.510274
v 5.598652 48.332459 -5.510274
v 5.598652 48.332459 -3.570158
v 5.598652 50.463238 -3.570158
v 5.598652 50.463238 -5.510274
v 5.598652 50.843238 -5.510274
v 5.598652 50.843238 -3.570158
v 5.528652 48.332459 -3.570158
v 5.528652 48.332459 -5.510274
v 5.528652 50.463238 -5.510274
v 5.528652 50.463238 -3.570158
v 5.598652 47.852459 -5.887518
v 5.598652 47.852459 -6.264763
v 5.598652 50.843238 -6.264763
v 5.598652 50.843238 -5.887518
v 5.598652 47.852459 -8.204879
v 5.598652 47.852459 -8.582123
v 5.598652 50.843238 -8.582123
v 5.598652 50.843238 -8.204879
v 5.598652 47.852459 -6.264763
v 5.598652 47.852459 -8.204879
v 5.598652 48.332459 -8.204879
v 5.598652 48.332459 -6.264763
v 5.598652 50.463238 -6.264763
v 5.598652 50.463238 -8.204879
v 5.598652 50.843238 -8.204879
v 5.598652 50.843238 -6.264763
v 5.528652 48.332459 -6.264763
v 5.528652 48.332459 -8.204879
v 5.528652 50.463238 -8.204879
v 5.528652 50.463238 -6.264763
v 5.598652 50.843238 7.585507
v 5.598652 50.843238 7.208262
v 5.598652 53.834017 7.208262
v 5.598652 53.834017 7.585507
v 5.598652 50.843238 5.268147
v 5.598652 50.843238 4.890902
v 5.598652 53.834017 4.890902
v 5.598652 53.834017 5.268147
v 5.598652 50.843238 7.208262
v 5.598652 50.843238 5.268147
v 5.598652 51.323238 5.268147
v 5.598652 51.323238 7.208262
v 5.598652 53.454017 7.208262
v 5.598652 53.454017 5.268147
v 5.598652 53.834017 5.268147
v 5.598652 53.834017 7.208262
v 5.528652 51.323238 7.208262
v 5.528652 51.323238 5.268147
v 5.528652 53.454017 5.268147
v 5.528652 53.454017 7.208262
v 5.598652 50.843238 4.890902
v 5.598652 50.843238 4.513657
v 5.598652 53.834017 4.513657
v 5.598652 53.834017 4.890902
v 5.598652 50.843238 2.573542
v 5.598652 50.843238 2.196297
v 5.598652 53.834017 2.196297
v 5.598652 53.834017 2.573542
v 5.598652 50.843238 4.513657
v 5.598652 50.843238 2.573542
v 5.598652 51.323238 2.573542
v 5.598652 51.323238 4.513657
v 5.598652 53.454017 4.513657
v 5.598652 53.454017 2.573542
v 5.598652 53.834017 2.573542
v 5.598652 53.834017 4.513657
v 5.528652 51.323238 4.513657
v 5.528652 51.323238 2.573542
v 5.528652 53.454017 2.573542
v 5.528652 53.454017 4.513657
v 5.598652 50.843238 2.196297
v 5.598652 50.843238 1.819052
v 5.598652 53.834017 1.819052
v 5.598652 53.834017 2.196297
v 5.598652 50.843238 -0.121063
v 5.598652 50.843238 -0.498308
v 5.598652 53.834017 -0.498308
v 5.598652 53.834017 -0.121063
v 5.598652 50.843238 1.819052
v 5.598652 50.843238 -0.121063
v 5.598652 51.323238 -0.121063
v 5.598652 51.323238 1.819052
v 5.598652 53.454017 1.819052
v 5.598652 53.454017 -0.121063
v 5.598652 53.834017 -0.121063
v 5.598652 53.834017 1.819052
v 5.528652 51.323238 1.819052
v 5.528652 51.323238 -0.121063
v 5.528652 53.454017 -0.121063
v 5.528652 53.454017 1.819052
v 5.598652 50.843238 -0.498308
v 5.598652 50.843238 -0.875553
v 5.598652 53.834017 -0.875553
v 5.598652 53.834017 -0.498308
v 5.598652 50.843238 -2.815669
v 5.598652 50.843238 -3.192913
v 5.598652 53.834017 -3.192913
v 5.598652 53.834017 -2.815669
v 5.598652 50.843238 -0.875553
v 5.598652 50.843238 -2.815669
v 5.598652 51.323238 -2.815669
v 5.598652 51.323238 -0.875553
v 5.598652 53.454017 -0.875553
v 5.598652 53.454017 -2.815669
v 5.598652 53.834017 -2.815669
v 5.598652 53.834017 -0.875553
v 5.528652 51.323238 -0.875553
v 5.528652 51.323238 -2.815669
v 5.528652 53.454017 -2.815669
v 5.528652 53.454017 -0.875553
v 5.598652 50.843238 -3.192913
v 5.598652 50.843238 -3.570158
v 5.598652 53.834017 -3.570158
v 5.598652 53.834017 -3.192913
v 5.598652 50.843238 -5.510274
v 5.598652 50.843238 -5.887518
v 5.598652 53.834017 -5.887518
v 5.598652 53.834017 -5.510274
v 5.598652 50.843238 -3.570158
v 5.598652 50.843238 -5.510274
v 5.598652 51.323238 -5.510274
v 5.598652 51.323238 -3.570158
v 5.598652 53.454017 -3.570158
v 5.598652 53.454017 -5.510274
v 5.598652 53.834017 -5.510274
v 5.598652 53.834017 -3.570158
v 5.528652 51.323238 -3.570158
v 5.528652 51.323238 -5.510274
v 5.528652 53.454017 -5.510274
v 5.528652 53.454017 -3.570158
v 5.598652 50.843238 -5.887518
v 5.598652 50.843238 -6.264763
v 5.598652 53.834017 -6.264763
v 5.598652 53.834017 -5.887518
v 5.598652 50.843238 -8.204879
v 5.598652 50.843238 -8.582123
v 5.598652 53.834017 -8.582123
v 5.598652 53.834017 -8.204879
v 5.598652 50.843238 -6.264763
v 5.598652 50.843238 -8.204879
v 5.598652 51.323238 -8.204879
v 5.598652 51.323238 -6.264763
v 5.598652 53.454017 -6.264763
v 5.598652 53.454017 -8.204879
v 5.598652 53.834017 -8.204879
v 5.598652 53.834017 -6.264763
v 5.528652 51.323238 -6.264763
v 5.528652 51.323238 -8.204879
v 5.528652 53.454017 -8.204879
v 5.528652 53.454017 -6.264763
v 5.598652 53.834017 7.585507
v 5.598652 53.834017 7.208262
v 5.598652 56.824795 7.208262
v 5.598652 56.824795 7.585507
v 5.598652 53.834017 5.268147
v 5.598652 53.834017 4.890902
v 5.598652 56.824795 4.890902
v 5.598652 56.824795 5.268147
v 5.598652 53.834017 7.208262
v 5.598652 53.834017 5.268147
v 5.598652 54.314017 5.268147
v 5.598652 54.314017 7.208262
v 5.598652 56.444795 7.208262
v 5.598652 56.444795 5.268147
v 5.598652 56.824795 5.268147
v 5.598652 56.824795 7.208262
v 5.528652 54.314017 7.208262
v 5.528652 54.314017 5.268147
v 5.528652 56.444795 5.268147
v 5.528652 56.444795 7.208262
v 5.598652 53.834017 4.890902
v 5.598652 53.834017 4.513657
v 5.598652 56.824795 4.513657
v 5.598652 56.824795 4.890902
v 5.598652 53.834017 2.573542
v 5.598652 53.834017 2.196297
v 5.598652 56.824795 2.196297
v 5.598652 56.824795 2.573542
v 5.598652 53.834017 4.513657
v 5.598652 53.834017 2.573542
v 5.598652 54.314017 2.573542
v 5.598652 54.314017 4.513657
v 5.598652 56.444795 4.513657
v 5.598652 56.444795 2.573542
v 5.598652 56.824795 2.573542
v 5.598652 56.824795 4.513657
v 5.528652 54.314017 4.513657
v 5.528652 54.314017 2.573542
v 5.528652 56.444795 2.573542
v 5.528652 56.444795 4.513657
v 5.598652 53.834017 2.196297
v 5.598652 53.834017 1.819052
v 5.598652 56.824795 1.819052
v 5.598652 56.824795 2.196297
v 5.598652 53.834017 -0.121063
v 5.598652 53.834017 -0.498308
v 5.598652 56.824795 -0.498308
v 5.598652 56.824795 -0.121063
v 5.598652 53.834017 1.819052
v 5.598652 53.834017 -0.121063
v 5.598652 54.314017 -0.121063
v 5.598652 54.314017 1.819052
v 5.598652 56.444795 1.819052
v 5.598652 56.444795 -0.121063
v 5.598652 56.824795 -0.121063
v 5.598652 56.824795 1.819052
v 5.528652 54.314017 1.819052
v 5.528652 54.314017 -0.121063
v 5.528652 56.444795 -0.121063
v 5.528652 56.444795 1.819052
v 5.598652 53.834017 -0.498308
v 5.598652 53.834017 -0.875553
v 5.598652 56.824795 -0.875553
v 5.598652 56.824795 -0.498308
v 5.598652 53.834017 -2.815669
v 5.598652 53.834017 -3.192913
v 5.598652 56.824795 -3.192913
v 5.598652 56.824795 -2.815669
v 5.598652 53.834017 -0.875553
v 5.598652 53.834017 -2.815669
v 5.598652 54.314017 -2.815669
v 5.598652 54.314017 -0.875553
v 5.598652 56.444795 -0.875553
v 5.598652 56.444795 -2.815669
v 5.598652 56.824795 -2.815669
v 5.598652 56.824795 -0.875553
v 5.528652 54.314017 -0.875553
v 5.528652 54.314017 -2.815669
v 5.528652 56.444795 -2.815669
v 5.528652 56.444795 -0.875553
v 5.598652 53.834017 -3.192913
v 5.598652 53.834017 -3.570158
v 5.598652 56.824795 -3.570158
v 5.598652 56.824795 -3.192913
v 5.598652 53.834017 -5.510274
v 5.598652 53.834017 -5.887518
v 5.598652 56.824795 -5.887518
v 5.598652 56.824795 -5.510274
v 5.598652 53.834017 -3.570158
v 5.598652 53.834017 -5.510274
v 5.598652 54.314017 -5.510274
v 5.598652 54.314017 -3.570158
v 5.598652 56.444795 -3.570158
v 5.598652 56.444795 -5.510274
v 5.598652 56.824795 -5.510274
v 5.598652 56.824795 -3.570158
v 5.528652 54.314017 -3.570158
v 5.528652 54.314017 -5.510274
v 5.528652 56.444795 -5.510274
v 5.528652 56.444795 -3.570158
v 5.598652 53.834017 -5.887518
v 5.598652 53.834017 -6.264763
v 5.598652 56.824795 -6.264763
v 5.598652 56.824795 -5.887518
v 5.598652 53.834017 -8.204879
v 5.598652 53.834017 -8.582123
v 5.598652 56.824795 -8.582123
v 5.598652 56.824795 -8.204879
v 5.598652 53.834017 -6.264763
v 5.598652 53.834017 -8.204879
v 5.598652 54.314017 -8.204879
v 5.598652 54.314017 -6.264763
v 5.598652 56.444795 -6.264763
v 5.598652 56.444795 -8.204879
v 5.598652 56.824795 -8.204879
v 5.598652 56.824795 -6.264763
v 5.528652 54.314017 -6.264763
v 5.528652 54.314017 -8.204879
v 5.528652 56.444795 -8.204879
v 5.528652 56.444795 -6.264763
v 5.598652 56.824795 7.585507
v 5.598652 56.824795 7.208262
v 5.598652 59.815574 7.208262
v 5.598652 59.815574 7.585507
v 5.598652 56.824795 5.268147
v 5.598652 56.824795 4.890902
v 5.598652 59.815574 4.890902
v 5.598652 59.815574 5.268147
v 5.598652 56.824795 7.208262
v 5.598652 56.824795 5.268147
v 5.598652 57.304795 5.268147
v 5.598652 57.304795 7.208262
v 5.598652 59.435574 7.208262
v 5.598652 59.435574 5.268147
v 5.598652 59.815574 5.268147
v 5.598652 59.815574 7.208262
v 5.528652 57.304795 7.208262
v 5.528652 57.304795 5.268147
v 5.528652 59.435574 5.268147
v 5.528652 59.435574 7.208262
v 5.598652 56.824795 4.890902
v 5.598652 56.824795 4.513657
v 5.598652 59.815574 4.513657
v 5.598652 59.815574 4.890902
v 5.598652 56.824795 2.573542
v 5.598652 56.824795 2.196297
v 5.598652 59.815574 2.196297
v 5.598652 59.815574 2.573542
v 5.598652 56.824795 4.513657
v 5.598652 56.824795 2.573542
v 5.598652 57.304795 2.573542
v 5.598652 57.304795 4.513657
v 5.598652 59.435574 4.513657
v 5.598652 59.435574 2.573542
v 5.598652 59.815574 2.573542
v 5.598652 59.815574 4.513657
v 5.528652 57.304795 4.513657
v 5.528652 57.304795 2.573542
v 5.528652 59.435574 2.573542
v 5.528652 59.435574 4.513657
v 5.598652 56.824795 2.196297
v 5.598652 56.824795 1.819052
v 5.598652 59.815574 1.819052
v 5.598652 59.815574 2.196297
v 5.598652 56.824795 -0.121063
v 5.598652 56.824795 -0.498308
v 5.598652 59.815574 -0.498308
v 5.598652 59.815574 -0.121063
v 5.598652 56.824795 1.819052
v 5.598652 56.824795 -0.121063
v 5.598652 57.304795 -0.121063
v 5.598652 57.304795 1.819052
v 5.598652 59.435574 1.819052
v 5.598652 59.435574 -0.121063
v 5.598652 59.815574 -0.121063
v 5.598652 59.815574 1.819052
v 5.528652 57.304795 1.819052
v 5.528652 57.304795 -0.121063
v 5.528652 59.435574 -0.121063
v 5.528652 59.435574 1.819052
v 5.598652 56.824795 -0.498308
v 5.598652 56.824795 -0.875553
v 5.598652 59.815574 -0.875553
v 5.598652 59.815574 -0.498308
v 5.598652 56.824795 -2.815669
v 5.598652 56.824795 -3.192913
v 5.598652 59.815574 -3.192913
v 5.598652 59.815574 -2.815669
v 5.598652 56.824795 -0.875553
v 5.598652 56.824795 -2.815669
v 5.598652 57.304795 -2.815669
v 5.598652 57.304795 -0.875553
v 5.598652 59.435574 -0.875553
v 5.598652 59.435574 -2.815669
v 5.598652 59.815574 -2.815669
v 5.598652 59.815574 -0.875553
v 5.528652 57.304795 -0.875553
v 5.528652 57.304795 -2.815669
v 5.528652 59.435574 -2.815669
v 5.528652 59.435574 -0.875553
v 5.598652 56.824795 -3.192913
v 5.598652 56.824795 -3.570158
v 5.598652 59.815574 -3.570158
v 5.598652 59.815574 -3.192913
v 5.598652 56.824795 -5.510274
v 5.598652 56.824795 -5.887518
v 5.598652 59.815574 -5.887518
v 5.598652 59.815574 -5.510274
v 5.598652 56.824795 -3.570158
v 5.598652 56.824795 -5.510274
v 5.598652 57.304795 -5.510274
v 5.598652 57.304795 -3.570158
v 5.598652 59.435574 -3.570158
v 5.598652 59.435574 -5.510274
v 5.598652 59.815574 -5.510274
v 5.598652 59.815574 -3.570158
v 5.528652 57.304795 -3.570158
v 5.528652 57.304795 -5.510274
v 5.528652 59.435574 -5.510274
v 5.528652 59.435574 -3.570158
v 5.598652 56.824795 -5.887518
v 5.598652 56.824795 -6.264763
v 5.598652 59.815574 -6.264763
v 5.598652 59.815574 -5.887518
v 5.598652 56.824795 -8.204879
v 5.598652 56.824795 -8.582123
v 5.598652 59.815574 -8.582123
v 5.598652 59.815574 -8.204879
v 5.598652 56.824795 -6.264763
v 5.598652 56.824795 -8.204879
v 5.598652 57.304795 -8.204879
v 5.598652 57.304795 -6.264763
v 5.598652 59.435574 -6.264763
v 5.598652 59.435574 -8.204879
v 5.598652 59.815574 -8.204879
v 5.598652 59.815574 -6.264763
v 5.528652 57.304795 -6.264763
v 5.528652 57.304795 -8.204879
v 5.528652 59.435574 -8.204879
v 5.528652 59.435574 -6.264763
v 5.598652 59.815574 7.585507
v 5.598652 59.815574 7.208262
v 5.598652 62.806353 7.208262
v 5.598652 62.806353 7.585507
v 5.598652 59.815574 5.268147
v 5.598652 59.815574 4.890902
v 5.598652 62.806353 4.890902
v 5.598652 62.806353 5.268147
v 5.598652 59.815574 7.208262
v 5.598652 59.815574 5.268147
v 5.598652 60.295574 5.268147
v 5.598652 60.295574 7.208262
v 5.598652 62.426353 7.208262
v 5.598652 62.426353 5.268147
v 5.598652 62.806353 5.268147
v 5.598652 62.806353 7.208262
v 5.528652 60.295574 7.208262
v 5.528652 60.295574 5.268147
v 5.528652 62.426353 5.268147
v 5.528652 62.426353 7.208262
v 5.598652 59.815574 4.890902
v 5.598652 59.815574 4.513657
v 5.598652 62.806353 4.513657
v 5.598652 62.806353 4.890902
v 5.598652 59.815574 2.573542
v 5.598652 59.815574 2.196297
v 5.598652 62.806353 2.196297
v 5.598652 62.806353 2.573542
v 5.598652 59.815574 4.513657
v 5.598652 59.815574 2.573542
v 5.598652 60.295574 2.573542
v 5.598652 60.295574 4.513657
v 5.598652 62.426353 4.513657
v 5.598652 62.426353 2.573542
v 5.598652 62.806353 2.573542
v 5.598652 62.806353 4.513657
v 5.528652 60.295574 4.513657
v 5.528652 60.295574 2.573542
v 5.528652 62.426353 2.573542
v 5.528652 62.426353 4.513657
v 5.598652 59.815574 2.196297
v 5.598652 59.815574 1.819052
v 5.598652 62.806353 1.819052
v 5.598652 62.806353 2.196297
v 5.598652 59.815574 -0.121063
v 5.598652 59.815574 -0.498308
v 5.598652 62.806353 -0.498308
v 5.598652 62.806353 -0.121063
v 5.598652 59.815574 1.819052
v 5.598652 59.815574 -0.121063
v 5.598652 60.295574 -0.121063
v 5.598652 60.295574 1.819052
v 5.598652 62.426353 1.819052
v 5.598652 62.426353 -0.121063
v 5.598652 62.806353 -0.121063
v 5.598652 62.806353 1.819052
v 5.528652 60.295574 1.819052
v 5.528652 60.295574 -0.121063
v 5.528652 62.426353 -0.121063
v 5.528652 62.426353 1.819052
v 5.598652 59.815574 -0.498308
v 5.598652 59.815574 -0.875553
v 5.598652 62.806353 -0.875553
v 5.598652 62.806353 -0.498308
v 5.598652 59.815574 -2.815669
v 5.598652 59.815574 -3.192913
v 5.598652 62.806353 -3.192913
v 5.598652 62.806353 -2.815669
v 5.598652 59.815574 -0.875553
v 5.598652 59.815574 -2.815669
v 5.598652 60.295574 -2.815669
v 5.598652 60.295574 -0.875553
v 5.598652 62.426353 -0.875553
v 5.598652 62.426353 -2.815669
v 5.598652 62.806353 -2.815669
v 5.598652 62.806353 -0.875553
v 5.528652 60.295574 -0.875553
v 5.528652 60.295574 -2.815669
v 5.528652 62.426353 -2.815669
v 5.528652 62.426353 -0.875553
v 5.598652 59.815574 -3.192913
v 5.598652 59.815574 -3.570158
v 5.598652 62.806353 -3.570158
v 5.598652 62.806353 -3.192913
v 5.598652 59.815574 -5.510274
v 5.598652 59.815574 -5.887518
v 5.598652 62.806353 -5.887518
v 5.598652 62.806353 -5.510274
v 5.598652 59.815574 -3.570158
v 5.598652 59.815574 -5.510274
v 5.598652 60.295574 -5.510274
v 5.598652 60.295574 -3.570158
v 5.598652 62.426353 -3.570158
v 5.598652 62.426353 -5.510274
v 5.598652 62.806353 -5.510274
v 5.598652 62.806353 -3.570158
v 5.528652 60.295574 -3.570158
v 5.528652 60.295574 -5.510274
v 5.528652 62.426353 -5.510274
v 5.528652 62.426353 -3.570158
v 5.598652 59.815574 -5.887518
v 5.598652 59.815574 -6.264763
v 5.598652 62.806353 -6.264763
v 5.598652 62.806353 -5.887518
v 5.598652 59.815574 -8.204879
v 5.598652 59.815574 -8.582123
v 5.598652 62.806353 -8.582123
v 5.598652 62.806353 -8.204879
v 5.598652 59.815574 -6.264763
v 5.598652 59.815574 -8.204879
v 5.598652 60.295574 -8.204879
v 5.598652 60.295574 -6.264763
v 5.598652 62.426353 -6.264763
v 5.598652 62.426353 -8.204879
v 5.598652 62.806353 -8.204879
v 5.598652 62.806353 -6.264763
v 5.528652 60.295574 -6.264763
v 5.528652 60.295574 -8.204879
v 5.528652 62.426353 -8.204879
v 5.528652 62.426353 -6.264763
v -3.973416 11.963115 -8.582123
v -3.973416 11.963115 -8.204879
v -3.973416 14.953893 -8.204879
v -3.973416 14.953893 -8.582123
v -3.973416 11.963115 -6.264763
v -3.973416 11.963115 -5.887518
v -3.973416 14.953893 -5.887518
v -3.973416 14.953893 -6.264763
v -3.973416 11.963115 -8.204879
v -3.973416 11.963115 -6.264763
v -3.973416 12.443115 -6.264763
v -3.973416 12.443115 -8.204879
v -3.973416 14.573893 -8.204879
v -3.973416 14.573893 -6.264763
v -3.973416 14.953893 -6.264763
v -3.973416 14.953893 -8.204879
v -3.903416 12.443115 -8.204879
v -3.903416 12.443115 -6.264763
v -3.903416 14.573893 -6.264763
v -3.903416 14.573893 -8.204879
v -3.973416 11.963115 -5.887518
v -3.973416 11.963115 -5.510274
v -3.973416 14.953893 -5.510274
v -3.973416 14.953893 -5.887518
v -3.973416 11.963115 -3.570158
v -3.973416 11.963115 -3.192913
v -3.973416 14.953893 -3.192913
v -3.973416 14.953893 -3.570158
v -3.973416 11.963115 -5.510274
v -3.973416 11.963115 -3.570158
v -3.973416 12.443115 -3.570158
v -3.973416 12.443115 -5.510274
v -3.973416 14.573893 -5.510274
v -3.973416 14.573893 -3.570158
v -3.973416 14.953893 -3.570158
v -3.973416 14.953893 -5.510274
v -3.903416 12.443115 -5.510274
v -3.903416 12.443115 -3.570158
v -3.903416 14.573893 -3.570158
v -3.903416 14.573893 -5.510274
v -3.973416 11.963115 -3.192913
v -3.973416 11.963115 -2.815669
v -3.973416 14.953893 -2.815669
v -3.973416 14.953893 -3.192913
v -3.973416 11.963115 -0.875553
v -3.973416 11.963115 -0.498308
v -3.973416 14.953893 -0.498308
v -3.973416 14.953893 -0.875553
v -3.973416 11.963115 -2.815669
v -3.973416 11.963115 -0.875553
v -3.973416 12.443115 -0.875553
v -3.973416 12.443115 -2.815669
v -3.973416 14.573893 -2.815669
v -3.973416 14.573893 -0.875553
v -3.973416 14.953893 -0.875553
v -3.973416 14.953893 -2.815669
v -3.903416 12.443115 -2.815669
v -3.903416 12.443115 -0.875553
v -3.903416 14.573893 -0.875553
v -3.903416 14.573893 -2.815669
v -3.973416 11.963115 -0.498308
v -3.973416 11.963115 -0.121063
v -3.973416 14.953893 -0.121063
v -3.973416 14.953893 -0.498308
v -3.973416 11.963115 1.819052
v -3.973416 11.963115 2.196297
v -3.973416 14.953893 2.196297
v -3.973416 14.953893 1.819052
v -3.973416 11.963115 -0.121063
v -3.973416 11.963115 1.819052
v -3.973416 12.443115 1.819052
v -3.973416 12.443115 -0.121063
v -3.973416 14.573893 -0.121063
v -3.973416 14.573893 1.819052
v -3.973416 14.953893 1.819052
v -3.973416 14.953893 -0.121063
v -3.903416 12.443115 -0.121063
v -3.903416 12.443115 1.819052
v -3.903416 14.573893 1.819052
v -3.903416 14.573893 -0.121063
v -3.973416 11.963115 2.196297
v -3.973416 11.963115 2.573542
v -3.973416 14.953893 2.573542
v -3.973416 14.953893 2.196297
v -3.973416 11.963115 4.513657
v -3.973416 11.963115 4.890902
v -3.973416 14.953893 4.890902
v -3.973416 14.953893 4.513657
v -3.973416 11.963115 2.573542
v -3.973416 11.963115 4.513657
v -3.973416 12.443115 4.513657
v -3.973416 12.443115 2.573542
v -3.973416 14.573893 2.573542
v -3.973416 14.573893 4.513657
v -3.973416 14.953893 4.513657
v -3.973416 14.953893 2.573542
v -3.903416 12.443115 2.573542
v -3.903416 12.443115 4.513657
v -3.903416 14.573893 4.513657
v -3.903416 14.573893 2.573542
v -3.973416 11.963115 4.890902
v -3.973416 11.963115 5.268147
v -3.973416 14.953893 5.268147
v -3.973416 14.953893 4.890902
v -3.973416 11.963115 7.208262
v -3.973416 11.963115 7.585507
v -3.973416 14.953893 7.585507
v -3.973416 14.953893 7.208262
v -3.973416 11.963115 5.268147
v -3.973416 11.963115 7.208262
v -3.973416 12.443115 7.208262
v -3.973416 12.443115 5.268147
v -3.973416 14.573893 5.268147
v -3.973416 14.573893 7.208262
v -3.973416 14.953893 7.208262
v -3.973416 14.953893 5.268147
v -3.903416 12.443115 5.268147
v -3.903416 12.443115 7.208262
v -3.903416 14.573893 7.208262
v -3.903416 14.573893 5.268147
v -3.973416 14.953893 -8.582123
v -3.973416 14.953893 -8.204879
v -3.973416 17.944672 -8.204879
v -3.973416 17.944672 -8.582123
v -3.973416 14.953893 -6.264763
v -3.973416 14.953893 -5.887518
v -3.973416 17.944672 -5.887518
v -3.973416 17.944672 -6.264763
v -3.973416 14.953893 -8.204879
v -3.973416 14.953893 -6.264763
v -3.973416 15.433893 -6.264763
v -3.973416 15.433893 -8.204879
v -3.973416 17.564672 -8.204879
v -3.973416 17.564672 -6.264763
v -3.973416 17.944672 -6.264763
v -3.973416 17.944672 -8.204879
v -3.903416 15.433893 -8.204879
v -3.903416 15.433893 -6.264763
v -3.903416 17.564672 -6.264763
v -3.903416 17.564672 -8.204879
v -3.973416 14.953893 -5.887518
v -3.973416 14.953893 -5.510274
v -3.973416 17.944672 -5.510274
v -3.973416 17.944672 -5.887518
v -3.973416 14.953893 -3.570158
v -3.973416 14.953893 -3.192913
v -3.973416 17.944672 -3.192913
v -3.973416 17.944672 -3.570158
v -3.973416 14.953893 -5.510274
v -3.973416 14.953893 -3.570158
v -3.973416 15.433893 -3.570158
v -3.973416 15.433893 -5.510274
v -3.973416 17.564672 -5.510274
v -3.973416 17.564672 -3.570158
v -3.973416 17.944672 -3.570158
v -3.973416 17.944672 -5.510274
v -3.903416 15.433893 -5.510274
v -3.903416 15.433893 -3.570158
v -3.903416 17.564672 -3.570158
v -3.903416 17.564672 -5.510274
v -3.973416 14.953893 -3.192913
v -3.973416 14.953893 -2.815669
v -3.973416 17.944672 -2.815669
v -3.973416 17.944672 -3.192913
v -3.973416 14.953893 -0.875553
v -3.973416 14.953893 -0.498308
v -3.973416 17.944672 -0.498308
v -3.973416 17.944672 -0.875553
v -3.973416 14.953893 -2.815669
v -3.973416 14.953893 -0.875553
v -3.973416 15.433893 -0.875553
v -3.973416 15.433893 -2.815669
v -3.973416 17.564672 -2.815669
v -3.973416 17.564672 -0.875553
v -3.973416 17.944672 -0.875553
v -3.973416 17.944672 -2.815669
v -3.903416 15.433893 -2.815669
v -3.903416 15.433893 -0.875553
v -3.903416 17.564672 -0.875553
v -3.903416 17.564672 -2.815669
v -3.973416 14.953893 -0.498308
v -3.973416 14.953893 -0.121063
v -3.973416 17.944672 -0.121063
v -3.973416 17.944672 -0.498308
v -3.973416 14.953893 1.819052
v -3.973416 14.953893 2.196297
v -3.973416 17.944672 2.196297
v -3.973416 17.944672 1.819052
v -3.973416 14.953893 -0.121063
v -3.973416 14.953893 1.819052
v -3.973416 15.433893 1.819052
v -3.973416 15.433893 -0.121063
v -3.973416 17.564672 -0.121063
v -3.973416 17.564672 1.819052
v -3.973416 17.944672 1.819052
v -3.973416 17.944672 -0.121063
v -3.903416 15.433893 -0.121063
v -3.903416 15.433893 1.819052
v -3.903416 17.564672 1.819052
v -3.903416 17.564672 -0.121063
v -3.973416 14.953893 2.196297
v -3.973416 14.953893 2.573542
v -3.973416 17.944672 2.573542
v -3.973416 17.944672 2.196297
v -3.973416 14.953893 4.513657
v -3.973416 14.953893 4.890902
v -3.973416 17.944672 4.890902
v -3.973416 17.944672 4.513657
v -3.973416 14.953893 2.573542
v -3.973416 14.953893 4.513657
v -3.973416 15.433893 4.513657
v -3.973416 15.433893 2.573542
v -3.973416 17.564672 2.573542
v -3.973416 17.564672 4.513657
v -3.973416 17.944672 4.513657
v -3.973416 17.944672 2.573542
v -3.903416 15.433893 2.573542
v -3.903416 15.433893 4.513657
v -3.903416 17.564672 4.513657
v -3.903416 17.564672 2.573542
v -3.973416 14.953893 4.890902
v -3.973416 14.953893 5.268147
v -3.973416 17.944672 5.268147
v -3.973416 17.944672 4.890902
v -3.973416 14.953893 7.208262
v -3.973416 14.953893 7.585507
v -3.973416 17.944672 7.585507
v -3.973416 17.944672 7.208262
v -3.973416 14.953893 5.268147
v -3.973416 14.953893 7.208262
v -3.973416 15.433893 7.208262
v -3.973416 15.433893 5.268147
v -3.973416 17.564672 5.268147
v -3.973416 17.564672 7.208262
v -3.973416 17.944672 7.208262
v -3.973416 17.944672 5.268147
v -3.903416 15.433893 5.268147
v -3.903416 15.433893 7.208262
v -3.903416 17.564672 7.208262
v -3.903416 17.564672 5.268147
v -3.973416 17.944672 -8.582123
v -3.973416 17.944672 -8.204879
v -3.973416 20.935451 -8.204879
v -3.973416 20.935451 -8.582123
v -3.973416 17.944672 -6.264763
v -3.973416 17.944672 -5.887518
v -3.973416 20.935451 -5.887518
v -3.973416 20.935451 -6.264763
v -3.973416 17.944672 -8.204879
v -3.973416 17.944672 -6.264763
v -3.973416 18.424672 -6.264763
v -3.973416 18.424672 -8.204879
v -3.973416 20.555451 -8.204879
v -3.973416 20.555451 -6.264763
v -3.973416 20.935451 -6.264763
v -3.973416 20.935451 -8.204879
v -3.903416 18.424672 -8.204879
v -3.903416 18.424672 -6.264763
v -3.903416 20.555451 -6.264763
v -3.903416 20.555451 -8.204879
v -3.973416 17.944672 -5.887518
v -3.973416 17.944672 -5.510274
v -3.973416 20.935451 -5.510274
v -3.973416 20.935451 -5.887518
v -3.973416 17.944672 -3.570158
v -3.973416 17.944672 -3.192913
v -3.973416 20.935451 -3.192913
v -3.973416 20.935451 -3.570158
v -3.973416 17.944672 -5.510274
v -3.973416 17.944672 -3.570158
v -3.973416 18.424672 -3.570158
v -3.973416 18.424672 -5.510274
v -3.973416 20.555451 -5.510274
v -3.973416 20.555451 -3.570158
v -3.973416 20.935451 -3.570158
v -3.973416 20.935451 -5.510274
v -3.903416 18.424672 -5.510274
v -3.903416 18.424672 -3.570158
v -3.903416 20.555451 -3.570158
v -3.903416 20.555451 -5.510274
v -3.973416 17.944672 -3.192913
v -3.973416 17.944672 -2.815669
v -3.973416 20.935451 -2.815669
v -3.973416 20.935451 -3.192913
v -3.973416 17.944672 -0.875553
v -3.973416 17.944672 -0.498308
v -3.973416 20.935451 -0.498308
v -3.973416 20.935451 -0.875553
v -3.973416 17.944672 -2.815669
v -3.973416 17.944672 -0.875553
v -3.973416 18.424672 -0.875553
v -3.973416 18.424672 -2.815669
v -3.973416 20.555451 -2.815669
v -3.973416 20.555451 -0.875553
v -3.973416 20.935451 -0.875553
v -3.973416 20.935451 -2.815669
v -3.903416 18.424672 -2.815669
v -3.903416 18.424672 -0.875553
v -3.903416 20.555451 -0.875553
v -3.903416 20.555451 -2.815669
v -3.973416 17.944672 -0.498308
v -3.973416 17.944672 -0.121063
v -3.973416 20.935451 -0.121063
v -3.973416 20.935451 -0.498308
v -3.973416 17.944672 1.819052
v -3.973416 17.944672 2.196297
v -3.973416 20.935451 2.196297
v -3.973416 20.935451 1.819052
v -3.973416 17.944672 -0.121063
v -3.973416 17.944672 1.819052
v -3.973416 18.424672 1.819052
v -3.973416 18.424672 -0.121063
v -3.973416 20.555451 -0.121063
v -3.973416 20.555451 1.819052
v -3.973416 20.935451 1.819052
v -3.973416 20.935451 -0.121063
v -3.903416 18.424672 -0.121063
v -3.903416 18.424672 1.819052
v -3.903416 20.555451 1.819052
v -3.903416 20.555451 -0.121063
v -3.973416 17.944672 2.196297
v -3.973416 17.944672 2.573542
v -3.973416 20.935451 2.573542
v -3.973416 20.935451 2.196297
v -3.973416 17.944672 4.513657
v -3.973416 17.944672 4.890902
v -3.973416 20.935451 4.890902
v -3.973416 20.935451 4.513657
v -3.973416 17.944672 2.573542
v -3.973416 17.944672 4.513657
v -3.973416 18.424672 4.513657
v -3.973416 18.424672 2.573542
v -3.973416 20.555451 2.573542
v -3.973416 20.555451 4.513657
v -3.973416 20.935451 4.513657
v -3.973416 20.935451 2.573542
v -3.903416 18.424672 2.573542
v -3.903416 18.424672 4.513657
v -3.903416 20.555451 4.513657
v -3.903416 20.555451 2.573542
v -3.973416 17.944672 4.890902
v -3.973416 17.944672 5.268147
v -3.973416 20.935451 5.268147
v -3.973416 20.935451 4.890902
v -3.973416 17.944672 7.208262
v -3.973416 17.944672 7.585507
v -3.973416 20.935451 7.585507
v -3.973416 20.935451 7.208262
v -3.973416 17.944672 5.268147
v -3.973416 17.944672 7.208262
v -3.973416 18.424672 7.208262
v -3.973416 18.424672 5.268147
v -3.973416 20.555451 5.268147
v -3.973416 20.555451 7.208262
v -3.973416 20.935451 7.208262
v -3.973416 20.935451 5.268147
v -3.903416 18.424672 5.268147
v -3.903416 18.424672 7.208262
v -3.903416 20.555451 7.208262
v -3.903416 20.555451 5.268147
v -3.973416 20.935451 -8.582123
v -3.973416 20.935451 -8.204879
v -3.973416 23.926230 -8.204879
v -3.973416 23.926230 -8.582123
v -3.973416 20.935451 -6.264763
v -3.973416 20.935451 -5.887518
v -3.973416 23.926230 -5.887518
v -3.973416 23.926230 -6.264763
v -3.973416 20.935451 -8.204879
v -3.973416 20.935451 -6.264763
v -3.973416 21.415451 -6.264763
v -3.973416 21.415451 -8.204879
v -3.973416 23.546230 -8.204879
v -3.973416 23.546230 -6.264763
v -3.973416 23.926230 -6.264763
v -3.973416 23.926230 -8.204879
v -3.903416 21.415451 -8.204879
v -3.903416 21.415451 -6.264763
v -3.903416 23.546230 -6.264763
v -3.903416 23.546230 -8.204879
v -3.973416 20.935451 -5.887518
v -3.973416 20.935451 -5.510274
v -3.973416 23.926230 -5.510274
v -3.973416 23.926230 -5.887518
v -3.973416 20.935451 -3.570158
v -3.973416 20.935451 -3.192913
v -3.973416 23.926230 -3.192913
v -3.973416 23.926230 -3.570158
v -3.973416 20.935451 -5.510274
v -3.973416 20.935451 -3.570158
v -3.973416 21.415451 -3.570158
v -3.973416 21.415451 -5.510274
v -3.973416 23.546230 -5.510274
v -3.973416 23.546230 -3.570158
v -3.973416 23.926230 -3.570158
v -3.973416 23.926230 -5.510274
v -3.903416 21.415451 -5.510274
v -3.903416 21.415451 -3.570158
v -3.903416 23.546230 -3.570158
v -3.903416 23.546230 -5.510274
v -3.973416 20.935451 -3.192913
v -3.973416 20.935451 -2.815669
v -3.973416 23.926230 -2.815669
v -3.973416 23.926230 -3.192913
v -3.973416 20.935451 -0.875553
v -3.973416 20.935451 -0.498308
v -3.973416 23.926230 -0.498308
v -3.973416 23.926230 -0.875553
v -3.973416 20.935451 -2.815669
v -3.973416 20.935451 -0.875553
v -3.973416 21.415451 -0.875553
v -3.973416 21.415451 -2.815669
v -3.973416 23.546230 -2.815669
v -3.973416 23.546230 -0.875553
v -3.973416 23.926230 -0.875553
v -3.973416 23.926230 -2.815669
v -3.903416 21.415451 -2.815669
v -3.903416 21.415451 -0.875553
v -3.903416 23.546230 -0.875553
v -3.903416 23.546230 -2.815669
v -3.973416 20.935451 -0.498308
v -3.973416 20.935451 -0.121063
v -3.973416 23.926230 -0.121063
v -3.973416 23.926230 -0.498308
v -3.973416 20.935451 1.819052
v -3.973416 20.935451 2.196297
v -3.973416 23.926230 2.196297
v -3.973416 23.926230 1.819052
v -3.973416 20.935451 -0.121063
v -3.973416 20.935451 1.819052
v -3.973416 21.415451 1.819052
v -3.973416 21.415451 -0.121063
v -3.973416 23.546230 -0.121063
v -3.973416 23.546230 1.819052
v -3.973416 23.926230 1.819052
v -3.973416 23.926230 -0.121063
v -3.903416 21.415451 -0.121063
v -3.903416 21.415451 1.819052
v -3.903416 23.546230 1.819052
v -3.903416 23.546230 -0.121063
v -3.973416 20.935451 2.196297
v -3.973416 20.935451 2.573542
v -3.973416 23.926230 2.573542
v -3.973416 23.926230 2.196297
v -3.973416 20.935451 4.513657
v -3.973416 20.935451 4.890902
v -3.973416 23.926230 4.890902
v -3.973416 23.926230 4.513657
v -3.973416 20.935451 2.573542
v -3.973416 20.935451 4.513657
v -3.973416 21.415451 4.513657
v -3.973416 21.415451 2.573542
v -3.973416 23.546230 2.573542
v -3.973416 23.546230 4.513657
v -3.973416 23.926230 4.513657
v -3.973416 23.926230 2.573542
v -3.903416 21.415451 2.573542
v -3.903416 21.415451 4.513657
v -3.903416 23.546230 4.513657
v -3.903416 23.546230 2.573542
v -3.973416 20.935451 4.890902
v -3.973416 20.935451 5.268147
v -3.973416 23.926230 5.268147
v -3.973416 23.926230 4.890902
v -3.973416 20.935451 7.208262
v -3.973416 20.935451 7.585507
v -3.973416 23.926230 7.585507
v -3.973416 23.926230 7.208262
v -3.973416 20.935451 5.268147
v -3.973416 20.935451 7.208262
v -3.973416 21.415451 7.208262
v -3.973416 21.415451 5.268147
v -3.973416 23.546230 5.268147
v -3.973416 23.546230 7.208262
v -3.973416 23.926230 7.208262
v -3.973416 23.926230 5.268147
v -3.903416 21.415451 5.268147
v -3.903416 21.415451 7.208262
v -3.903416 23.546230 7.208262
v -3.903416 23.546230 5.268147
v -3.973416 23.926230 -8.582123
v -3.973416 23.926230 -8.204879
v -3.973416 26.917008 -8.204879
v -3.973416 26.917008 -8.582123
v -3.973416 23.926230 -6.264763
v -3.973416 23.926230 -5.887518
v -3.973416 26.917008 -5.887518
v -3.973416 26.917008 -6.264763
v -3.973416 23.926230 -8.204879
v -3.973416 23.926230 -6.264763
v -3.973416 24.406230 -6.264763
v -3.973416 24.406230 -8.204879
v -3.973416 26.537008 -8.204879
v -3.973416 26.537008 -6.264763
v -3.973416 26.917008 -6.264763
v -3.973416 26.917008 -8.204879
v -3.903416 24.406230 -8.204879
v -3.903416 24.406230 -6.264763
v -3.903416 26.537008 -6.264763
v -3.903416 26.537008 -8.204879
v -3.973416 23.926230 -5.887518
v -3.973416 23.926230 -5.510274
v -3.973416 26.917008 -5.510274
v -3.973416 26.917008 -5.887518
v -3.973416 23.926230 -3.570158
v -3.973416 23.926230 -3.192913
v -3.973416 26.917008 -3.192913
v -3.973416 26.917008 -3.570158
v -3.973416 23.926230 -5.510274
v -3.973416 23.926230 -3.570158
v -3.973416 24.406230 -3.570158
v -3.973416 24.406230 -5.510274
v -3.973416 26.537008 -5.510274
v -3.973416 26.537008 -3.570158
v -3.973416 26.917008 -3.570158
v -3.973416 26.917008 -5.510274
v -3.903416 24.406230 -5.510274
v -3.903416 24.406230 -3.570158
v -3.903416 26.537008 -3.570158
v -3.903416 26.537008 -5.510274
v -3.973416 23.926230 -3.192913
v -3.973416 23.926230 -2.815669
v -3.973416 26.917008 -2.815669
v -3.973416 26.917008 -3.192913
v -3.973416 23.926230 -0.875553
v -3.973416 23.926230 -0.498308
v -3.973416 26.917008 -0.498308
v -3.973416 26.917008 -0.875553
v -3.973416 23.926230 -2.815669
v -3.973416 23.926230 -0.875553
v -3.973416 24.406230 -0.875553
v -3.973416 24.406230 -2.815669
v -3.973416 26.537008 -2.815669
v -3.973416 26.537008 -0.875553
v -3.973416 26.917008 -0.875553
v -3.973416 26.917008 -2.815669
v -3.903416 24.406230 -2.815669
v -3.903416 24.406230 -0.875553
v -3.903416 26.537008 -0.875553
v -3.903416 26.537008 -2.815669
v -3.973416 23.926230 -0.498308
v -3.973416 23.926230 -0.121063
v -3.973416 26.917008 -0.121063
v -3.973416 26.917008 -0.498308
v -3.973416 23.926230 1.819052
v -3.973416 23.926230 2.196297
v -3.973416 26.917008 2.196297
v -3.973416 26.917008 1.819052
v -3.973416 23.926230 -0.121063
v -3.973416 23.926230 1.819052
v -3.973416 24.406230 1.819052
v -3.973416 24.406230 -0.121063
v -3.973416 26.537008 -0.121063
v -3.973416 26.537008 1.819052
v -3.973416 26.917008 1.819052
v -3.973416 26.917008 -0.121063
v -3.903416 24.406230 -0.121063
v -3.903416 24.406230 1.819052
v -3.903416 26.537008 1.819052
v -3.903416 26.537008 -0.121063
v -3.973416 23.926230 2.196297
v -3.973416 23.926230 2.573542
v -3.973416 26.917008 2.573542
v -3.973416 26.917008 2.196297
v -3.973416 23.926230 4.513657
v -3.973416 23.926230 4.890902
v -3.973416 26.917008 4.890902
v -3.973416 26.917008 4.513657
v -3.973416 23.926230 2.573542
v -3.973416 23.926230 4.513657
v -3.973416 24.406230 4.513657
v -3.973416 24.406230 2.573542
v -3.973416 26.537008 2.573542
v -3.973416 26.537008 4.513657
v -3.973416 26.917008 4.513657
v -3.973416 26.917008 2.573542
v -3.903416 24.406230 2.573542
v -3.903416 24.406230 4.513657
v -3.903416 26.537008 4.513657
v -3.903416 26.537008 2.573542
v -3.973416 23.926230 4.890902
v -3.973416 23.926230 5.268147
v -3.973416 26.917008 5.268147
v -3.973416 26.917008 4.890902
v -3.973416 23.926230 7.208262
v -3.973416 23.926230 7.585507
v -3.973416 26.917008 7.585507
v -3.973416 26.917008 7.208262
v -3.973416 23.926230 5.268147
v -3.973416 23.926230 7.208262
v -3.973416 24.406230 7.208262
v -3.973416 24.406230 5.268147
v -3.973416 26.537008 5.268147
v -3.973416 26.537008 7.208262
v -3.973416 26.917008 7.208262
v -3.973416 26.917008 5.268147
v -3.903416 24.406230 5.268147
v -3.903416 24.406230 7.208262
v -3.903416 26.537008 7.208262
v -3.903416 26.537008 5.268147
v -3.973416 26.917008 -8.582123
v -3.973416 26.917008 -8.204879
v -3.973416 29.907787 -8.204879
v -3.973416 29.907787 -8.582123
v -3.973416 26.917008 -6.264763
v -3.973416 26.917008 -5.887518
v -3.973416 29.907787 -5.887518
v -3.973416 29.907787 -6.264763
v -3.973416 26.917008 -8.204879
v -3.973416 26.917008 -6.264763
v -3.973416 27.397008 -6.264763
v -3.973416 27.397008 -8.204879
v -3.973416 29.527787 -8.204879
v -3.973416 29.527787 -6.264763
v -3.973416 29.907787 -6.264763
v -3.973416 29.907787 -8.204879
v -3.903416 27.397008 -8.204879
v -3.903416 27.397008 -6.264763
v -3.903416 29.527787 -6.264763
v -3.903416 29.527787 -8.204879
v -3.973416 26.917008 -5.887518
v -3.973416 26.917008 -5.510274
v -3.973416 29.907787 -5.510274
v -3.973416 29.907787 -5.887518
v -3.973416 26.917008 -3.570158
v -3.973416 26.917008 -3.192913
v -3.973416 29.907787 -3.192913
v -3.973416 29.907787 -3.570158
v -3.973416 26.917008 -5.510274
v -3.973416 26.917008 -3.570158
v -3.973416 27.397008 -3.570158
v -3.973416 27.397008 -5.510274
v -3.973416 29.527787 -5.510274
v -3.973416 29.527787 -3.570158
v -3.973416 29.907787 -3.570158
v -3.973416 29.907787 -5.510274
v -3.903416 27.397008 -5.510274
v -3.903416 27.397008 -3.570158
v -3.903416 29.527787 -3.570158
v -3.903416 29.527787 -5.510274
v -3.973416 26.917008 -3.192913
v -3.973416 26.917008 -2.815669
v -3.973416 29.907787 -2.815669
v -3.973416 29.907787 -3.192913
v -3.973416 26.917008 -0.875553
v -3.973416 26.917008 -0.498308
v -3.973416 29.907787 -0.498308
v -3.973416 29.907787 -0.875553
v -3.973416 26.917008 -2.815669
v -3.973416 26.917008 -0.875553
v -3.973416 27.397008 -0.875553
v -3.973416 27.397008 -2.815669
v -3.973416 29.527787 -2.815669
v -3.973416 29.527787 -0.875553
v -3.973416 29.907787 -0.875553
v -3.973416 29.907787 -2.815669
v -3.903416 27.397008 -2.815669
v -3.903416 27.397008 -0.875553
v -3.903416 29.527787 -0.875553
v -3.903416 29.527787 -2.815669
v -3.973416 26.917008 -0.498308
v -3.973416 26.917008 -0.121063
v -3.973416 29.907787 -0.121063
v -3.973416 29.907787 -0.498308
v -3.973416 26.917008 1.819052
v -3.973416 26.917008 2.196297
v -3.973416 29.907787 2.196297
v -3.973416 29.907787 1.819052
v -3.973416 26.917008 -0.121063
v -3.973416 26.917008 1.819052
v -3.973416 27.397008 1.819052
v -3.973416 27.397008 -0.121063
v -3.973416 29.527787 -0.121063
v -3.973416 29.527787 1.819052
v -3.973416 29.907787 1.819052
v -3.973416 29.907787 -0.121063
v -3.903416 27.397008 -0.121063
v -3.903416 27.397008 1.819052
v -3.903416 29.527787 1.819052
v -3.903416 29.527787 -0.121063
v -3.973416 26.917008 2.196297
v -3.973416 26.917008 2.573542
v -3.973416 29.907787 2.573542
v -3.973416 29.907787 2.196297
v -3.973416 26.917008 4.513657
v -3.973416 26.917008 4.890902
v -3.973416 29.907787 4.890902
v -3.973416 29.907787 4.513657
v -3.973416 26.917008 2.573542
v -3.973416 26.917008 4.513657
v -3.973416 27.397008 4.513657
v -3.973416 27.397008 2.573542
v -3.973416 29.527787 2.573542
v -3.973416 29.527787 4.513657
v -3.973416 29.907787 4.513657
v -3.973416 29.907787 2.573542
v -3.903416 27.397008 2.573542
v -3.903416 27.397008 4.513657
v -3.903416 29.527787 4.513657
v -3.903416 29.527787 2.573542
v -3.973416 26.917008 4.890902
v -3.973416 26.917008 5.268147
v -3.973416 29.907787 5.268147
v -3.973416 29.907787 4.890902
v -3.973416 26.917008 7.208262
v -3.973416 26.917008 7.585507
v -3.973416 29.907787 7.585507
v -3.973416 29.907787 7.208262
v -3.973416 26.917008 5.268147
v -3.973416 26.917008 7.208262
v -3.973416 27.397008 7.208262
v -3.973416 27.397008 5.268147
v -3.973416 29.527787 5.268147
v -3.973416 29.527787 7.208262
v -3.973416 29.907787 7.208262
v -3.973416 29.907787 5.268147
v -3.903416 27.397008 5.268147
v -3.903416 27.397008 7.208262
v -3.903416 29.527787 7.208262
v -3.903416 29.527787 5.268147
v -3.973416 29.907787 -8.582123
v -3.973416 29.907787 -8.204879
v -3.973416 32.898566 -8.204879
v -3.973416 32.898566 -8.582123
v -3.973416 29.907787 -6.264763
v -3.973416 29.907787 -5.887518
v -3.973416 32.898566 -5.887518
v -3.973416 32.898566 -6.264763
v -3.973416 29.907787 -8.204879
v -3.973416 29.907787 -6.264763
v -3.973416 30.387787 -6.264763
v -3.973416 30.387787 -8.204879
v -3.973416 32.518566 -8.204879
v -3.973416 32.518566 -6.264763
v -3.973416 32.898566 -6.264763
v -3.973416 32.898566 -8.204879
v -3.903416 30.387787 -8.204879
v -3.903416 30.387787 -6.264763
v -3.903416 32.518566 -6.264763
v -3.903416 32.518566 -8.204879
v -3.973416 29.907787 -5.887518
v -3.973416 29.907787 -5.510274
v -3.973416 32.898566 -5.510274
v -3.973416 32.898566 -5.887518
v -3.973416 29.907787 -3.570158
v -3.973416 29.907787 -3.192913
v -3.973416 32.898566 -3.192913
v -3.973416 32.898566 -3.570158
v -3.973416 29.907787 -5.510274
v -3.973416 29.907787 -3.570158
v -3.973416 30.387787 -3.570158
v -3.973416 30.387787 -5.510274
v -3.973416 32.518566 -5.510274
v -3.973416 32.518566 -3.570158
v -3.973416 32.898566 -3.570158
v -3.973416 32.898566 -5.510274
v -3.903416 30.387787 -5.510274
v -3.903416 30.387787 -3.570158
v -3.903416 32.518566 -3.570158
v -3.903416 32.518566 -5.510274
v -3.973416 29.907787 -3.192913
v -3.973416 29.907787 -2.815669
v -3.973416 32.898566 -2.815669
v -3.973416 32.898566 -3.192913
v -3.973416 29.907787 -0.875553
v -3.973416 29.907787 -0.498308
v -3.973416 32.898566 -0.498308
v -3.973416 32.898566 -0.875553
v -3.973416 29.907787 -2.815669
v -3.973416 29.907787 -0.875553
v -3.973416 30.387787 -0.875553
v -3.973416 30.387787 -2.815669
v -3.973416 32.518566 -2.815669
v -3.973416 32.518566 -0.875553
v -3.973416 32.898566 -0.875553
v -3.973416 32.898566 -2.815669
v -3.903416 30.387787 -2.815669
v -3.903416 30.387787 -0.875553
v -3.903416 32.518566 -0.875553
v -3.903416 32.518566 -2.815669
v -3.973416 29.907787 -0.498308
v -3.973416 29.907787 -0.121063
v -3.973416 32.898566 -0.121063
v -3.973416 32.898566 -0.498308
v -3.973416 29.907787 1.819052
v -3.973416 29.907787 2.196297
v -3.973416 32.898566 2.196297
v -3.973416 32.898566 1.819052
v -3.973416 29.907787 -0.121063
v -3.973416 29.907787 1.819052
v -3.973416 30.387787 1.819052
v -3.973416 30.387787 -0.121063
v -3.973416 32.518566 -0.121063
v -3.973416 32.518566 1.819052
v -3.973416 32.898566 1.819052
v -3.973416 32.898566 -0.121063
v -3.903416 30.387787 -0.121063
v -3.903416 30.387787 1.819052
v -3.903416 32.518566 1.819052
v -3.903416 32.518566 -0.121063
v -3.973416 29.907787 2.196297
v -3.973416 29.907787 2.573542
v -3.973416 32.898566 2.573542
v -3.973416 32.898566 2.196297
v -3.973416 29.907787 4.513657
v -3.973416 29.907787 4.890902
v -3.973416 32.898566 4.890902
v -3.973416 32.898566 4.513657
v -3.973416 29.907787 2.573542
v -3.973416 29.907787 4.513657
v -3.973416 30.387787 4.513657
v -3.973416 30.387787 2.573542
v -3.973416 32.518566 2.573542
v -3.973416 32.518566 4.513657
v -3.973416 32.898566 4.513657
v -3.973416 32.898566 2.573542
v -3.903416 30.387787 2.573542
v -3.903416 30.387787 4.513657
v -3.903416 32.518566 4.513657
v -3.903416 32.518566 2.573542
v -3.973416 29.907787 4.890902
v -3.973416 29.907787 5.268147
v -3.973416 32.898566 5.268147
v -3.973416 32.898566 4.890902
v -3.973416 29.907787 7.208262
v -3.973416 29.907787 7.585507
v -3.973416 32.898566 7.585507
v -3.973416 32.898566 7.208262
v -3.973416 29.907787 5.268147
v -3.973416 29.907787 7.208262
v -3.973416 30.387787 7.208262
v -3.973416 30.387787 5.268147
v -3.973416 32.518566 5.268147
v -3.973416 32.518566 7.208262
v -3.973416 32.898566 7.208262
v -3.973416 32.898566 5.268147
v -3.903416 30.387787 5.268147
v -3.903416 30.387787 7.208262
v -3.903416 32.518566 7.208262
v -3.903416 32.518566 5.268147
v -3.973416 32.898566 -8.582123
v -3.973416 32.898566 -8.204879
v -3.973416 35.889344 -8.204879
v -3.973416 35.889344 -8.582123
v -3.973416 32.898566 -6.264763
v -3.973416 32.898566 -5.887518
v -3.973416 35.889344 -5.887518
v -3.973416 35.889344 -6.264763
v -3.973416 32.898566 -8.204879
v -3.973416 32.898566 -6.264763
v -3.973416 33.378566 -6.264763
v -3.973416 33.378566 -8.204879
v -3.973416 35.509344 -8.204879
v -3.973416 35.509344 -6.264763
v -3.973416 35.889344 -6.264763
v -3.973416 35.889344 -8.204879
v -3.903416 33.378566 -8.204879
v -3.903416 33.378566 -6.264763
v -3.903416 35.509344 -6.264763
v -3.903416 35.509344 -8.204879
v -3.973416 32.898566 -5.887518
v -3.973416 32.898566 -5.510274
v -3.973416 35.889344 -5.510274
v -3.973416 35.889344 -5.887518
v -3.973416 32.898566 -3.570158
v -3.973416 32.898566 -3.192913
v -3.973416 35.889344 -3.192913
v -3.973416 35.889344 -3.570158
v -3.973416 32.898566 -5.510274
v -3.973416 32.898566 -3.570158
v -3.973416 33.378566 -3.570158
v -3.973416 33.378566 -5.510274
v -3.973416 35.509344 -5.510274
v -3.973416 35.509344 -3.570158
v -3.973416 35.889344 -3.570158
v -3.973416 35.889344 -5.510274
v -3.903416 33.378566 -5.510274
v -3.903416 33.378566 -3.570158
v -3.903416 35.509344 -3.570158
v -3.903416 35.509344 -5.510274
v -3.973416 32.898566 -3.192913
v -3.973416 32.898566 -2.815669
v -3.973416 35.889344 -2.815669
v -3.973416 35.889344 -3.192913
v -3.973416 32.898566 -0.875553
v -3.973416 32.898566 -0.498308
v -3.973416 35.889344 -0.498308
v -3.973416 35.889344 -0.875553
v -3.973416 32.898566 -2.815669
v -3.973416 32.898566 -0.875553
v -3.973416 33.378566 -0.875553
v -3.973416 33.378566 -2.815669
v -3.973416 35.509344 -2.815669
v -3.973416 35.509344 -0.875553
v -3.973416 35.889344 -0.875553
v -3.973416 35.889344 -2.815669
v -3.903416 33.378566 -2.815669
v -3.903416 33.378566 -0.875553
v -3.903416 35.509344 -0.875553
v -3.903416 35.509344 -2.815669
v -3.973416 32.898566 -0.498308
v -3.973416 32.898566 -0.121063
v -3.973416 35.889344 -0.121063
v -3.973416 35.889344 -0.498308
v -3.973416 32.898566 1.819052
v -3.973416 32.898566 2.196297
v -3.973416 35.889344 2.196297
v -3.973416 35.889344 1.819052
v -3.973416 32.898566 -0.121063
v -3.973416 32.898566 1.819052
v -3.973416 33.378566 1.819052
v -3.973416 33.378566 -0.121063
v -3.973416 35.509344 -0.121063
v -3.973416 35.509344 1.819052
v -3.973416 35.889344 1.819052
v -3.973416 35.889344 -0.121063
v -3.903416 33.378566 -0.121063
v -3.903416 33.378566 1.819052
v -3.903416 35.509344 1.819052
v -3.903416 35.509344 -0.121063
v -3.973416 32.898566 2.196297
v -3.973416 32.898566 2.573542
v -3.973416 35.889344 2.573542
v -3.973416 35.889344 2.196297
v -3.973416 32.898566 4.513657
v -3.973416 32.898566 4.890902
v -3.973416 35.889344 4.890902
v -3.973416 35.889344 4.513657
v -3.973416 32.898566 2.573542
v -3.973416 32.898566 4.513657
v -3.973416 33.378566 4.513657
v -3.973416 33.378566 2.573542
v -3.973416 35.509344 2.573542
v -3.973416 35.509344 4.513657
v -3.973416 35.889344 4.513657
v -3.973416 35.889344 2.573542
v -3.903416 33.378566 2.573542
v -3.903416 33.378566 4.513657
v -3.903416 35.509344 4.513657
v -3.903416 35.509344 2.573542
v -3.973416 32.898566 4.890902
v -3.973416 32.898566 5.268147
v -3.973416 35.889344 5.268147
v -3.973416 35.889344 4.890902
v -3.973416 32.898566 7.208262
v -3.973416 32.898566 7.585507
v -3.973416 35.889344 7.585507
v -3.973416 35.889344 7.208262
v -3.973416 32.898566 5.268147
v -3.973416 32.898566 7.208262
v -3.973416 33.378566 7.208262
v -3.973416 33.378566 5.268147
v -3.973416 35.509344 5.268147
v -3.973416 35.509344 7.208262
v -3.973416 35.889344 7.208262
v -3.973416 35.889344 5.268147
v -3.903416 33.378566 5.268147
v -3.903416 33.378566 7.208262
v -3.903416 35.509344 7.208262
v -3.903416 35.509344 5.268147
v -3.973416 35.889344 -8.582123
v -3.973416 35.889344 -8.204879
v -3.973416 38.880123 -8.204879
v -3.973416 38.880123 -8.582123
v -3.973416 35.889344 -6.264763
v -3.973416 35.889344 -5.887518
v -3.973416 38.880123 -5.887518
v -3.973416 38.880123 -6.264763
v -3.973416 35.889344 -8.204879
v -3.973416 35.889344 -6.264763
v -3.973416 36.369344 -6.264763
v -3.973416 36.369344 -8.204879
v -3.973416 38.500123 -8.204879
v -3.973416 38.500123 -6.264763
v -3.973416 38.880123 -6.264763
v -3.973416 38.880123 -8.204879
v -3.903416 36.369344 -8.204879
v -3.903416 36.369344 -6.264763
v -3.903416 38.500123 -6.264763
v -3.903416 38.500123 -8.204879
v -3.973416 35.889344 -5.887518
v -3.973416 35.889344 -5.510274
v -3.973416 38.880123 -5.510274
v -3.973416 38.880123 -5.887518
v -3.973416 35.889344 -3.570158
v -3.973416 35.889344 -3.192913
v -3.973416 38.880123 -3.192913
v -3.973416 38.880123 -3.570158
v -3.973416 35.889344 -5.510274
v -3.973416 35.889344 -3.570158
v -3.973416 36.369344 -3.570158
v -3.973416 36.369344 -5.510274
v -3.973416 38.500123 -5.510274
v -3.973416 38.500123 -3.570158
v -3.973416 38.880123 -3.570158
v -3.973416 38.880123 -5.510274
v -3.903416 36.369344 -5.510274
v -3.903416 36.369344 -3.570158
v -3.903416 38.500123 -3.570158
v -3.903416 38.500123 -5.510274
v -3.973416 35.889344 -3.192913
v -3.973416 35.889344 -2.815669
v -3.973416 38.880123 -2.815669
v -3.973416 38.880123 -3.192913
v -3.973416 35.889344 -0.875553
v -3.973416 35.889344 -0.498308
v -3.973416 38.880123 -0.498308
v -3.973416 38.880123 -0.875553
v -3.973416 35.889344 -2.815669
v -3.973416 35.889344 -0.875553
v -3.973416 36.369344 -0.875553
v -3.973416 36.369344 -2.815669
v -3.973416 38.500123 -2.815669
v -3.973416 38.500123 -0.875553
v -3.973416 38.880123 -0.875553
v -3.973416 38.880123 -2.815669
v -3.903416 36.369344 -2.815669
v -3.903416 36.369344 -0.875553
v -3.903416 38.500123 -0.875553
v -3.903416 38.500123 -2.815669
v -3.973416 35.889344 -0.498308
v -3.973416 35.889344 -0.121063
v -3.973416 38.880123 -0.121063
v -3.973416 38.880123 -0.498308
v -3.973416 35.889344 1.819052
v -3.973416 35.889344 2.196297
v -3.973416 38.880123 2.196297
v -3.973416 38.880123 1.819052
v -3.973416 35.889344 -0.121063
v -3.973416 35.889344 1.819052
v -3.973416 36.369344 1.819052
v -3.973416 36.369344 -0.121063
v -3.973416 38.500123 -0.121063
v -3.973416 38.500123 1.819052
v -3.973416 38.880123 1.819052
v -3.973416 38.880123 -0.121063
v -3.903416 36.369344 -0.121063
v -3.903416 36.369344 1.819052
v -3.903416 38.500123 1.819052
v -3.903416 38.500123 -0.121063
v -3.973416 35.889344 2.196297
v -3.973416 35.889344 2.573542
v -3.973416 38.880123 2.573542
v -3.973416 38.880123 2.196297
v -3.973416 35.889344 4.513657
v -3.973416 35.889344 4.890902
v -3.973416 38.880123 4.890902
v -3.973416 38.880123 4.513657
v -3.973416 35.889344 2.573542
v -3.973416 35.889344 4.513657
v -3.973416 36.369344 4.513657
v -3.973416 36.369344 2.573542
v -3.973416 38.500123 2.573542
v -3.973416 38.500123 4.513657
v -3.973416 38.880123 4.513657
v -3.973416 38.880123 2.573542
v -3.903416 36.369344 2.573542
v -3.903416 36.369344 4.513657
v -3.903416 38.500123 4.513657
v -3.903416 38.500123 2.573542
v -3.973416 35.889344 4.890902
v -3.973416 35.889344 5.268147
v -3.973416 38.880123 5.268147
v -3.973416 38.880123 4.890902
v -3.973416 35.889344 7.208262
v -3.973416 35.889344 7.585507
v -3.973416 38.880123 7.585507
v -3.973416 38.880123 7.208262
v -3.973416 35.889344 5.268147
v -3.973416 35.889344 7.208262
v -3.973416 36.369344 7.208262
v -3.973416 36.369344 5.268147
v -3.973416 38.500123 5.268147
v -3.973416 38.500123 7.208262
v -3.973416 38.880123 7.208262
v -3.973416 38.880123 5.268147
v -3.903416 36.369344 5.268147
v -3.903416 36.369344 7.208262
v -3.903416 38.500123 7.208262
v -3.903416 38.500123 5.268147
v -3.973416 38.880123 -8.582123
v -3.973416 38.880123 -8.204879
v -3.973416 41.870902 -8.204879
v -3.973416 41.870902 -8.582123
v -3.973416 38.880123 -6.264763
v -3.973416 38.880123 -5.887518
v -3.973416 41.870902 -5.887518
v -3.973416 41.870902 -6.264763
v -3.973416 38.880123 -8.204879
v -3.973416 38.880123 -6.264763
v -3.973416 39.360123 -6.264763
v -3.973416 39.360123 -8.204879
v -3.973416 41.490902 -8.204879
v -3.973416 41.490902 -6.264763
v -3.973416 41.870902 -6.264763
v -3.973416 41.870902 -8.204879
v -3.903416 39.360123 -8.204879
v -3.903416 39.360123 -6.264763
v -3.903416 41.490902 -6.264763
v -3.903416 41.490902 -8.204879
v -3.973416 38.880123 -5.887518
v -3.973416 38.880123 -5.510274
v -3.973416 41.870902 -5.510274
v -3.973416 41.870902 -5.887518
v -3.973416 38.880123 -3.570158
v -3.973416 38.880123 -3.192913
v -3.973416 41.870902 -3.192913
v -3.973416 41.870902 -3.570158
v -3.973416 38.880123 -5.510274
v -3.973416 38.880123 -3.570158
v -3.973416 39.360123 -3.570158
v -3.973416 39.360123 -5.510274
v -3.973416 41.490902 -5.510274
v -3.973416 41.490902 -3.570158
v -3.973416 41.870902 -3.570158
v -3.973416 41.870902 -5.510274
v -3.903416 39.360123 -5.510274
v -3.903416 39.360123 -3.570158
v -3.903416 41.490902 -3.570158
v -3.903416 41.490902 -5.510274
v -3.973416 38.880123 -3.192913
v -3.973416 38.880123 -2.815669
v -3.973416 41.870902 -2.815669
v -3.973416 41.870902 -3.192913
v -3.973416 38.880123 -0.875553
v -3.973416 38.880123 -0.498308
v -3.973416 41.870902 -0.498308
v -3.973416 41.870902 -0.875553
v -3.973416 38.880123 -2.815669
v -3.973416 38.880123 -0.875553
v -3.973416 39.360123 -0.875553
v -3.973416 39.360123 -2.815669
v -3.973416 41.490902 -2.815669
v -3.973416 41.490902 -0.875553
v -3.973416 41.870902 -0.875553
v -3.973416 41.870902 -2.815669
v -3.903416 39.360123 -2.815669
v -3.903416 39.360123 -0.875553
v -3.903416 41.490902 -0.875553
v -3.903416 41.490902 -2.815669
v -3.973416 38.880123 -0.498308
v -3.973416 38.880123 -0.121063
v -3.973416 41.870902 -0.121063
v -3.973416 41.870902 -0.498308
v -3.973416 38.880123 1.819052
v -3.973416 38.880123 2.196297
v -3.973416 41.870902 2.196297
v -3.973416 41.870902 1.819052
v -3.973416 38.880123 -0.121063
v -3.973416 38.880123 1.819052
v -3.973416 39.360123 1.819052
v -3.973416 39.360123 -0.121063
v -3.973416 41.490902 -0.121063
v -3.973416 41.490902 1.819052
v -3.973416 41.870902 1.819052
v -3.973416 41.870902 -0.121063
v -3.903416 39.360123 -0.121063
v -3.903416 39.360123 1.819052
v -3.903416 41.490902 1.819052
v -3.903416 41.490902 -0.121063
v -3.973416 38.880123 2.196297
v -3.973416 38.880123 2.573542
v -3.973416 41.870902 2.573542
v -3.973416 41.870902 2.196297
v -3.973416 38.880123 4.513657
v -3.973416 38.880123 4.890902
v -3.973416 41.870902 4.890902
v -3.973416 41.870902 4.513657
v -3.973416 38.880123 2.573542
v -3.973416 38.880123 4.513657
v -3.973416 39.360123 4.513657
v -3.973416 39.360123 2.573542
v -3.973416 41.490902 2.573542
v -3.973416 41.490902 4.513657
v -3.973416 41.870902 4.513657
v -3.973416 41.870902 2.573542
v -3.903416 39.360123 2.573542
v -3.903416 39.360123 4.513657
v -3.903416 41.490902 4.513657
v -3.903416 41.490902 2.573542
v -3.973416 38.880123 4.890902
v -3.973416 38.880123 5.268147
v -3.973416 41.870902 5.268147
v -3.973416 41.870902 4.890902
v -3.973416 38.880123 7.208262
v -3.973416 38.880123 7.585507
v -3.973416 41.870902 7.585507
v -3.973416 41.870902 7.208262
v -3.973416 38.880123 5.268147
v -3.973416 38.880123 7.208262
v -3.973416 39.360123 7.208262
v -3.973416 39.360123 5.268147
v -3.973416 41.490902 5.268147
v -3.973416 41.490902 7.208262
v -3.973416 41.870902 7.208262
v -3.973416 41.870902 5.268147
v -3.903416 39.360123 5.268147
v -3.903416 39.360123 7.208262
v -3.903416 41.490902 7.208262
v -3.903416 41.490902 5.268147
v -3.973416 41.870902 -8.582123
v -3.973416 41.870902 -8.204879
v -3.973416 44.861680 -8.204879
v -3.973416 44.861680 -8.582123
v -3.973416 41.870902 -6.264763
v -3.973416 41.870902 -5.887518
v -3.973416 44.861680 -5.887518
v -3.973416 44.861680 -6.264763
v -3.973416 41.870902 -8.204879
v -3.973416 41.870902 -6.264763
v -3.973416 42.350902 -6.264763
v -3.973416 42.350902 -8.204879
v -3.973416 44.481680 -8.204879
v -3.973416 44.481680 -6.264763
v -3.973416 44.861680 -6.264763
v -3.973416 44.861680 -8.204879
v -3.903416 42.350902 -8.204879
v -3.903416 42.350902 -6.264763
v -3.903416 44.481680 -6.264763
v -3.903416 44.481680 -8.204879
v -3.973416 41.870902 -5.887518
v -3.973416 41.870902 -5.510274
v -3.973416 44.861680 -5.510274
v -3.973416 44.861680 -5.887518
v -3.973416 41.870902 -3.570158
v -3.973416 41.870902 -3.192913
v -3.973416 44.861680 -3.192913
v -3.973416 44.861680 -3.570158
v -3.973416 41.870902 -5.510274
v -3.973416 41.870902 -3.570158
v -3.973416 42.350902 -3.570158
v -3.973416 42.350902 -5.510274
v -3.973416 44.481680 -5.510274
v -3.973416 44.481680 -3.570158
v -3.973416 44.861680 -3.570158
v -3.973416 44.861680 -5.510274
v -3.903416 42.350902 -5.510274
v -3.903416 42.350902 -3.570158
v -3.903416 44.481680 -3.570158
v -3.903416 44.481680 -5.510274
v -3.973416 41.870902 -3.192913
v -3.973416 41.870902 -2.815669
v -3.973416 44.861680 -2.815669
v -3.973416 44.861680 -3.192913
v -3.973416 41.870902 -0.875553
v -3.973416 41.870902 -0.498308
v -3.973416 44.861680 -0.498308
v -3.973416 44.861680 -0.875553
v -3.973416 41.870902 -2.815669
v -3.973416 41.870902 -0.875553
v -3.973416 42.350902 -0.875553
v -3.973416 42.350902 -2.815669
v -3.973416 44.481680 -2.815669
v -3.973416 44.481680 -0.875553
v -3.973416 44.861680 -0.875553
v -3.973416 44.861680 -2.815669
v -3.903416 42.350902 -2.815669
v -3.903416 42.350902 -0.875553
v -3.903416 44.481680 -0.875553
v -3.903416 44.481680 -2.815669
v -3.973416 41.870902 -0.498308
v -3.973416 41.870902 -0.121063
v -3.973416 44.861680 -0.121063
v -3.973416 44.861680 -0.498308
v -3.973416 41.870902 1.819052
v -3.973416 41.870902 2.196297
v -3.973416 44.861680 2.196297
v -3.973416 44.861680 1.819052
v -3.973416 41.870902 -0.121063
v -3.973416 41.870902 1.819052
v -3.973416 42.350902 1.819052
v -3.973416 42.350902 -0.121063
v -3.973416 44.481680 -0.121063
v -3.973416 44.481680 1.819052
v -3.973416 44.861680 1.819052
v -3.973416 44.861680 -0.121063
v -3.903416 42.350902 -0.121063
v -3.903416 42.350902 1.819052
v -3.903416 44.481680 1.819052
v -3.903416 44.481680 -0.121063
v -3.973416 41.870902 2.196297
v -3.973416 41.870902 2.573542
v -3.973416 44.861680 2.573542
v -3.973416 44.861680 2.196297
v -3.973416 41.870902 4.513657
v -3.973416 41.870902 4.890902
v -3.973416 44.861680 4.890902
v -3.973416 44.861680 4.513657
v -3.973416 41.870902 2.573542
v -3.973416 41.870902 4.513657
v -3.973416 42.350902 4.513657
v -3.973416 42.350902 2.573542
v -3.973416 44.481680 2.573542
v -3.973416 44.481680 4.513657
v -3.973416 44.861680 4.513657
v -3.973416 44.861680 2.573542
v -3.903416 42.350902 2.573542
v -3.903416 42.350902 4.513657
v -3.903416 44.481680 4.513657
v -3.903416 44.481680 2.573542
v -3.973416 41.870902 4.890902
v -3.973416 41.870902 5.268147
v -3.973416 44.861680 5.268147
v -3.973416 44.861680 4.890902
v -3.973416 41.870902 7.208262
v -3.973416 41.870902 7.585507
v -3.973416 44.861680 7.585507
v -3.973416 44.861680 7.208262
v -3.973416 41.870902 5.268147
v -3.973416 41.870902 7.208262
v -3.973416 42.350902 7.208262
v -3.973416 42.350902 5.268147
v -3.973416 44.481680 5.268147
v -3.973416 44.481680 7.208262
v -3.973416 44.861680 7.208262
v -3.973416 44.861680 5.268147
v -3.903416 42.350902 5.268147
v -3.903416 42.350902 7.208262
v -3.903416 44.481680 7.208262
v -3.903416 44.481680 5.268147
v -3.973416 44.861680 -8.582123
v -3.973416 44.861680 -8.204879
v -3.973416 47.852459 -8.204879
v -3.973416 47.852459 -8.582123
v -3.973416 44.861680 -6.264763
v -3.973416 44.861680 -5.887518
v -3.973416 47.852459 -5.887518
v -3.973416 47.852459 -6.264763
v -3.973416 44.861680 -8.204879
v -3.973416 44.861680 -6.264763
v -3.973416 45.341680 -6.264763
v -3.973416 45.341680 -8.204879
v -3.973416 47.472459 -8.204879
v -3.973416 47.472459 -6.264763
v -3.973416 47.852459 -6.264763
v -3.973416 47.852459 -8.204879
v -3.903416 45.341680 -8.204879
v -3.903416 45.341680 -6.264763
v -3.903416 47.472459 -6.264763
v -3.903416 47.472459 -8.204879
v -3.973416 44.861680 -5.887518
v -3.973416 44.861680 -5.510274
v -3.973416 47.852459 -5.510274
v -3.973416 47.852459 -5.887518
v -3.973416 44.861680 -3.570158
v -3.973416 44.861680 -3.192913
v -3.973416 47.852459 -3.192913
v -3.973416 47.852459 -3.570158
v -3.973416 44.861680 -5.510274
v -3.973416 44.861680 -3.570158
v -3.973416 45.341680 -3.570158
v -3.973416 45.341680 -5.510274
v -3.973416 47.472459 -5.510274
v -3.973416 47.472459 -3.570158
v -3.973416 47.852459 -3.570158
v -3.973416 47.852459 -5.510274
v -3.903416 45.341680 -5.510274
v -3.903416 45.341680 -3.570158
v -3.903416 47.472459 -3.570158
v -3.903416 47.472459 -5.510274
v -3.973416 44.861680 -3.192913
v -3.973416 44.861680 -2.815669
v -3.973416 47.852459 -2.815669
v -3.973416 47.852459 -3.192913
v -3.973416 44.861680 -0.875553
v -3.973416 44.861680 -0.498308
v -3.973416 47.852459 -0.498308
v -3.973416 47.852459 -0.875553
v -3.973416 44.861680 -2.815669
v -3.973416 44.861680 -0.875553
v -3.973416 45.341680 -0.875553
v -3.973416 45.341680 -2.815669
v -3.973416 47.472459 -2.815669
v -3.973416 47.472459 -0.875553
v -3.973416 47.852459 -0.875553
v -3.973416 47.852459 -2.815669
v -3.903416 45.341680 -2.815669
v -3.903416 45.341680 -0.875553
v -3.903416 47.472459 -0.875553
v -3.903416 47.472459 -2.815669
v -3.973416 44.861680 -0.498308
v -3.973416 44.861680 -0.121063
v -3.973416 47.852459 -0.121063
v -3.973416 47.852459 -0.498308
v -3.973416 44.861680 1.819052
v -3.973416 44.861680 2.196297
v -3.973416 47.852459 2.196297
v -3.973416 47.852459 1.819052
v -3.973416 44.861680 -0.121063
v -3.973416 44.861680 1.819052
v -3.973416 45.341680 1.819052
v -3.973416 45.341680 -0.121063
v -3.973416 47.472459 -0.121063
v -3.973416 47.472459 1.819052
v -3.973416 47.852459 1.819052
v -3.973416 47.852459 -0.121063
v -3.903416 45.341680 -0.121063
v -3.903416 45.341680 1.819052
v -3.903416 47.472459 1.819052
v -3.903416 47.472459 -0.121063
v -3.973416 44.861680 2.196297
v -3.973416 44.861680 2.573542
v -3.973416 47.852459 2.573542
v -3.973416 47.852459 2.196297
v -3.973416 44.861680 4.513657
v -3.973416 44.861680 4.890902
v -3.973416 47.852459 4.890902
v -3.973416 47.852459 4.513657
v -3.973416 44.861680 2.573542
v -3.973416 44.861680 4.513657
v -3.973416 45.341680 4.513657
v -3.973416 45.341680 2.573542
v -3.973416 47.472459 2.573542
v -3.973416 47.472459 4.513657
v -3.973416 47.852459 4.513657
v -3.973416 47.852459 2.573542
v -3.903416 45.341680 2.573542
v -3.903416 45.341680 4.513657
v -3.903416 47.472459 4.513657
v -3.903416 47.472459 2.573542
v -3.973416 44.861680 4.890902
v -3.973416 44.861680 5.268147
v -3.973416 47.852459 5.268147
v -3.973416 47.852459 4.890902
v -3.973416 44.861680 7.208262
v -3.973416 44.861680 7.585507
v -3.973416 47.852459 7.585507
v -3.973416 47.852459 7.208262
v -3.973416 44.861680 5.268147
v -3.973416 44.861680 7.208262
v -3.973416 45.341680 7.208262
v -3.973416 45.341680 5.268147
v -3.973416 47.472459 5.268147
v -3.973416 47.472459 7.208262
v -3.973416 47.852459 7.208262
v -3.973416 47.852459 5.268147
v -3.903416 45.341680 5.268147
v -3.903416 45.341680 7.208262
v -3.903416 47.472459 7.208262
v -3.903416 47.472459 5.268147
v -3.973416 47.852459 -8.582123
v -3.973416 47.852459 -8.204879
v -3.973416 50.843238 -8.204879
v -3.973416 50.843238 -8.582123
v -3.973416 47.852459 -6.264763
v -3.973416 47.852459 -5.887518
v -3.973416 50.843238 -5.887518
v -3.973416 50.843238 -6.264763
v -3.973416 47.852459 -8.204879
v -3.973416 47.852459 -6.264763
v -3.973416 48.332459 -6.264763
v -3.973416 48.332459 -8.204879
v -3.973416 50.463238 -8.204879
v -3.973416 50.463238 -6.264763
v -3.973416 50.843238 -6.264763
v -3.973416 50.843238 -8.204879
v -3.903416 48.332459 -8.204879
v -3.903416 48.332459 -6.264763
v -3.903416 50.463238 -6.264763
v -3.903416 50.463238 -8.204879
v -3.973416 47.852459 -5.887518
v -3.973416 47.852459 -5.510274
v -3.973416 50.843238 -5.510274
v -3.973416 50.843238 -5.887518
v -3.973416 47.852459 -3.570158
v -3.973416 47.852459 -3.192913
v -3.973416 50.843238 -3.192913
v -3.973416 50.843238 -3.570158
v -3.973416 47.852459 -5.510274
v -3.973416 47.852459 -3.570158
v -3.973416 48.332459 -3.570158
v -3.973416 48.332459 -5.510274
v -3.973416 50.463238 -5.510274
v -3.973416 50.463238 -3.570158
v -3.973416 50.843238 -3.570158
v -3.973416 50.843238 -5.510274
v -3.903416 48.332459 -5.510274
v -3.903416 48.332459 -3.570158
v -3.903416 50.463238 -3.570158
v -3.903416 50.463238 -5.510274
v -3.973416 47.852459 -3.192913
v -3.973416 47.852459 -2.815669
v -3.973416 50.843238 -2.815669
v -3.973416 50.843238 -3.192913
v -3.973416 47.852459 -0.875553
v -3.973416 47.852459 -0.498308
v -3.973416 50.843238 -0.498308
v -3.973416 50.843238 -0.875553
v -3.973416 47.852459 -2.815669
v -3.973416 47.852459 -0.875553
v -3.973416 48.332459 -0.875553
v -3.973416 48.332459 -2.815669
v -3.973416 50.463238 -2.815669
v -3.973416 50.463238 -0.875553
v -3.973416 50.843238 -0.875553
v -3.973416 50.843238 -2.815669
v -3.903416 48.332459 -2.815669
v -3.903416 48.332459 -0.875553
v -3.903416 50.463238 -0.875553
v -3.903416 50.463238 -2.815669
v -3.973416 47.852459 -0.498308
v -3.973416 47.852459 -0.121063
v -3.973416 50.843238 -0.121063
v -3.973416 50.843238 -0.498308
v -3.973416 47.852459 1.819052
v -3.973416 47.852459 2.196297
v -3.973416 50.843238 2.196297
v -3.973416 50.843238 1.819052
v -3.973416 47.852459 -0.121063
v -3.973416 47.852459 1.819052
v -3.973416 48.332459 1.819052
v -3.973416 48.332459 -0.121063
v -3.973416 50.463238 -0.121063
v -3.973416 50.463238 1.819052
v -3.973416 50.843238 1.819052
v -3.973416 50.843238 -0.121063
v -3.903416 48.332459 -0.121063
v -3.903416 48.332459 1.819052
v -3.903416 50.463238 1.819052
v -3.903416 50.463238 -0.121063
v -3.973416 47.852459 2.196297
v -3.973416 47.852459 2.573542
v -3.973416 50.843238 2.573542
v -3.973416 50.843238 2.196297
v -3.973416 47.852459 4.513657
v -3.973416 47.852459 4.890902
v -3.973416 50.843238 4.890902
v -3.973416 50.843238 4.513657
v -3.973416 47.852459 2.573542
v -3.973416 47.852459 4.513657
v -3.973416 48.332459 4.513657
v -3.973416 48.332459 2.573542
v -3.973416 50.463238 2.573542
v -3.973416 50.463238 4.513657
v -3.973416 50.843238 4.513657
v -3.973416 50.843238 2.573542
v -3.903416 48.332459 2.573542
v -3.903416 48.332459 4.513657
v -3.903416 50.463238 4.513657
v -3.903416 50.463238 2.573542
v -3.973416 47.852459 4.890902
v -3.973416 47.852459 5.268147
v -3.973416 50.843238 5.268147
v -3.973416 50.843238 4.890902
v -3.973416 47.852459 7.208262
v -3.973416 47.852459 7.585507
v -3.973416 50.843238 7.585507
v -3.973416 50.843238 7.208262
v -3.973416 47.852459 5.268147
v -3.973416 47.852459 7.208262
v -3.973416 48.332459 7.208262
v -3.973416 48.332459 5.268147
v -3.973416 50.463238 5.268147
v -3.973416 50.463238 7.208262
v -3.973416 50.843238 7.208262
v -3.973416 50.843238 5.268147
v -3.903416 48.332459 5.268147
v -3.903416 48.332459 7.208262
v -3.903416 50.463238 7.208262
v -3.903416 50.463238 5.268147
v -3.973416 50.843238 -8.582123
v -3.973416 50.843238 -8.204879
v -3.973416 53.834017 -8.204879
v -3.973416 53.834017 -8.582123
v -3.973416 50.843238 -6.264763
v -3.973416 50.843238 -5.887518
v -3.973416 53.834017 -5.887518
v -3.973416 53.834017 -6.264763
v -3.973416 50.843238 -8.204879
v -3.973416 50.843238 -6.264763
v -3.973416 51.323238 -6.264763
v -3.973416 51.323238 -8.204879
v -3.973416 53.454017 -8.204879
v -3.973416 53.454017 -6.264763
v -3.973416 53.834017 -6.264763
v -3.973416 53.834017 -8.204879
v -3.903416 51.323238 -8.204879
v -3.903416 51.323238 -6.264763
v -3.903416 53.454017 -6.264763
v -3.903416 53.454017 -8.204879
v -3.973416 50.843238 -5.887518
v -3.973416 50.843238 -5.510274
v -3.973416 53.834017 -5.510274
v -3.973416 53.834017 -5.887518
v -3.973416 50.843238 -3.570158
v -3.973416 50.843238 -3.192913
v -3.973416 53.834017 -3.192913
v -3.973416 53.834017 -3.570158
v -3.973416 50.843238 -5.510274
v -3.973416 50.843238 -3.570158
v -3.973416 51.323238 -3.570158
v -3.973416 51.323238 -5.510274
v -3.973416 53.454017 -5.510274
v -3.973416 53.454017 -3.570158
v -3.973416 53.834017 -3.570158
v -3.973416 53.834017 -5.510274
v -3.903416 51.323238 -5.510274
v -3.903416 51.323238 -3.570158
v -3.903416 53.454017 -3.570158
v -3.903416 53.454017 -5.510274
v -3.973416 50.843238 -3.192913
v -3.973416 50.843238 -2.815669
v -3.973416 53.834017 -2.815669
v -3.973416 53.834017 -3.192913
v -3.973416 50.843238 -0.875553
v -3.973416 50.843238 -0.498308
v -3.973416 53.834017 -0.498308
v -3.973416 53.834017 -0.875553
v -3.973416 50.843238 -2.815669
v -3.973416 50.843238 -0.875553
v -3.973416 51.323238 -0.875553
v -3.973416 51.323238 -2.815669
v -3.973416 53.454017 -2.815669
v -3.973416 53.454017 -0.875553
v -3.973416 53.834017 -0.875553
v -3.973416 53.834017 -2.815669
v -3.903416 51.323238 -2.815669
v -3.903416 51.323238 -0.875553
v -3.903416 53.454017 -0.875553
v -3.903416 53.454017 -2.815669
v -3.973416 50.843238 -0.498308
v -3.973416 50.843238 -0.121063
v -3.973416 53.834017 -0.121063
v -3.973416 53.834017 -0.498308
v -3.973416 50.843238 1.819052
v -3.973416 50.843238 2.196297
v -3.973416 53.834017 2.196297
v -3.973416 53.834017 1.819052
v -3.973416 50.843238 -0.121063
v -3.973416 50.843238 1.819052
v -3.973416 51.323238 1.819052
v -3.973416 51.323238 -0.121063
v -3.973416 53.454017 -0.121063
v -3.973416 53.454017 1.819052
v -3.973416 53.834017 1.819052
v -3.973416 53.834017 -0.121063
v -3.903416 51.323238 -0.121063
v -3.903416 51.323238 1.819052
v -3.903416 53.454017 1.819052
v -3.903416 53.454017 -0.121063
v -3.973416 50.843238 2.196297
v -3.973416 50.843238 2.573542
v -3.973416 53.834017 2.573542
v -3.973416 53.834017 2.196297
v -3.973416 50.843238 4.513657
v -3.973416 50.843238 4.890902
v -3.973416 53.834017 4.890902
v -3.973416 53.834017 4.513657
v -3.973416 50.843238 2.573542
v -3.973416 50.843238 4.513657
v -3.973416 51.323238 4.513657
v -3.973416 51.323238 2.573542
v -3.973416 53.454017 2.573542
v -3.973416 53.454017 4.513657
v -3.973416 53.834017 4.513657
v -3.973416 53.834017 2.573542
v -3.903416 51.323238 2.573542
v -3.903416 51.323238 4.513657
v -3.903416 53.454017 4.513657
v -3.903416 53.454017 2.573542
v -3.973416 50.843238 4.890902
v -3.973416 50.843238 5.268147
v -3.973416 53.834017 5.268147
v -3.973416 53.834017 4.890902
v -3.973416 50.843238 7.208262
v -3.973416 50.843238 7.585507
v -3.973416 53.834017 7.585507
v -3.973416 53.834017 7.208262
v -3.973416 50.843238 5.268147
v -3.973416 50.843238 7.208262
v -3.973416 51.323238 7.208262
v -3.973416 51.323238 5.268147
v -3.973416 53.454017 5.268147
v -3.973416 53.454017 7.208262
v -3.973416 53.834017 7.208262
v -3.973416 53.834017 5.268147
v -3.903416 51.323238 5.268147
v -3.903416 51.323238 7.208262
v -3.903416 53.454017 7.208262
v -3.903416 53.454017 5.268147
v -3.973416 53.834017 -8.582123
v -3.973416 53.834017 -8.204879
v -3.973416 56.824795 -8.204879
v -3.973416 56.824795 -8.582123
v -3.973416 53.834017 -6.264763
v -3.973416 53.834017 -5.887518
v -3.973416 56.824795 -5.887518
v -3.973416 56.824795 -6.264763
v -3.973416 53.834017 -8.204879
v -3.973416 53.834017 -6.264763
v -3.973416 54.314017 -6.264763
v -3.973416 54.314017 -8.204879
v -3.973416 56.444795 -8.204879
v -3.973416 56.444795 -6.264763
v -3.973416 56.824795 -6.264763
v -3.973416 56.824795 -8.204879
v -3.903416 54.314017 -8.204879
v -3.903416 54.314017 -6.264763
v -3.903416 56.444795 -6.264763
v -3.903416 56.444795 -8.204879
v -3.973416 53.834017 -5.887518
v -3.973416 53.834017 -5.510274
v -3.973416 56.824795 -5.510274
v -3.973416 56.824795 -5.887518
v -3.973416 53.834017 -3.570158
v -3.973416 53.834017 -3.192913
v -3.973416 56.824795 -3.192913
v -3.973416 56.824795 -3.570158
v -3.973416 53.834017 -5.510274
v -3.973416 53.834017 -3.570158
v -3.973416 54.314017 -3.570158
v -3.973416 54.314017 -5.510274
v -3.973416 56.444795 -5.510274
v -3.973416 56.444795 -3.570158
v -3.973416 56.824795 -3.570158
v -3.973416 56.824795 -5.510274
v -3.903416 54.314017 -5.510274
v -3.903416 54.314017 -3.570158
v -3.903416 56.444795 -3.570158
v -3.903416 56.444795 -5.510274
v -3.973416 53.834017 -3.192913
v -3.973416 53.834017 -2.815669
v -3.973416 56.824795 -2.815669
v -3.973416 56.824795 -3.192913
v -3.973416 53.834017 -0.875553
v -3.973416 53.834017 -0.498308
v -3.973416 56.824795 -0.498308
v -3.973416 56.824795 -0.875553
v -3.973416 53.834017 -2.815669
v -3.973416 53.834017 -0.875553
v -3.973416 54.314017 -0.875553
v -3.973416 54.314017 -2.815669
v -3.973416 56.444795 -2.815669
v -3.973416 56.444795 -0.875553
v -3.973416 56.824795 -0.875553
v -3.973416 56.824795 -2.815669
v -3.903416 54.314017 -2.815669
v -3.903416 54.314017 -0.875553
v -3.903416 56.444795 -0.875553
v -3.903416 56.444795 -2.815669
v -3.973416 53.834017 -0.498308
v -3.973416 53.834017 -0.121063
v -3.973416 56.824795 -0.121063
v -3.973416 56.824795 -0.498308
v -3.973416 53.834017 1.819052
v -3.973416 53.834017 2.196297
v -3.973416 56.824795 2.196297
v -3.973416 56.824795 1.819052
v -3.973416 53.834017 -0.121063
v -3.973416 53.834017 1.819052
v -3.973416 54.314017 1.819052
v -3.973416 54.314017 -0.121063
v -3.973416 56.444795 -0.121063
v -3.973416 56.444795 1.819052
v -3.973416 56.824795 1.819052
v -3.973416 56.824795 -0.121063
v -3.903416 54.314017 -0.121063
v -3.903416 54.314017 1.819052
v -3.903416 56.444795 1.819052
v -3.903416 56.444795 -0.121063
v -3.973416 53.834017 2.196297
v -3.973416 53.834017 2.573542
v -3.973416 56.824795 2.573542
v -3.973416 56.824795 2.196297
v -3.973416 53.834017 4.513657
v -3.973416 53.834017 4.890902
v -3.973416 56.824795 4.890902
v -3.973416 56.824795 4.513657
v -3.973416 53.834017 2.573542
v -3.973416 53.834017 4.513657
v -3.973416 54.314017 4.513657
v -3.973416 54.314017 2.573542
v -3.973416 56.444795 2.573542
v -3.973416 56.444795 4.513657
v -3.973416 56.824795 4.513657
v -3.973416 56.824795 2.573542
v -3.903416 54.314017 2.573542
v -3.903416 54.314017 4.513657
v -3.903416 56.444795 4.513657
v -3.903416 56.444795 2.573542
v -3.973416 53.834017 4.890902
v -3.973416 53.834017 5.268147
v -3.973416 56.824795 5.268147
v -3.973416 56.824795 4.890902
v -3.973416 53.834017 7.208262
v -3.973416 53.834017 7.585507
v -3.973416 56.824795 7.585507
v -3.973416 56.824795 7.208262
v -3.973416 53.834017 5.268147
v -3.973416 53.834017 7.208262
v -3.973416 54.314017 7.208262
v -3.973416 54.314017 5.268147
v -3.973416 56.444795 5.268147
v -3.973416 56.444795 7.208262
v -3.973416 56.824795 7.208262
v -3.973416 56.824795 5.268147
v -3.903416 54.314017 5.268147
v -3.903416 54.314017 7.208262
v -3.903416 56.444795 7.208262
v -3.903416 56.444795 5.268147
v -3.973416 56.824795 -8.582123
v -3.973416 56.824795 -8.204879
v -3.973416 59.815574 -8.204879
v -3.973416 59.815574 -8.582123
v -3.973416 56.824795 -6.264763
v -3.973416 56.824795 -5.887518
v -3.973416 59.815574 -5.887518
v -3.973416 59.815574 -6.264763
v -3.973416 56.824795 -8.204879
v -3.973416 56.824795 -6.264763
v -3.973416 57.304795 -6.264763
v -3.973416 57.304795 -8.204879
v -3.973416 59.435574 -8.204879
v -3.973416 59.435574 -6.264763
v -3.973416 59.815574 -6.264763
v -3.973416 59.815574 -8.204879
v -3.903416 57.304795 -8.204879
v -3.903416 57.304795 -6.264763
v -3.903416 59.435574 -6.264763
v -3.903416 59.435574 -8.204879
v -3.973416 56.824795 -5.887518
v -3.973416 56.824795 -5.510274
v -3.973416 59.815574 -5.510274
v -3.973416 59.815574 -5.887518
v -3.973416 56.824795 -3.570158
v -3.973416 56.824795 -3.192913
v -3.973416 59.815574 -3.192913
v -3.973416 59.815574 -3.570158
v -3.973416 56.824795 -5.510274
v -3.973416 56.824795 -3.570158
v -3.973416 57.304795 -3.570158
v -3.973416 57.304795 -5.510274
v -3.973416 59.435574 -5.510274
v -3.973416 59.435574 -3.570158
v -3.973416 59.815574 -3.570158
v -3.973416 59.815574 -5.510274
v -3.903416 57.304795 -5.510274
v -3.903416 57.304795 -3.570158
v -3.903416 59.435574 -3.570158
v -3.903416 59.435574 -5.510274
v -3.973416 56.824795 -3.192913
v -3.973416 56.824795 -2.815669
v -3.973416 59.815574 -2.815669
v -3.973416 59.815574 -3.192913
v -3.973416 56.824795 -0.875553
v -3.973416 56.824795 -0.498308
v -3.973416 59.815574 -0.498308
v -3.973416 59.815574 -0.875553
v -3.973416 56.824795 -2.815669
v -3.973416 56.824795 -0.875553
v -3.973416 57.304795 -0.875553
v -3.973416 57.304795 -2.815669
v -3.973416 59.435574 -2.815669
v -3.973416 59.435574 -0.875553
v -3.973416 59.815574 -0.875553
v -3.973416 59.815574 -2.815669
v -3.903416 57.304795 -2.815669
v -3.903416 57.304795 -0.875553
v -3.903416 59.435574 -0.875553
v -3.903416 59.435574 -2.815669
v -3.973416 56.824795 -0.498308
v -3.973416 56.824795 -0.121063
v -3.973416 59.815574 -0.121063
v -3.973416 59.815574 -0.498308
v -3.973416 56.824795 1.819052
v -3.973416 56.824795 2.196297
v -3.973416 59.815574 2.196297
v -3.973416 59.815574 1.819052
v -3.973416 56.824795 -0.121063
v -3.973416 56.824795 1.819052
v -3.973416 57.304795 1.819052
v -3.973416 57.304795 -0.121063
v -3.973416 59.435574 -0.121063
v -3.973416 59.435574 1.819052
v -3.973416 59.815574 1.819052
v -3.973416 59.815574 -0.121063
v -3.903416 57.304795 -0.121063
v -3.903416 57.304795 1.819052
v -3.903416 59.435574 1.819052
v -3.903416 59.435574 -0.121063
v -3.973416 56.824795 2.196297
v -3.973416 56.824795 2.573542
v -3.973416 59.815574 2.573542
v -3.973416 59.815574 2.196297
v -3.973416 56.824795 4.513657
v -3.973416 56.824795 4.890902
v -3.973416 59.815574 4.890902
v -3.973416 59.815574 4.513657
v -3.973416 56.824795 2.573542
v -3.973416 56.824795 4.513657
v -3.973416 57.304795 4.513657
v -3.973416 57.304795 2.573542
v -3.973416 59.435574 2.573542
v -3.973416 59.435574 4.513657
v -3.973416 59.815574 4.513657
v -3.973416 59.815574 2.573542
v -3.903416 57.304795 2.573542
v -3.903416 57.304795 4.513657
v -3.903416 59.435574 4.513657
v -3.903416 59.435574 2.573542
v -3.973416 56.824795 4.890902
v -3.973416 56.824795 5.268147
v -3.973416 59.815574 5.268147
v -3.973416 59.815574 4.890902
v -3.973416 56.824795 7.208262
v -3.973416 56.824795 7.585507
v -3.973416 59.815574 7.585507
v -3.973416 59.815574 7.208262
v -3.973416 56.824795 5.268147
v -3.973416 56.824795 7.208262
v -3.973416 57.304795 7.208262
v -3.973416 57.304795 5.268147
v -3.973416 59.435574 5.268147
v -3.973416 59.435574 7.208262
v -3.973416 59.815574 7.208262
v -3.973416 59.815574 5.268147
v -3.903416 57.304795 5.268147
v -3.903416 57.304795 7.208262
v -3.903416 59.435574 7.208262
v -3.903416 59.435574 5.268147
v -3.973416 59.815574 -8.582123
v -3.973416 59.815574 -8.204879
v -3.973416 62.806353 -8.204879
v -3.973416 62.806353 -8.582123
v -3.973416 59.815574 -6.264763
v -3.973416 59.815574 -5.887518
v -3.973416 62.806353 -5.887518
v -3.973416 62.806353 -6.264763
v -3.973416 59.815574 -8.204879
v -3.973416 59.815574 -6.264763
v -3.973416 60.295574 -6.264763
v -3.973416 60.295574 -8.204879
v -3.973416 62.426353 -8.204879
v -3.973416 62.426353 -6.264763
v -3.973416 62.806353 -6.264763
v -3.973416 62.806353 -8.204879
v -3.903416 60.295574 -8.204879
v -3.903416 60.295574 -6.264763
v -3.903416 62.426353 -6.264763
v -3.903416 62.426353 -8.204879
v -3.973416 59.815574 -5.887518
v -3.973416 59.815574 -5.510274
v -3.973416 62.806353 -5.510274
v -3.973416 62.806353 -5.887518
v -3.973416 59.815574 -3.570158
v -3.973416 59.815574 -3.192913
v -3.973416 62.806353 -3.192913
v -3.973416 62.806353 -3.570158
v -3.973416 59.815574 -5.510274
v -3.973416 59.815574 -3.570158
v -3.973416 60.295574 -3.570158
v -3.973416 60.295574 -5.510274
v -3.973416 62.426353 -5.510274
v -3.973416 62.426353 -3.570158
v -3.973416 62.806353 -3.570158
v -3.973416 62.806353 -5.510274
v -3.903416 60.295574 -5.510274
v -3.903416 60.295574 -3.570158
v -3.903416 62.426353 -3.570158
v -3.903416 62.426353 -5.510274
v -3.973416 59.815574 -3.192913
v -3.973416 59.815574 -2.815669
v -3.973416 62.806353 -2.815669
v -3.973416 62.806353 -3.192913
v -3.973416 59.815574 -0.875553
v -3.973416 59.815574 -0.498308
v -3.973416 62.806353 -0.498308
v -3.973416 62.806353 -0.875553
v -3.973416 59.815574 -2.815669
v -3.973416 59.815574 -0.875553
v -3.973416 60.295574 -0.875553
v -3.973416 60.295574 -2.815669
v -3.973416 62.426353 -2.815669
v -3.973416 62.426353 -0.875553
v -3.973416 62.806353 -0.875553
v -3.973416 62.806353 -2.815669
v -3.903416 60.295574 -2.815669
v -3.903416 60.295574 -0.875553
v -3.903416 62.426353 -0.875553
v -3.903416 62.426353 -2.815669
v -3.973416 59.815574 -0.498308
v -3.973416 59.815574 -0.121063
v -3.973416 62.806353 -0.121063
v -3.973416 62.806353 -0.498308
v -3.973416 59.815574 1.819052
v -3.973416 59.815574 2.196297
v -3.973416 62.806353 2.196297
v -3.973416 62.806353 1.819052
v -3.973416 59.815574 -0.121063
v -3.973416 59.815574 1.819052
v -3.973416 60.295574 1.819052
v -3.973416 60.295574 -0.121063
v -3.973416 62.426353 -0.121063
v -3.973416 62.426353 1.819052
v -3.973416 62.806353 1.819052
v -3.973416 62.806353 -0.121063
v -3.903416 60.295574 -0.121063
v -3.903416 60.295574 1.819052
v -3.903416 62.426353 1.819052
v -3.903416 62.426353 -0.121063
v -3.973416 59.815574 2.196297
v -3.973416 59.815574 2.573542
v -3.973416 62.806353 2.573542
v -3.973416 62.806353 2.196297
v -3.973416 59.815574 4.513657
v -3.973416 59.815574 4.890902
v -3.973416 62.806353 4.890902
v -3.973416 62.806353 4.513657
v -3.973416 59.815574 2.573542
v -3.973416 59.815574 4.513657
v -3.973416 60.295574 4.513657
v -3.973416 60.295574 2.573542
v -3.973416 62.426353 2.573542
v -3.973416 62.426353 4.513657
v -3.973416 62.806353 4.513657
v -3.973416 62.806353 2.573542
v -3.903416 60.295574 2.573542
v -3.903416 60.295574 4.513657
v -3.903416 62.426353 4.513657
v -3.903416 62.426353 2.573542
v -3.973416 59.815574 4.890902
v -3.973416 59.815574 5.268147
v -3.973416 62.806353 5.268147
v -3.973416 62.806353 4.890902
v -3.973416 59.815574 7.208262
v -3.973416 59.815574 7.585507
v -3.973416 62.806353 7.585507
v -3.973416 62.806353 7.208262
v -3.973416 59.815574 5.268147
v -3.973416 59.815574 7.208262
v -3.973416 60.295574 7.208262
v -3.973416 60.295574 5.268147
v -3.973416 62.426353 5.268147
v -3.973416 62.426353 7.208262
v -3.973416 62.806353 7.208262
v -3.973416 62.806353 5.268147
v -3.903416 60.295574 5.268147
v -3.903416 60.295574 7.208262
v -3.903416 62.426353 7.208262
v -3.903416 62.426353 5.268147
v -3.973416 14.903893 7.585507
v 5.598652 14.903893 7.585507
v 5.598652 15.003893 7.585507
v -3.973416 15.003893 7.585507
v 5.598652 14.903893 -8.582123
v -3.973416 14.903893 -8.582123
v -3.973416 15.003893 -8.582123
v 5.598652 15.003893 -8.582123
v 5.598652 14.903893 7.585507
v 5.598652 14.903893 -8.582123
v 5.598652 15.003893 -8.582123
v 5.598652 15.003893 7.585507
v -3.973416 14.903893 -8.582123
v -3.973416 14.903893 7.585507
v -3.973416 15.003893 7.585507
v -3.973416 15.003893 -8.582123
v -3.973416 15.003893 7.585507
v 5.598652 15.003893 7.585507
v 5.598652 15.003893 -8.582123
v -3.973416 15.003893 -8.582123
v -3.973416 14.903893 -8.582123
v 5.598652 14.903893 -8.582123
v 5.598652 14.903893 7.585507
v -3.973416 14.903893 7.585507
v -3.973416 17.894672 7.585507
v 5.598652 17.894672 7.585507
v 5.598652 17.994672 7.585507
v -3.973416 17.994672 7.585507
v 5.598652 17.894672 -8.582123
v -3.973416 17.894672 -8.582123
v -3.973416 17.994672 -8.582123
v 5.598652 17.994672 -8.582123
v 5.598652 17.894672 7.585507
v 5.598652 17.894672 -8.582123
v 5.598652 17.994672 -8.582123
v 5.598652 17.994672 7.585507
v -3.973416 17.894672 -8.582123
v -3.973416 17.894672 7.585507
v -3.973416 17.994672 7.585507
v -3.973416 17.994672 -8.582123
v -3.973416 17.994672 7.585507
v 5.598652 17.994672 7.585507
v 5.598652 17.994672 -8.582123
v -3.973416 17.994672 -8.582123
v -3.973416 17.894672 -8.582123
v 5.598652 17.894672 -8.582123
v 5.598652 17.894672 7.585507
v -3.973416 17.894672 7.585507
v -3.973416 20.885451 7.585507
v 5.598652 20.885451 7.585507
v 5.598652 20.985451 7.585507
v -3.973416 20.985451 7.585507
v 5.598652 20.885451 -8.582123
v -3.973416 20.885451 -8.582123
v -3.973416 20.985451 -8.582123
v 5.598652 20.985451 -8.582123
v 5.598652 20.885451 7.585507
v 5.598652 20.885451 -8.582123
v 5.598652 20.985451 -8.582123
v 5.598652 20.985451 7.585507
v -3.973416 20.885451 -8.582123
v -3.973416 20.885451 7.585507
v -3.973416 20.985451 7.585507
v -3.973416 20.985451 -8.582123
v -3.973416 20.985451 7.585507
v 5.598652 20.985451 7.585507
v 5.598652 20.985451 -8.582123
v -3.973416 20.985451 -8.582123
v -3.973416 20.885451 -8.582123
v 5.598652 20.885451 -8.582123
v 5.598652 20.885451 7.585507
v -3.973416 20.885451 7.585507
v -3.973416 23.876230 7.585507
v 5.598652 23.876230 7.585507
v 5.598652 23.976230 7.585507
v -3.973416 23.976230 7.585507
v 5.598652 23.876230 -8.582123
v -3.973416 23.876230 -8.582123
v -3.973416 23.976230 -8.582123
v 5.598652 23.976230 -8.582123
v 5.598652 23.876230 7.585507
v 5.598652 23.876230 -8.582123
v 5.598652 23.976230 -8.582123
v 5.598652 23.976230 7.585507
v -3.973416 23.876230 -8.582123
v -3.973416 23.876230 7.585507
v -3.973416 23.976230 7.585507
v -3.973416 23.976230 -8.582123
v -3.973416 23.976230 7.585507
v 5.598652 23.976230 7.585507
v 5.598652 23.976230 -8.582123
v -3.973416 23.976230 -8.582123
v -3.973416 23.876230 -8.582123
v 5.598652 23.876230 -8.582123
v 5.598652 23.876230 7.585507
v -3.973416 23.876230 7.585507
v -3.973416 26.867008 7.585507
v 5.598652 26.867008 7.585507
v 5.598652 26.967008 7.585507
v -3.973416 26.967008 7.585507
v 5.598652 26.867008 -8.582123
v -3.973416 26.867008 -8.582123
v -3.973416 26.967008 -8.582123
v 5.598652 26.967008 -8.582123
v 5.598652 26.867008 7.585507
v 5.598652 26.867008 -8.582123
v 5.598652 26.967008 -8.582123
v 5.598652 26.967008 7.585507
v -3.973416 26.867008 -8.582123
v -3.973416 26.867008 7.585507
v -3.973416 26.967008 7.585507
v -3.973416 26.967008 -8.582123
v -3.973416 26.967008 7.585507
v 5.598652 26.967008 7.585507
v 5.598652 26.967008 -8.582123
v -3.973416 26.967008 -8.582123
v -3.973416 26.867008 -8.582123
v 5.598652 26.867008 -8.582123
v 5.598652 26.867008 7.585507
v -3.973416 26.867008 7.585507
v -3.973416 29.857787 7.585507
v 5.598652 29.857787 7.585507
v 5.598652 29.957787 7.585507
v -3.973416 29.957787 7.585507
v 5.598652 29.857787 -8.582123
v -3.973416 29.857787 -8.582123
v -3.973416 29.957787 -8.582123
v 5.598652 29.957787 -8.582123
v 5.598652 29.857787 7.585507
v 5.598652 29.857787 -8.582123
v 5.598652 29.957787 -8.582123
v 5.598652 29.957787 7.585507
v -3.973416 29.857787 -8.582123
v -3.973416 29.857787 7.585507
v -3.973416 29.957787 7.585507
v -3.973416 29.957787 -8.582123
v -3.973416 29.957787 7.585507
v 5.598652 29.957787 7.585507
v 5.598652 29.957787 -8.582123
v -3.973416 29.957787 -8.582123
v -3.973416 29.857787 -8.582123
v 5.598652 29.857787 -8.582123
v 5.598652 29.857787 7.585507
v -3.973416 29.857787 7.585507
v -3.973416 32.848566 7.585507
v 5.598652 32.848566 7.585507
v 5.598652 32.948566 7.585507
v -3.973416 32.948566 7.585507
v 5.598652 32.848566 -8.582123
v -3.973416 32.848566 -8.582123
v -3.973416 32.948566 -8.582123
v 5.598652 32.948566 -8.582123
v 5.598652 32.848566 7.585507
v 5.598652 32.848566 -8.582123
v 5.598652 32.948566 -8.582123
v 5.598652 32.948566 7.585507
v -3.973416 32.848566 -8.582123
v -3.973416 32.848566 7.585507
v -3.973416 32.948566 7.585507
v -3.973416 32.948566 -8.582123
v -3.973416 32.948566 7.585507
v 5.598652 32.948566 7.585507
v 5.598652 32.948566 -8.582123
v -3.973416 32.948566 -8.582123
v -3.973416 32.848566 -8.582123
v 5.598652 32.848566 -8.582123
v 5.598652 32.848566 7.585507
v -3.973416 32.848566 7.585507
v -3.973416 35.839344 7.585507
v 5.598652 35.839344 7.585507
v 5.598652 35.939344 7.585507
v -3.973416 35.939344 7.585507
v 5.598652 35.839344 -8.582123
v -3.973416 35.839344 -8.582123
v -3.973416 35.939344 -8.582123
v 5.598652 35.939344 -8.582123
v 5.598652 35.839344 7.585507
v 5.598652 35.839344 -8.582123
v 5.598652 35.939344 -8.582123
v 5.598652 35.939344 7.585507
v -3.973416 35.839344 -8.582123
v -3.973416 35.839344 7.585507
v -3.973416 35.939344 7.585507
v -3.973416 35.939344 -8.582123
v -3.973416 35.939344 7.585507
v 5.598652 35.939344 7.585507
v 5.598652 35.939344 -8.582123
v -3.973416 35.939344 -8.582123
v -3.973416 35.839344 -8.582123
v 5.598652 35.839344 -8.582123
v 5.598652 35.839344 7.585507
v -3.973416 35.839344 7.585507
v -3.973416 38.830123 7.585507
v 5.598652 38.830123 7.585507
v 5.598652 38.930123 7.585507
v -3.973416 38.930123 7.585507
v 5.598652 38.830123 -8.582123
v -3.973416 38.830123 -8.582123
v -3.973416 38.930123 -8.582123
v 5.598652 38.930123 -8.582123
v 5.598652 38.830123 7.585507
v 5.598652 38.830123 -8.582123
v 5.598652 38.930123 -8.582123
v 5.598652 38.930123 7.585507
v -3.973416 38.830123 -8.582123
v -3.973416 38.830123 7.585507
v -3.973416 38.930123 7.585507
v -3.973416 38.930123 -8.582123
v -3.973416 38.930123 7.585507
v 5.598652 38.930123 7.585507
v 5.598652 38.930123 -8.582123
v -3.973416 38.930123 -8.582123
v -3.973416 38.830123 -8.582123
v 5.598652 38.830123 -8.582123
v 5.598652 38.830123 7.585507
v -3.973416 38.830123 7.585507
v -3.973416 41.820902 7.585507
v 5.598652 41.820902 7.585507
v 5.598652 41.920902 7.585507
v -3.973416 41.920902 7.585507
v 5.598652 41.820902 -8.582123
v -3.973416 41.820902 -8.582123
v -3.973416 41.920902 -8.582123
v 5.598652 41.920902 -8.582123
v 5.598652 41.820902 7.585507
v 5.598652 41.820902 -8.582123
v 5.598652 41.920902 -8.582123
v 5.598652 41.920902 7.585507
v -3.973416 41.820902 -8.582123
v -3.973416 41.820902 7.585507
v -3.973416 41.920902 7.585507
v -3.973416 41.920902 -8.582123
v -3.973416 41.920902 7.585507
v 5.598652 41.920902 7.585507
v 5.598652 41.920902 -8.582123
v -3.973416 41.920902 -8.582123
v -3.973416 41.820902 -8.582123
v 5.598652 41.820902 -8.582123
v 5.598652 41.820902 7.585507
v -3.973416 41.820902 7.585507
v -3.973416 44.811680 7.585507
v 5.598652 44.811680 7.585507
v 5.598652 44.911680 7.585507
v -3.973416 44.911680 7.585507
v 5.598652 44.811680 -8.582123
v -3.973416 44.811680 -8.582123
v -3.973416 44.911680 -8.582123
v 5.598652 44.911680 -8.582123
v 5.598652 44.811680 7.585507
v 5.598652 44.811680 -8.582123
v 5.598652 44.911680 -8.582123
v 5.598652 44.911680 7.585507
v -3.973416 44.811680 -8.582123
v -3.973416 44.811680 7.585507
v -3.973416 44.911680 7.585507
v -3.973416 44.911680 -8.582123
v -3.973416 44.911680 7.585507
v 5.598652 44.911680 7.585507
v 5.598652 44.911680 -8.582123
v -3.973416 44.911680 -8.582123
v -3.973416 44.811680 -8.582123
v 5.598652 44.811680 -8.582123
v 5.598652 44.811680 7.585507
v -3.973416 44.811680 7.585507
v -3.973416 47.802459 7.585507
v 5.598652 47.802459 7.585507
v 5.598652 47.902459 7.585507
v -3.973416 47.902459 7.585507
v 5.598652 47.802459 -8.582123
v -3.973416 47.802459 -8.582123
v -3.973416 47.902459 -8.582123
v 5.598652 47.902459 -8.582123
v 5.598652 47.802459 7.585507
v 5.598652 47.802459 -8.582123
v 5.598652 47.902459 -8.582123
v 5.598652 47.902459 7.585507
v -3.973416 47.802459 -8.582123
v -3.973416 47.802459 7.585507
v -3.973416 47.902459 7.585507
v -3.973416 47.902459 -8.582123
v -3.973416 47.902459 7.585507
v 5.598652 47.902459 7.585507
v 5.598652 47.902459 -8.582123
v -3.973416 47.902459 -8.582123
v -3.973416 47.802459 -8.582123
v 5.598652 47.802459 -8.582123
v 5.598652 47.802459 7.585507
v -3.973416 47.802459 7.585507
v -3.973416 50.793238 7.585507
v 5.598652 50.793238 7.585507
v 5.598652 50.893238 7.585507
v -3.973416 50.893238 7.585507
v 5.598652 50.793238 -8.582123
v -3.973416 50.793238 -8.582123
v -3.973416 50.893238 -8.582123
v 5.598652 50.893238 -8.582123
v 5.598652 50.793238 7.585507
v 5.598652 50.793238 -8.582123
v 5.598652 50.893238 -8.582123
v 5.598652 50.893238 7.585507
v -3.973416 50.793238 -8.582123
v -3.973416 50.793238 7.585507
v -3.973416 50.893238 7.585507
v -3.973416 50.893238 -8.582123
v -3.973416 50.893238 7.585507
v 5.598652 50.893238 7.585507
v 5.598652 50.893238 -8.582123
v -3.973416 50.893238 -8.582123
v -3.973416 50.793238 -8.582123
v 5.598652 50.793238 -8.582123
v 5.598652 50.793238 7.585507
v -3.973416 50.793238 7.585507
v -3.973416 53.784017 7.585507
v 5.598652 53.784017 7.585507
v 5.598652 53.884017 7.585507
v -3.973416 53.884017 7.585507
v 5.598652 53.784017 -8.582123
v -3.973416 53.784017 -8.582123
v -3.973416 53.884017 -8.582123
v 5.598652 53.884017 -8.582123
v 5.598652 53.784017 7.585507
v 5.598652 53.784017 -8.582123
v 5.598652 53.884017 -8.582123
v 5.598652 53.884017 7.585507
v -3.973416 53.784017 -8.582123
v -3.973416 53.784017 7.585507
v -3.973416 53.884017 7.585507
v -3.973416 53.884017 -8.582123
v -3.973416 53.884017 7.585507
v 5.598652 53.884017 7.585507
v 5.598652 53.884017 -8.582123
v -3.973416 53.884017 -8.582123
v -3.973416 53.784017 -8.582123
v 5.598652 53.784017 -8.582123
v 5.598652 53.784017 7.585507
v -3.973416 53.784017 7.585507
v -3.973416 56.774795 7.585507
v 5.598652 56.774795 7.585507
v 5.598652 56.874795 7.585507
v -3.973416 56.874795 7.585507
v 5.598652 56.774795 -8.582123
v -3.973416 56.774795 -8.582123
v -3.973416 56.874795 -8.582123
v 5.598652 56.874795 -8.582123
v 5.598652 56.774795 7.585507
v 5.598652 56.774795 -8.582123
v 5.598652 56.874795 -8.582123
v 5.598652 56.874795 7.585507
v -3.973416 56.774795 -8.582123
v -3.973416 56.774795 7.585507
v -3.973416 56.874795 7.585507
v -3.973416 56.874795 -8.582123
v -3.973416 56.874795 7.585507
v 5.598652 56.874795 7.585507
v 5.598652 56.874795 -8.582123
v -3.973416 56.874795 -8.582123
v -3.973416 56.774795 -8.582123
v 5.598652 56.774795 -8.582123
v 5.598652 56.774795 7.585507
v -3.973416 56.774795 7.585507
v -3.973416 59.765574 7.585507
v 5.598652 59.765574 7.585507
v 5.598652 59.865574 7.585507
v -3.973416 59.865574 7.585507
v 5.598652 59.765574 -8.582123
v -3.973416 59.765574 -8.582123
v -3.973416 59.865574 -8.582123
v 5.598652 59.865574 -8.582123
v 5.598652 59.765574 7.585507
v 5.598652 59.765574 -8.582123
v 5.598652 59.865574 -8.582123
v 5.598652 59.865574 7.585507
v -3.973416 59.765574 -8.582123
v -3.973416 59.765574 7.585507
v -3.973416 59.865574 7.585507
v -3.973416 59.865574 -8.582123
v -3.973416 59.865574 7.585507
v 5.598652 59.865574 7.585507
v 5.598652 59.865574 -8.582123
v -3.973416 59.865574 -8.582123
v -3.973416 59.765574 -8.582123
v 5.598652 59.765574 -8.582123
v 5.598652 59.765574 7.585507
v -3.973416 59.765574 7.585507
v -3.973416 62.806353 -8.582123
v 5.598652 62.806353 -8.582123
v 5.598652 62.806353 7.585507
v -3.973416 62.806353 7.585507
v -3.973416 11.963115 -8.382123
v -3.773416 11.963115 -8.382123
v -3.773416 62.806353 -8.382123
v -3.973416 62.806353 -8.382123
v -3.773416 11.963115 -8.582123
v -3.973416 11.963115 -8.582123
v -3.973416 62.806353 -8.582123
v -3.773416 62.806353 -8.582123
v -3.773416 11.963115 -8.382123
v -3.773416 11.963115 -8.582123
v -3.773416 62.806353 -8.582123
v -3.773416 62.806353 -8.382123
v -3.973416 11.963115 -8.582123
v -3.973416 11.963115 -8.382123
v -3.973416 62.806353 -8.382123
v -3.973416 62.806353 -8.582123
v -3.973416 62.806353 -8.382123
v -3.773416 62.806353 -8.382123
v -3.773416 62.806353 -8.582123
v -3.973416 62.806353 -8.582123
v -3.973416 11.963115 -8.582123
v -3.773416 11.963115 -8.582123
v -3.773416 11.963115 -8.382123
v -3.973416 11.963115 -8.382123
v -3.973416 11.963115 7.585507
v -3.773416 11.963115 7.585507
v -3.773416 62.806353 7.585507
v -3.973416 62.806353 7.585507
v -3.773416 11.963115 7.385507
v -3.973416 11.963115 7.385507
v -3.973416 62.806353 7.385507
v -3.773416 62.806353 7.385507
v -3.773416 11.963115 7.585507
v -3.773416 11.963115 7.385507
v -3.773416 62.806353 7.385507
v -3.773416 62.806353 7.585507
v -3.973416 11.963115 7.385507
v -3.973416 11.963115 7.585507
v -3.973416 62.806353 7.585507
v -3.973416 62.806353 7.385507
v -3.973416 62.806353 7.585507
v -3.773416 62.806353 7.585507
v -3.773416 62.806353 7.385507
v -3.973416 62.806353 7.385507
v -3.973416 11.963115 7.385507
v -3.773416 11.963115 7.385507
v -3.773416 11.963115 7.585507
v -3.973416 11.963115 7.585507
v 5.398652 11.963115 -8.382123
v 5.598652 11.963115 -8.382123
v 5.598652 62.806353 -8.382123
v 5.398652 62.806353 -8.382123
v 5.598652 11.963115 -8.582123
v 5.398652 11.963115 -8.582123
v 5.398652 62.806353 -8.582123
v 5.598652 62.806353 -8.582123
v 5.598652 11.963115 -8.382123
v 5.598652 11.963115 -8.582123
v 5.598652 62.806353 -8.582123
v 5.598652 62.806353 -8.382123
v 5.398652 11.963115 -8.582123
v 5.398652 11.963115 -8.382123
v 5.398652 62.806353 -8.382123
v 5.398652 62.806353 -8.582123
v 5.398652 62.806353 -8.382123
v 5.598652 62.806353 -8.382123
v 5.598652 62.806353 -8.582123
v 5.398652 62.806353 -8.582123
v 5.398652 11.963115 -8.582123
v 5.598652 11.963115 -8.582123
v 5.598652 11.963115 -8.382123
v 5.398652 11.963115 -8.382123
v 5.398652 11.963115 7.585507
v 5.598652 11.963115 7.585507
v 5.598652 62.806353 7.585507
v 5.398652 62.806353 7.585507
v 5.598652 11.963115 7.385507
v 5.398652 11.963115 7.385507
v 5.398652 62.806353 7.385507
v 5.598652 62.806353 7.385507
v 5.598652 11.963115 7.585507
v 5.598652 11.963115 7.385507
v 5.598652 62.806353 7.385507
v 5.598652 62.806353 7.585507
v 5.398652 11.963115 7.385507
v 5.398652 11.963115 7.585507
v 5.398652 62.806353 7.585507
v 5.398652 62.806353 7.385507
v 5.398652 62.806353 7.585507
v 5.598652 62.806353 7.585507
v 5.598652 62.806353 7.385507
v 5.398652 62.806353 7.385507
v 5.398652 11.963115 7.385507
v 5.598652 11.963115 7.385507
v 5.598652 11.963115 7.585507
v 5.398652 11.963115 7.585507
v -2.021218 62.806353 4.813913
v -1.822849 62.806353 4.813913
v -1.822849 65.797131 4.813913
v -2.021218 65.797131 4.813913
v -0.802668 62.806353 4.813913
v -0.604300 62.806353 4.813913
v -0.604300 65.797131 4.813913
v -0.802668 65.797131 4.813913
v -1.822849 62.806353 4.813913
v -0.802668 62.806353 4.813913
v -0.802668 63.286353 4.813913
v -1.822849 63.286353 4.813913
v -1.822849 65.417131 4.813913
v -0.802668 65.417131 4.813913
v -0.802668 65.797131 4.813913
v -1.822849 65.797131 4.813913
v -1.822849 63.286353 4.743913
v -0.802668 63.286353 4.743913
v -0.802668 65.417131 4.743913
v -1.822849 65.417131 4.743913
v -0.604300 62.806353 4.813913
v -0.405931 62.806353 4.813913
v -0.405931 65.797131 4.813913
v -0.604300 65.797131 4.813913
v 0.614249 62.806353 4.813913
v 0.812618 62.806353 4.813913
v 0.812618 65.797131 4.813913
v 0.614249 65.797131 4.813913
v -0.405931 62.806353 4.813913
v 0.614249 62.806353 4.813913
v 0.614249 63.286353 4.813913
v -0.405931 63.286353 4.813913
v -0.405931 65.417131 4.813913
v 0.614249 65.417131 4.813913
v 0.614249 65.797131 4.813913
v -0.405931 65.797131 4.813913
v -0.405931 63.286353 4.743913
v 0.614249 63.286353 4.743913
v 0.614249 65.417131 4.743913
v -0.405931 65.417131 4.743913
v 0.812618 62.806353 4.813913
v 1.010987 62.806353 4.813913
v 1.010987 65.797131 4.813913
v 0.812618 65.797131 4.813913
v 2.031167 62.806353 4.813913
v 2.229536 62.806353 4.813913
v 2.229536 65.797131 4.813913
v 2.031167 65.797131 4.813913
v 1.010987 62.806353 4.813913
v 2.031167 62.806353 4.813913
v 2.031167 63.286353 4.813913
v 1.010987 63.286353 4.813913
v 1.010987 65.417131 4.813913
v 2.031167 65.417131 4.813913
v 2.031167 65.797131 4.813913
v 1.010987 65.797131 4.813913
v 1.010987 63.286353 4.743913
v 2.031167 63.286353 4.743913
v 2.031167 65.417131 4.743913
v 1.010987 65.417131 4.743913
v 2.229536 62.806353 4.813913
v 2.427904 62.806353 4.813913
v 2.427904 65.797131 4.813913
v 2.229536 65.797131 4.813913
v 3.448085 62.806353 4.813913
v 3.646454 62.806353 4.813913
v 3.646454 65.797131 4.813913
v 3.448085 65.797131 4.813913
v 2.427904 62.806353 4.813913
v 3.448085 62.806353 4.813913
v 3.448085 63.286353 4.813913
v 2.427904 63.286353 4.813913
v 2.427904 65.417131 4.813913
v 3.448085 65.417131 4.813913
v 3.448085 65.797131 4.813913
v 2.427904 65.797131 4.813913
v 2.427904 63.286353 4.743913
v 3.448085 63.286353 4.743913
v 3.448085 65.417131 4.743913
v 2.427904 65.417131 4.743913
v -2.021218 65.797131 4.813913
v -1.822849 65.797131 4.813913
v -1.822849 68.787910 4.813913
v -2.021218 68.787910 4.813913
v -0.802668 65.797131 4.813913
v -0.604300 65.797131 4.813913
v -0.604300 68.787910 4.813913
v -0.802668 68.787910 4.813913
v -1.822849 65.797131 4.813913
v -0.802668 65.797131 4.813913
v -0.802668 66.277131 4.813913
v -1.822849 66.277131 4.813913
v -1.822849 68.407910 4.813913
v -0.802668 68.407910 4.813913
v -0.802668 68.787910 4.813913
v -1.822849 68.787910 4.813913
v -1.822849 66.277131 4.743913
v -0.802668 66.277131 4.743913
v -0.802668 68.407910 4.743913
v -1.822849 68.407910 4.743913
v -0.604300 65.797131 4.813913
v -0.405931 65.797131 4.813913
v -0.405931 68.787910 4.813913
v -0.604300 68.787910 4.813913
v 0.614249 65.797131 4.813913
v 0.812618 65.797131 4.813913
v 0.812618 68.787910 4.813913
v 0.614249 68.787910 4.813913
v -0.405931 65.797131 4.813913
v 0.614249 65.797131 4.813913
v 0.614249 66.277131 4.813913
v -0.405931 66.277131 4.813913
v -0.405931 68.407910 4.813913
v 0.614249 68.407910 4.813913
v 0.614249 68.787910 4.813913
v -0.405931 68.787910 4.813913
v -0.405931 66.277131 4.743913
v 0.614249 66.277131 4.743913
v 0.614249 68.407910 4.743913
v -0.405931 68.407910 4.743913
v 0.812618 65.797131 4.813913
v 1.010987 65.797131 4.813913
v 1.010987 68.787910 4.813913
v 0.812618 68.787910 4.813913
v 2.031167 65.797131 4.813913
v 2.229536 65.797131 4.813913
v 2.229536 68.787910 4.813913
v 2.031167 68.787910 4.813913
v 1.010987 65.797131 4.813913
v 2.031167 65.797131 4.813913
v 2.031167 66.277131 4.813913
v 1.010987 66.277131 4.813913
v 1.010987 68.407910 4.813913
v 2.031167 68.407910 4.813913
v 2.031167 68.787910 4.813913
v 1.010987 68.787910 4.813913
v 1.010987 66.277131 4.743913
v 2.031167 66.277131 4.743913
v 2.031167 68.407910 4.743913
v 1.010987 68.407910 4.743913
v 2.229536 65.797131 4.813913
v 2.427904 65.797131 4.813913
v 2.427904 68.787910 4.813913
v 2.229536 68.787910 4.813913
v 3.448085 65.797131 4.813913
v 3.646454 65.797131 4.813913
v 3.646454 68.787910 4.813913
v 3.448085 68.787910 4.813913
v 2.427904 65.797131 4.813913
v 3.448085 65.797131 4.813913
v 3.448085 66.277131 4.813913
v 2.427904 66.277131 4.813913
v 2.427904 68.407910 4.813913
v 3.448085 68.407910 4.813913
v 3.448085 68.787910 4.813913
v 2.427904 68.787910 4.813913
v 2.427904 66.277131 4.743913
v 3.448085 66.277131 4.743913
v 3.448085 68.407910 4.743913
v 2.427904 68.407910 4.743913
v 3.646454 62.806353 -5.810530
v 3.448085 62.806353 -5.810530
v 3.448085 65.797131 -5.810530
v 3.646454 65.797131 -5.810530
v 2.427904 62.806353 -5.810530
v 2.229536 62.806353 -5.810530
v 2.229536 65.797131 -5.810530
v 2.427904 65.797131 -5.810530
v 3.448085 62.806353 -5.810530
v 2.427904 62.806353 -5.810530
v 2.427904 63.286353 -5.810530
v 3.448085 63.286353 -5.810530
v 3.448085 65.417131 -5.810530
v 2.427904 65.417131 -5.810530
v 2.427904 65.797131 -5.810530
v 3.448085 65.797131 -5.810530
v 3.448085 63.286353 -5.740530
v 2.427904 63.286353 -5.740530
v 2.427904 65.417131 -5.740530
v 3.448085 65.417131 -5.740530
v 2.229536 62.806353 -5.810530
v 2.031167 62.806353 -5.810530
v 2.031167 65.797131 -5.810530
v 2.229536 65.797131 -5.810530
v 1.010987 62.806353 -5.810530
v 0.812618 62.806353 -5.810530
v 0.812618 65.797131 -5.810530
v 1.010987 65.797131 -5.810530
v 2.031167 62.806353 -5.810530
v 1.010987 62.806353 -5.810530
v 1.010987 63.286353 -5.810530
v 2.031167 63.286353 -5.810530
v 2.031167 65.417131 -5.810530
v 1.010987 65.417131 -5.810530
v 1.010987 65.797131 -5.810530
v 2.031167 65.797131 -5.810530
v 2.031167 63.286353 -5.740530
v 1.010987 63.286353 -5.740530
v 1.010987 65.417131 -5.740530
v 2.031167 65.417131 -5.740530
v 0.812618 62.806353 -5.810530
v 0.614249 62.806353 -5.810530
v 0.614249 65.797131 -5.810530
v 0.812618 65.797131 -5.810530
v -0.405931 62.806353 -5.810530
v -0.604300 62.806353 -5.810530
v -0.604300 65.797131 -5.810530
v -0.405931 65.797131 -5.810530
v 0.614249 62.806353 -5.810530
v -0.405931 62.806353 -5.810530
v -0.405931 63.286353 -5.810530
v 0.614249 63.286353 -5.810530
v 0.614249 65.417131 -5.810530
v -0.405931 65.417131 -5.810530
v -0.405931 65.797131 -5.810530
v 0.614249 65.797131 -5.810530
v 0.614249 63.286353 -5.740530
v -0.405931 63.286353 -5.740530
v -0.405931 65.417131 -5.740530
v 0.614249 65.417131 -5.740530
v -0.604300 62.806353 -5.810530
v -0.802668 62.806353 -5.810530
v -0.802668 65.797131 -5.810530
v -0.604300 65.797131 -5.810530
v -1.822849 62.806353 -5.810530
v -2.021218 62.806353 -5.810530
v -2.021218 65.797131 -5.810530
v -1.822849 65.797131 -5.810530
v -0.802668 62.806353 -5.810530
v -1.822849 62.806353 -5.810530
v -1.822849 63.286353 -5.810530
v -0.802668 63.286353 -5.810530
v -0.802668 65.417131 -5.810530
v -1.822849 65.417131 -5.810530
v -1.822849 65.797131 -5.810530
v -0.802668 65.797131 -5.810530
v -0.802668 63.286353 -5.740530
v -1.822849 63.286353 -5.740530
v -1.822849 65.417131 -5.740530
v -0.802668 65.417131 -5.740530
v 3.646454 65.797131 -5.810530
v 3.448085 65.797131 -5.810530
v 3.448085 68.787910 -5.810530
v 3.646454 68.787910 -5.810530
v 2.427904 65.797131 -5.810530
v 2.229536 65.797131 -5.810530
v 2.229536 68.787910 -5.810530
v 2.427904 68.787910 -5.810530
v 3.448085 65.797131 -5.810530
v 2.427904 65.797131 -5.810530
v 2.427904 66.277131 -5.810530
v 3.448085 66.277131 -5.810530
v 3.448085 68.407910 -5.810530
v 2.427904 68.407910 -5.810530
v 2.427904 68.787910 -5.810530
v 3.448085 68.787910 -5.810530
v 3.448085 66.277131 -5.740530
v 2.427904 66.277131 -5.740530
v 2.427904 68.407910 -5.740530
v 3.448085 68.407910 -5.740530
v 2.229536 65.797131 -5.810530
v 2.031167 65.797131 -5.810530
v 2.031167 68.787910 -5.810530
v 2.229536 68.787910 -5.810530
v 1.010987 65.797131 -5.810530
v 0.812618 65.797131 -5.810530
v 0.812618 68.787910 -5.810530
v 1.010987 68.787910 -5.810530
v 2.031167 65.797131 -5.810530
v 1.010987 65.797131 -5.810530
v 1.010987 66.277131 -5.810530
v 2.031167 66.277131 -5.810530
v 2.031167 68.407910 -5.810530
v 1.010987 68.407910 -5.810530
v 1.010987 68.787910 -5.810530
v 2.031167 68.787910 -5.810530
v 2.031167 66.277131 -5.740530
v 1.010987 66.277131 -5.740530
v 1.010987 68.407910 -5.740530
v 2.031167 68.407910 -5.740530
v 0.812618 65.797131 -5.810530
v 0.614249 65.797131 -5.810530
v 0.614249 68.787910 -5.810530
v 0.812618 68.787910 -5.810530
v -0.405931 65.797131 -5.810530
v -0.604300 65.797131 -5.810530
v -0.604300 68.787910 -5.810530
v -0.405931 68.787910 -5.810530
v 0.614249 65.797131 -5.810530
v -0.405931 65.797131 -5.810530
v -0.405931 66.277131 -5.810530
v 0.614249 66.277131 -5.810530
v 0.614249 68.407910 -5.810530
v -0.405931 68.407910 -5.810530
v -0.405931 68.787910 -5.810530
v 0.614249 68.787910 -5.810530
v 0.614249 66.277131 -5.740530
v -0.405931 66.277131 -5.740530
v -0.405931 68.407910 -5.740530
v 0.614249 68.407910 -5.740530
v -0.604300 65.797131 -5.810530
v -0.802668 65.797131 -5.810530
v -0.802668 68.787910 -5.810530
v -0.604300 68.787910 -5.810530
v -1.822849 65.797131 -5.810530
v -2.021218 65.797131 -5.810530
v -2.021218 68.787910 -5.810530
v -1.822849 68.787910 -5.810530
v -0.802668 65.797131 -5.810530
v -1.822849 65.797131 -5.810530
v -1.822849 66.277131 -5.810530
v -0.802668 66.277131 -5.810530
v -0.802668 68.407910 -5.810530
v -1.822849 68.407910 -5.810530
v -1.822849 68.787910 -5.810530
v -0.802668 68.787910 -5.810530
v -0.802668 66.277131 -5.740530
v -1.822849 66.277131 -5.740530
v -1.822849 68.407910 -5.740530
v -0.802668 68.407910 -5.740530
v 3.646454 62.806353 4.813913
v 3.646454 62.806353 4.516429
v 3.646454 65.797131 4.516429
v 3.646454 65.797131 4.813913
v 3.646454 62.806353 2.986509
v 3.646454 62.806353 2.689025
v 3.646454 65.797131 2.689025
v 3.646454 65.797131 2.986509
v 3.646454 62.806353 4.516429
v 3.646454 62.806353 2.986509
v 3.646454 63.286353 2.986509
v 3.646454 63.286353 4.516429
v 3.646454 65.417131 4.516429
v 3.646454 65.417131 2.986509
v 3.646454 65.797131 2.986509
v 3.646454 65.797131 4.516429
v 3.576454 63.286353 4.516429
v 3.576454 63.286353 2.986509
v 3.576454 65.417131 2.986509
v 3.576454 65.417131 4.516429
v 3.646454 62.806353 2.689025
v 3.646454 62.806353 2.391540
v 3.646454 65.797131 2.391540
v 3.646454 65.797131 2.689025
v 3.646454 62.806353 0.861621
v 3.646454 62.806353 0.564136
v 3.646454 65.797131 0.564136
v 3.646454 65.797131 0.861621
v 3.646454 62.806353 2.391540
v 3.646454 62.806353 0.861621
v 3.646454 63.286353 0.861621
v 3.646454 63.286353 2.391540
v 3.646454 65.417131 2.391540
v 3.646454 65.417131 0.861621
v 3.646454 65.797131 0.861621
v 3.646454 65.797131 2.391540
v 3.576454 63.286353 2.391540
v 3.576454 63.286353 0.861621
v 3.576454 65.417131 0.861621
v 3.576454 65.417131 2.391540
v 3.646454 62.806353 0.564136
v 3.646454 62.806353 0.266652
v 3.646454 65.797131 0.266652
v 3.646454 65.797131 0.564136
v 3.646454 62.806353 -1.263268
v 3.646454 62.806353 -1.560752
v 3.646454 65.797131 -1.560752
v 3.646454 65.797131 -1.263268
v 3.646454 62.806353 0.266652
v 3.646454 62.806353 -1.263268
v 3.646454 63.286353 -1.263268
v 3.646454 63.286353 0.266652
v 3.646454 65.417131 0.266652
v 3.646454 65.417131 -1.263268
v 3.646454 65.797131 -1.263268
v 3.646454 65.797131 0.266652
v 3.576454 63.286353 0.266652
v 3.576454 63.286353 -1.263268
v 3.576454 65.417131 -1.263268
v 3.576454 65.417131 0.266652
v 3.646454 62.806353 -1.560752
v 3.646454 62.806353 -1.858237
v 3.646454 65.797131 -1.858237
v 3.646454 65.797131 -1.560752
v 3.646454 62.806353 -3.388157
v 3.646454 62.806353 -3.685641
v 3.646454 65.797131 -3.685641
v 3.646454 65.797131 -3.388157
v 3.646454 62.806353 -1.858237
v 3.646454 62.806353 -3.388157
v 3.646454 63.286353 -3.388157
v 3.646454 63.286353 -1.858237
v 3.646454 65.417131 -1.858237
v 3.646454 65.417131 -3.388157
v 3.646454 65.797131 -3.388157
v 3.646454 65.797131 -1.858237
v 3.576454 63.286353 -1.858237
v 3.576454 63.286353 -3.388157
v 3.576454 65.417131 -3.388157
v 3.576454 65.417131 -1.858237
v 3.646454 62.806353 -3.685641
v 3.646454 62.806353 -3.983125
v 3.646454 65.797131 -3.983125
v 3.646454 65.797131 -3.685641
v 3.646454 62.806353 -5.513045
v 3.646454 62.806353 -5.810530
v 3.646454 65.797131 -5.810530
v 3.646454 65.797131 -5.513045
v 3.646454 62.806353 -3.983125
v 3.646454 62.806353 -5.513045
v 3.646454 63.286353 -5.513045
v 3.646454 63.286353 -3.983125
v 3.646454 65.417131 -3.983125
v 3.646454 65.417131 -5.513045
v 3.646454 65.797131 -5.513045
v 3.646454 65.797131 -3.983125
v 3.576454 63.286353 -3.983125
v 3.576454 63.286353 -5.513045
v 3.576454 65.417131 -5.513045
v 3.576454 65.417131 -3.983125
v 3.646454 65.797131 4.813913
v 3.646454 65.797131 4.516429
v 3.646454 68.787910 4.516429
v 3.646454 68.787910 4.813913
v 3.646454 65.797131 2.986509
v 3.646454 65.797131 2.689025
v 3.646454 68.787910 2.689025
v 3.646454 68.787910 2.986509
v 3.646454 65.797131 4.516429
v 3.646454 65.797131 2.986509
v 3.646454 66.277131 2.986509
v 3.646454 66.277131 4.516429
v 3.646454 68.407910 4.516429
v 3.646454 68.407910 2.986509
v 3.646454 68.787910 2.986509
v 3.646454 68.787910 4.516429
v 3.576454 66.277131 4.516429
v 3.576454 66.277131 2.986509
v 3.576454 68.407910 2.986509
v 3.576454 68.407910 4.516429
v 3.646454 65.797131 2.689025
v 3.646454 65.797131 2.391540
v 3.646454 68.787910 2.391540
v 3.646454 68.787910 2.689025
v 3.646454 65.797131 0.861621
v 3.646454 65.797131 0.564136
v 3.646454 68.787910 0.564136
v 3.646454 68.787910 0.861621
v 3.646454 65.797131 2.391540
v 3.646454 65.797131 0.861621
v 3.646454 66.277131 0.861621
v 3.646454 66.277131 2.391540
v 3.646454 68.407910 2.391540
v 3.646454 68.407910 0.861621
v 3.646454 68.787910 0.861621
v 3.646454 68.787910 2.391540
v 3.576454 66.277131 2.391540
v 3.576454 66.277131 0.861621
v 3.576454 68.407910 0.861621
v 3.576454 68.407910 2.391540
v 3.646454 65.797131 0.564136
v 3.646454 65.797131 0.266652
v 3.646454 68.787910 0.266652
v 3.646454 68.787910 0.564136
v 3.646454 65.797131 -1.263268
v 3.646454 65.797131 -1.560752
v 3.646454 68.787910 -1.560752
v 3.646454 68.787910 -1.263268
v 3.646454 65.797131 0.266652
v 3.646454 65.797131 -1.263268
v 3.646454 66.277131 -1.263268
v 3.646454 66.277131 0.266652
v 3.646454 68.407910 0.266652
v 3.646454 68.407910 -1.263268
v 3.646454 68.787910 -1.263268
v 3.646454 68.787910 0.266652
v 3.576454 66.277131 0.266652
v 3.576454 66.277131 -1.263268
v 3.576454 68.407910 -1.263268
v 3.576454 68.407910 0.266652
v 3.646454 65.797131 -1.560752
v 3.646454 65.797131 -1.858237
v 3.646454 68.787910 -1.858237
v 3.646454 68.787910 -1.560752
v 3.646454 65.797131 -3.388157
v 3.646454 65.797131 -3.685641
v 3.646454 68.787910 -3.685641
v 3.646454 68.787910 -3.388157
v 3.646454 65.797131 -1.858237
v 3.646454 65.797131 -3.388157
v 3.646454 66.277131 -3.388157
v 3.646454 66.277131 -1.858237
v 3.646454 68.407910 -1.858237
v 3.646454 68.407910 -3.388157
v 3.646454 68.787910 -3.388157
v 3.646454 68.787910 -1.858237
v 3.576454 66.277131 -1.858237
v 3.576454 66.277131 -3.388157
v 3.576454 68.407910 -3.388157
v 3.576454 68.407910 -1.858237
v 3.646454 65.797131 -3.685641
v 3.646454 65.797131 -3.983125
v 3.646454 68.787910 -3.983125
v 3.646454 68.787910 -3.685641
v 3.646454 65.797131 -5.513045
v 3.646454 65.797131 -5.810530
v 3.646454 68.787910 -5.810530
v 3.646454 68.787910 -5.513045
v 3.646454 65.797131 -3.983125
v 3.646454 65.797131 -5.513045
v 3.646454 66.277131 -5.513045
v 3.646454 66.277131 -3.983125
v 3.646454 68.407910 -3.983125
v 3.646454 68.407910 -5.513045
v 3.646454 68.787910 -5.513045
v 3.646454 68.787910 -3.983125
v 3.576454 66.277131 -3.983125
v 3.576454 66.277131 -5.513045
v 3.576454 68.407910 -5.513045
v 3.576454 68.407910 -3.983125
v -2.021218 62.806353 -5.810530
v -2.021218 62.806353 -5.513045
v -2.021218 65.797131 -5.513045
v -2.021218 65.797131 -5.810530
v -2.021218 62.806353 -3.983125
v -2.021218 62.806353 -3.685641
v -2.021218 65.797131 -3.685641
v -2.021218 65.797131 -3.983125
v -2.021218 62.806353 -5.513045
v -2.021218 62.806353 -3.983125
v -2.021218 63.286353 -3.983125
v -2.021218 63.286353 -5.513045
v -2.021218 65.417131 -5.513045
v -2.021218 65.417131 -3.983125
v -2.021218 65.797131 -3.983125
v -2.021218 65.797131 -5.513045
v -1.951218 63.286353 -5.513045
v -1.951218 63.286353 -3.983125
v -1.951218 65.417131 -3.983125
v -1.951218 65.417131 -5.513045
v -2.021218 62.806353 -3.685641
v -2.021218 62.806353 -3.388157
v -2.021218 65.797131 -3.388157
v -2.021218 65.797131 -3.685641
v -2.021218 62.806353 -1.858237
v -2.021218 62.806353 -1.560752
v -2.021218 65.797131 -1.560752
v -2.021218 65.797131 -1.858237
v -2.021218 62.806353 -3.388157
v -2.021218 62.806353 -1.858237
v -2.021218 63.286353 -1.858237
v -2.021218 63.286353 -3.388157
v -2.021218 65.417131 -3.388157
v -2.021218 65.417131 -1.858237
v -2.021218 65.797131 -1.858237
v -2.021218 65.797131 -3.388157
v -1.951218 63.286353 -3.388157
v -1.951218 63.286353 -1.858237
v -1.951218 65.417131 -1.858237
v -1.951218 65.417131 -3.388157
v -2.021218 62.806353 -1.560752
v -2.021218 62.806353 -1.263268
v -2.021218 65.797131 -1.263268
v -2.021218 65.797131 -1.560752
v -2.021218 62.806353 0.266652
v -2.021218 62.806353 0.564136
v -2.021218 65.797131 0.564136
v -2.021218 65.797131 0.266652
v -2.021218 62.806353 -1.263268
v -2.021218 62.806353 0.266652
v -2.021218 63.286353 0.266652
v -2.021218 63.286353 -1.263268
v -2.021218 65.417131 -1.263268
v -2.021218 65.417131 0.266652
v -2.021218 65.797131 0.266652
v -2.021218 65.797131 -1.263268
v -1.951218 63.286353 -1.263268
v -1.951218 63.286353 0.266652
v -1.951218 65.417131 0.266652
v -1.951218 65.417131 -1.263268
v -2.021218 62.806353 0.564136
v -2.021218 62.806353 0.861621
v -2.021218 65.797131 0.861621
v -2.021218 65.797131 0.564136
v -2.021218 62.806353 2.391540
v -2.021218 62.806353 2.689025
v -2.021218 65.797131 2.689025
v -2.021218 65.797131 2.391540
v -2.021218 62.806353 0.861621
v -2.021218 62.806353 2.391540
v -2.021218 63.286353 2.391540
v -2.021218 63.286353 0.861621
v -2.021218 65.417131 0.861621
v -2.021218 65.417131 2.391540
v -2.021218 65.797131 2.391540
v -2.021218 65.797131 0.861621
v -1.951218 63.286353 0.861621
v -1.951218 63.286353 2.391540
v -1.951218 65.417131 2.391540
v -1.951218 65.417131 0.861621
v -2.021218 62.806353 2.689025
v -2.021218 62.806353 2.986509
v -2.021218 65.797131 2.986509
v -2.021218 65.797131 2.689025
v -2.021218 62.806353 4.516429
v -2.021218 62.806353 4.813913
v -2.021218 65.797131 4.813913
v -2.021218 65.797131 4.516429
v -2.021218 62.806353 2.986509
v -2.021218 62.806353 4.516429
v -2.021218 63.286353 4.516429
v -2.021218 63.286353 2.986509
v -2.021218 65.417131 2.986509
v -2.021218 65.417131 4.516429
v -2.021218 65.797131 4.516429
v -2.021218 65.797131 2.986509
v -1.951218 63.286353 2.986509
v -1.951218 63.286353 4.516429
v -1.951218 65.417131 4.516429
v -1.951218 65.417131 2.986509
v -2.021218 65.797131 -5.810530
v -2.021218 65.797131 -5.513045
v -2.021218 68.787910 -5.513045
v -2.021218 68.787910 -5.810530
v -2.021218 65.797131 -3.983125
v -2.021218 65.797131 -3.685641
v -2.021218 68.787910 -3.685641
v -2.021218 68.787910 -3.983125
v -2.021218 65.797131 -5.513045
v -2.021218 65.797131 -3.983125
v -2.021218 66.277131 -3.983125
v -2.021218 66.277131 -5.513045
v -2.021218 68.407910 -5.513045
v -2.021218 68.407910 -3.983125
v -2.021218 68.787910 -3.983125
v -2.021218 68.787910 -5.513045
v -1.951218 66.277131 -5.513045
v -1.951218 66.277131 -3.983125
v -1.951218 68.407910 -3.983125
v -1.951218 68.407910 -5.513045
v -2.021218 65.797131 -3.685641
v -2.021218 65.797131 -3.388157
v -2.021218 68.787910 -3.388157
v -2.021218 68.787910 -3.685641
v -2.021218 65.797131 -1.858237
v -2.021218 65.797131 -1.560752
v -2.021218 68.787910 -1.560752
v -2.021218 68.787910 -1.858237
v -2.021218 65.797131 -3.388157
v -2.021218 65.797131 -1.858237
v -2.021218 66.277131 -1.858237
v -2.021218 66.277131 -3.388157
v -2.021218 68.407910 -3.388157
v -2.021218 68.407910 -1.858237
v -2.021218 68.787910 -1.858237
v -2.021218 68.787910 -3.388157
v -1.951218 66.277131 -3.388157
v -1.951218 66.277131 -1.858237
v -1.951218 68.407910 -1.858237
v -1.951218 68.407910 -3.388157
v -2.021218 65.797131 -1.560752
v -2.021218 65.797131 -1.263268
v -2.021218 68.787910 -1.263268
v -2.021218 68.787910 -1.560752
v -2.021218 65.797131 0.266652
v -2.021218 65.797131 0.564136
v -2.021218 68.787910 0.564136
v -2.021218 68.787910 0.266652
v -2.021218 65.797131 -1.263268
v -2.021218 65.797131 0.266652
v -2.021218 66.277131 0.266652
v -2.021218 66.277131 -1.263268
v -2.021218 68.407910 -1.263268
v -2.021218 68.407910 0.266652
v -2.021218 68.787910 0.266652
v -2.021218 68.787910 -1.263268
v -1.951218 66.277131 -1.263268
v -1.951218 66.277131 0.266652
v -1.951218 68.407910 0.266652
v -1.951218 68.407910 -1.263268
v -2.021218 65.797131 0.564136
v -2.021218 65.797131 0.861621
v -2.021218 68.787910 0.861621
v -2.021218 68.787910 0.564136
v -2.021218 65.797131 2.391540
v -2.021218 65.797131 2.689025
v -2.021218 68.787910 2.689025
v -2.021218 68.787910 2.391540
v -2.021218 65.797131 0.861621
v -2.021218 65.797131 2.391540
v -2.021218 66.277131 2.391540
v -2.021218 66.277131 0.861621
v -2.021218 68.407910 0.861621
v -2.021218 68.407910 2.391540
v -2.021218 68.787910 2.391540
v -2.021218 68.787910 0.861621
v -1.951218 66.277131 0.861621
v -1.951218 66.277131 2.391540
v -1.951218 68.407910 2.391540
v -1.951218 68.407910 0.861621
v -2.021218 65.797131 2.689025
v -2.021218 65.797131 2.986509
v -2.021218 68.787910 2.986509
v -2.021218 68.787910 2.689025
v -2.021218 65.797131 4.516429
v -2.021218 65.797131 4.813913
v -2.021218 68.787910 4.813913
v -2.021218 68.787910 4.516429
v -2.021218 65.797131 2.986509
v -2.021218 65.797131 4.516429
v -2.021218 66.277131 4.516429
v -2.021218 66.277131 2.986509
v -2.021218 68.407910 2.986509
v -2.021218 68.407910 4.516429
v -2.021218 68.787910 4.516429
v -2.021218 68.787910 2.986509
v -1.951218 66.277131 2.986509
v -1.951218 66.277131 4.516429
v -1.951218 68.407910 4.516429
v -1.951218 68.407910 2.986509
v -2.021218 65.747131 4.813913
v 3.646454 65.747131 4.813913
v 3.646454 65.847131 4.813913
v -2.021218 65.847131 4.813913
v 3.646454 65.747131 -5.810530
v -2.021218 65.747131 -5.810530
v -2.021218 65.847131 -5.810530
v 3.646454 65.847131 -5.810530
v 3.646454 65.747131 4.813913
v 3.646454 65.747131 -5.810530
v 3.646454 65.847131 -5.810530
v 3.646454 65.847131 4.813913
v -2.021218 65.747131 -5.810530
v -2.021218 65.747131 4.813913
v -2.021218 65.847131 4.813913
v -2.021218 65.847131 -5.810530
v -2.021218 65.847131 4.813913
v 3.646454 65.847131 4.813913
v 3.646454 65.847131 -5.810530
v -2.021218 65.847131 -5.810530
v -2.021218 65.747131 -5.810530
v 3.646454 65.747131 -5.810530
v 3.646454 65.747131 4.813913
v -2.021218 65.747131 4.813913
v -2.021218 68.787910 -5.810530
v 3.646454 68.787910 -5.810530
v 3.646454 68.787910 4.813913
v -2.021218 68.787910 4.813913
v -2.021218 62.806353 -5.610530
v -1.865357 62.806353 -5.610530
v -1.865357 68.787910 -5.610530
v -2.021218 68.787910 -5.610530
v -1.865357 62.806353 -5.810530
v -2.021218 62.806353 -5.810530
v -2.021218 68.787910 -5.810530
v -1.865357 68.787910 -5.810530
v -1.865357 62.806353 -5.610530
v -1.865357 62.806353 -5.810530
v -1.865357 68.787910 -5.810530
v -1.865357 68.787910 -5.610530
v -2.021218 62.806353 -5.810530
v -2.021218 62.806353 -5.610530
v -2.021218 68.787910 -5.610530
v -2.021218 68.787910 -5.810530
v -2.021218 68.787910 -5.610530
v -1.865357 68.787910 -5.610530
v -1.865357 68.787910 -5.810530
v -2.021218 68.787910 -5.810530
v -2.021218 62.806353 -5.810530
v -1.865357 62.806353 -5.810530
v -1.865357 62.806353 -5.610530
v -2.021218 62.806353 -5.610530
v -2.021218 62.806353 4.813913
v -1.865357 62.806353 4.813913
v -1.865357 68.787910 4.813913
v -2.021218 68.787910 4.813913
v -1.865357 62.806353 4.613913
v -2.021218 62.806353 4.613913
v -2.021218 68.787910 4.613913
v -1.865357 68.787910 4.613913
v -1.865357 62.806353 4.813913
v -1.865357 62.806353 4.613913
v -1.865357 68.787910 4.613913
v -1.865357 68.787910 4.813913
v -2.021218 62.806353 4.613913
v -2.021218 62.806353 4.813913
v -2.021218 68.787910 4.813913
v -2.021218 68.787910 4.613913
v -2.021218 68.787910 4.813913
v -1.865357 68.787910 4.813913
v -1.865357 68.787910 4.613913
v -2.021218 68.787910 4.613913
v -2.021218 62.806353 4.613913
v -1.865357 62.806353 4.613913
v -1.865357 62.806353 4.813913
v -2.021218 62.806353 4.813913
v 3.490593 62.806353 -5.610530
v 3.646454 62.806353 -5.610530
v 3.646454 68.787910 -5.610530
v 3.490593 68.787910 -5.610530
v 3.646454 62.806353 -5.810530
v 3.490593 62.806353 -5.810530
v 3.490593 68.787910 -5.810530
v 3.646454 68.787910 -5.810530
v 3.646454 62.806353 -5.610530
v 3.646454 62.806353 -5.810530
v 3.646454 68.787910 -5.810530
v 3.646454 68.787910 -5.610530
v 3.490593 62.806353 -5.810530
v 3.490593 62.806353 -5.610530
v 3.490593 68.787910 -5.610530
v 3.490593 68.787910 -5.810530
v 3.490593 68.787910 -5.610530
v 3.646454 68.787910 -5.610530
v 3.646454 68.787910 -5.810530
v 3.490593 68.787910 -5.810530
v 3.490593 62.806353 -5.810530
v 3.646454 62.806353 -5.810530
v 3.646454 62.806353 -5.610530
v 3.490593 62.806353 -5.610530
v 3.490593 62.806353 4.813913
v 3.646454 62.806353 4.813913
v 3.646454 68.787910 4.813913
v 3.490593 68.787910 4.813913
v 3.646454 62.806353 4.613913
v 3.490593 62.806353 4.613913
v 3.490593 68.787910 4.613913
v 3.646454 68.787910 4.613913
v 3.646454 62.806353 4.813913
v 3.646454 62.806353 4.613913
v 3.646454 68.787910 4.613913
v 3.646454 68.787910 4.813913
v 3.490593 62.806353 4.613913
v 3.490593 62.806353 4.813913
v 3.490593 68.787910 4.813913
v 3.490593 68.787910 4.613913
v 3.490593 68.787910 4.813913
v 3.646454 68.787910 4.813913
v 3.646454 68.787910 4.613913
v 3.490593 68.787910 4.613913
v 3.490593 62.806353 4.613913
v 3.646454 62.806353 4.613913
v 3.646454 62.806353 4.813913
v 3.490593 62.806353 4.813913
v -1.328502 68.087910 2.966184
v 2.953738 68.087910 2.966184
v 2.953738 68.787910 2.966184
v -1.328502 68.787910 2.966184
v 2.953738 68.087910 -3.962800
v -1.328502 68.087910 -3.962800
v -1.328502 68.787910 -3.962800
v 2.953738 68.787910 -3.962800
v 2.953738 68.087910 2.966184
v 2.953738 68.087910 -3.962800
v 2.953738 68.787910 -3.962800
v 2.953738 68.787910 2.966184
v -1.328502 68.087910 -3.962800
v -1.328502 68.087910 2.966184
v -1.328502 68.787910 2.966184
v -1.328502 68.787910 -3.962800
v -1.328502 68.787910 2.966184
v 2.953738 68.787910 2.966184
v 2.953738 68.787910 -3.962800
v -1.328502 68.787910 -3.962800
v -1.328502 68.087910 -3.962800
v 2.953738 68.087910 -3.962800
v 2.953738 68.087910 2.966184
v -1.328502 68.087910 2.966184
vn 0.0000000 0.0000000 1.0000000
vn 0.0000000 0.0000000 1.0000000
vn 0.0000000 0.0000000 1.0000000
vn 0.0000000 0.0000000 1.0000000
vn 0.0000000 0.0000000 1.0000000
vn 0.0000000 0.0000000 1.0000000
vn 0.0000000 0.0000000 1.0000000
vn 0.0000000 0.0000000 1.0000000
vn 0.0000000 0.0000000 1.0000000
vn 0.0000000 0.0000000 1.0000000
vn 0.0000000 0.0000000 1.0000000
vn 0.0000000 0.0000000 1.0000000
vn 0.0000000 0.0000000 1.0000000
vn 0.0000000 0.0000000 1.0000000
vn 0.0000000 0.0000000 1.0000000
vn 0.0000000 0.0000000 1.0000000
vn 0.0000000 0.0000000 1.0000000
vn 0.0000000 0.0000000 1.0000000
vn 0.0000000 0.0000000 1.0000000
vn 0.0000000 0.0000000 1.0000000
vn 0.0000000 0.0000000 1.0000000
vn 0.0000000 0.0000000 1.0000000
vn 0.0000000 0.0000000 1.0000000
vn 0.0000000 0.0000000 1.0000000
vn 0.0000000 0.0000000 1.0000000
vn 0.0000000 0.0000000 1.0000000
vn 0.0000000 0.0000000 1.0000000
vn 0.0000000 0.0000000 1.0000000
vn 0.0000000 0.0000000 1.0000000
vn 0.0000000 0.0000000 1.0000000
vn 0.0000000 0.0000000 1.0000000
vn 0.0000000 0.0000000 1.0000000
vn 0.0000000 0.0000000 1.0000000
vn 0.0000000 0.0000000 1.0000000
vn 0.0000000 0.0000000 1.0000000
vn 0.0000000 0.0000000 1.0000000
vn 0.0000000 0.0000000 1.0000000
vn 0.0000000 0.0000000 1.0000000
vn 0.0000000 0.0000000 1.0000000
vn 0.0000000 0.0000000 1.0000000
vn 0.0000000 0.0000000 1.0000000
vn 0.0000000 0.0000000 1.0000000
vn 0.0000000 0.0000000 1.0000000
vn 0.0000000 0.0000000 1.0000000
vn 0.0000000 0.0000000 1.0000000
vn 0.0000000 0.0000000 1.0000000
vn 0.0000000 0.0000000 1.0000000
vn 0.0000000 0.0000000 1.0000000
vn 0.0000000 0.0000000 1.0000000
vn 0.0000000 0.0000000 1.0000000
vn 0.0000000 0.0000000 1.0000000
vn 0.0000000 0.0000000 1.0000000
vn 0.0000000 0.0000000 1.0000000
vn 0.0000000 0.0000000 1.0000000
vn 0.0000000 0.0000000 1.0000000
vn 0.0000000 0.0000000 1.0000000
vn 0.0000000 0.0000000 1.0000000
vn 0.0000000 0.0000000 1.0000000
vn 0.0000000 0.0000000 1.0000000
vn 0.0000000 0.0000000 1.0000000
vn 0.0000000 0.0000000 1.0000000
vn 0.0000000 0.0000000 1.0000000
vn 0.0000000 0.0000000 1.0000000
vn 0.0000000 0.0000000 1.0000000
vn 0.0000000 0.0000000 1.0000000
vn 0.0000000 0.0000000 1.0000000
vn 0.0000000 0.0000000 1.0000000
vn 0.0000000 0.0000000 1.0000000
vn 0.0000000 0.0000000 1.0000000
vn 0.0000000 0.0000000 1.0000000
vn 0.0000000 0.0000000 1.0000000
vn 0.0000000 0.0000000 1.0000000
vn 0.0000000 0.0000000 1.0000000
vn 0.0000000 0.0000000 1.0000000
vn 0.0000000 0.0000000 1.0000000
vn 0.0000000 0.0000000 1.0000000
vn 0.0000000 0.0000000 1.0000000
vn 0.0000000 0.0000000 1.0000000
vn 0.0000000 0.0000000 1.0000000
vn 0.0000000 0.0000000 1.0000000
vn 0.0000000 0.0000000 1.0000000
vn 0.0000000 0.0000000 1.0000000
vn 0.0000000 0.0000000 1.0000000
vn 0.0000000 0.0000000 1.0000000
vn 0.0000000 0.0000000 1.0000000
vn 0.0000000 0.0000000 1.0000000
vn 0.0000000 0.0000000 1.0000000
vn 0.0000000 0.0000000 1.0000000
vn 0.0000000 0.0000000 1.0000000
vn 0.0000000 0.0000000 1.0000000
vn 0.0000000 0.0000000 1.0000000
vn 0.0000000 0.0000000 1.0000000
vn 0.0000000 0.0000000 1.0000000
vn 0.0000000 0.0000000 1.0000000
vn 0.0000000 0.0000000 1.0000000
vn 0.0000000 0.0000000 1.0000000
vn 0.0000000 0.0000000 1.0000000
vn 0.0000000 0.0000000 1.0000000
vn 0.0000000 0.0000000 1.0000000
vn 0.0000000 0.0000000 1.0000000
vn 0.0000000 0.0000000 -1.0000000
vn 0.0000000 0.0000000 -1.0000000
vn 0.0000000 0.0000000 -1.0000000
vn 0.0000000 0.0000000 -1.0000000
vn 0.0000000 0.0000000 -1.0000000
vn 0.0000000 0.0000000 -1.0000000
vn 0.0000000 0.0000000 -1.0000000
vn 0.0000000 0.0000000 -1.0000000
vn 0.0000000 0.0000000 -1.0000000
vn 0.0000000 0.0000000 -1.0000000
vn 0.0000000 0.0000000 -1.0000000
vn 0.0000000 0.0000000 -1.0000000
vn 0.0000000 0.0000000 -1.0000000
vn 0.0000000 0.0000000 -1.0000000
vn 0.0000000 0.0000000 -1.0000000
vn 0.0000000 0.0000000 -1.0000000
vn 0.0000000 0.0000000 -1.0000000
vn 0.0000000 0.0000000 -1.0000000
vn 0.0000000 0.0000000 -1.0000000
vn 0.0000000 0.0000000 -1.0000000
vn 0.0000000 0.0000000 -1.0000000
vn 0.0000000 0.0000000 -1.0000000
vn 0.0000000 0.0000000 -1.0000000
vn 0.0000000 0.0000000 -1.0000000
vn 0.0000000 0.0000000 -1.0000000
vn 0.0000000 0.0000000 -1.0000000
vn 0.0000000 0.0000000 -1.0000000
vn 0.0000000 0.0000000 -1.0000000
vn 0.0000000 0.0000000 -1.0000000
vn 0.0000000 0.0000000 -1.0000000
vn 0.0000000 0.0000000 -1.0000000
vn 0.0000000 0.0000000 -1.0000000
vn 0.0000000 0.0000000 -1.0000000
vn 0.0000000 0.0000000 -1.0000000
vn 0.0000000 0.0000000 -1.0000000
vn 0.0000000 0.0000000 -1.0000000
vn 0.0000000 0.0000000 -1.0000000
vn 0.0000000 0.0000000 -1.0000000
vn 0.0000000 0.0000000 -1.0000000
vn 0.0000000 0.0000000 -1.0000000
vn 0.0000000 0.0000000 -1.0000000
vn 0.0000000 0.0000000 -1.0000000
vn 0.0000000 0.0000000 -1.0000000
vn 0.0000000 0.0000000 -1.0000000
vn 0.0000000 0.0000000 -1.0000000
vn 0.0000000 0.0000000 -1.0000000
vn 0.0000000 0.0000000 -1.0000000
vn 0.0000000 0.0000000 -1.0000000
vn 0.0000000 0.0000000 -1.0000000
vn 0.0000000 0.0000000 -1.0000000
vn 0.0000000 0.0000000 -1.0000000
vn 0.0000000 0.0000000 -1.0000000
vn 0.0000000 0.0000000 -1.0000000
vn 0.0000000 0.0000000 -1.0000000
vn 0.0000000 0.0000000 -1.0000000
vn 0.0000000 0.0000000 -1.0000000
vn 0.0000000 0.0000000 -1.0000000
vn 0.0000000 0.0000000 -1.0000000
vn 0.0000000 0.0000000 -1.0000000
vn 0.0000000 0.0000000 -1.0000000
vn 0.0000000 0.0000000 -1.0000000
vn 0.0000000 0.0000000 -1.0000000
vn 0.0000000 0.0000000 -1.0000000
vn 0.0000000 0.0000000 -1.0000000
vn 0.0000000 0.0000000 -1.0000000
vn 0.0000000 0.0000000 -1.0000000
vn 0.0000000 0.0000000 -1.0000000
vn 0.0000000 0.0000000 -1.0000000
vn 0.0000000 0.0000000 -1.0000000
vn 0.0000000 0.0000000 -1.0000000
vn 0.0000000 0.0000000 -1.0000000
vn 0.0000000 0.0000000 -1.0000000
vn 0.0000000 0.0000000 -1.0000000
vn 0.0000000 0.0000000 -1.0000000
vn 0.0000000 0.0000000 -1.0000000
vn 0.0000000 0.0000000 -1.0000000
vn 0.0000000 0.0000000 -1.0000000
vn 0.0000000 0.0000000 -1.0000000
vn 0.0000000 0.0000000 -1.0000000
vn 0.0000000 0.0000000 -1.0000000
vn 0.0000000 0.0000000 -1.0000000
vn 0.0000000 0.0000000 -1.0000000
vn 0.0000000 0.0000000 -1.0000000
vn 0.0000000 0.0000000 -1.0000000
vn 0.0000000 0.0000000 -1.0000000
vn 0.0000000 0.0000000 -1.0000000
vn 0.0000000 0.0000000 -1.0000000
vn 0.0000000 0.0000000 -1.0000000
vn 0.0000000 0.0000000 -1.0000000
vn 0.0000000 0.0000000 -1.0000000
vn 0.0000000 0.0000000 -1.0000000
vn 0.0000000 0.0000000 -1.0000000
vn 0.0000000 0.0000000 -1.0000000
vn 0.0000000 0.0000000 -1.0000000
vn 0.0000000 0.0000000 -1.0000000
vn 0.0000000 0.0000000 -1.0000000
vn 0.0000000 0.0000000 -1.0000000
vn 0.0000000 0.0000000 -1.0000000
vn 0.0000000 0.0000000 -1.0000000
vn 0.0000000 0.0000000 -1.0000000
vn 1.0000000 0.0000000 0.0000000
vn 1.0000000 0.0000000 0.0000000
vn 1.0000000 0.0000000 0.0000000
vn 1.0000000 0.0000000 0.0000000
vn 1.0000000 0.0000000 0.0000000
vn 1.0000000 0.0000000 0.0000000
vn 1.0000000 0.0000000 0.0000000
vn 1.0000000 0.0000000 0.0000000
vn 1.0000000 0.0000000 0.0000000
vn 1.0000000 0.0000000 0.0000000
vn 1.0000000 0.0000000 0.0000000
vn 1.0000000 0.0000000 0.0000000
vn 1.0000000 0.0000000 0.0000000
vn 1.0000000 0.0000000 0.0000000
vn 1.0000000 0.0000000 0.0000000
vn 1.0000000 0.0000000 0.0000000
vn 1.0000000 0.0000000 0.0000000
vn 1.0000000 0.0000000 0.0000000
vn 1.0000000 0.0000000 0.0000000
vn 1.0000000 0.0000000 0.0000000
vn 1.0000000 0.0000000 0.0000000
vn 1.0000000 0.0000000 0.0000000
vn 1.0000000 0.0000000 0.0000000
vn 1.0000000 0.0000000 0.0000000
vn 1.0000000 0.0000000 0.0000000
vn 1.0000000 0.0000000 0.0000000
vn 1.0000000 0.0000000 0.0000000
vn 1.0000000 0.0000000 0.0000000
vn 1.0000000 0.0000000 0.0000000
vn 1.0000000 0.0000000 0.0000000
vn 1.0000000 0.0000000 0.0000000
vn 1.0000000 0.0000000 0.0000000
vn 1.0000000 0.0000000 0.0000000
vn 1.0000000 0.0000000 0.0000000
vn 1.0000000 0.0000000 0.0000000
vn 1.0000000 0.0000000 0.0000000
vn 1.0000000 0.0000000 0.0000000
vn 1.0000000 0.0000000 0.0000000
vn 1.0000000 0.0000000 0.0000000
vn 1.0000000 0.0000000 0.0000000
vn 1.0000000 0.0000000 0.0000000
vn 1.0000000 0.0000000 0.0000000
vn 1.0000000 0.0000000 0.0000000
vn 1.0000000 0.0000000 0.0000000
vn 1.0000000 0.0000000 0.0000000
vn 1.0000000 0.0000000 0.0000000
vn 1.0000000 0.0000000 0.0000000
vn 1.0000000 0.0000000 0.0000000
vn 1.0000000 0.0000000 0.0000000
vn 1.0000000 0.0000000 0.0000000
vn 1.0000000 0.0000000 0.0000000
vn 1.0000000 0.0000000 0.0000000
vn 1.0000000 0.0000000 0.0000000
vn 1.0000000 0.0000000 0.0000000
vn 1.0000000 0.0000000 0.0000000
vn 1.0000000 0.0000000 0.0000000
vn 1.0000000 0.0000000 0.0000000
vn 1.0000000 0.0000000 0.0000000
vn 1.0000000 0.0000000 0.0000000
vn 1.0000000 0.0000000 0.0000000
vn 1.0000000 0.0000000 0.0000000
vn 1.0000000 0.0000000 0.0000000
vn 1.0000000 0.0000000 0.0000000
vn 1.0000000 0.0000000 0.0000000
vn 1.0000000 0.0000000 0.0000000
vn 1.0000000 0.0000000 0.0000000
vn 1.0000000 0.0000000 0.0000000
vn 1.0000000 0.0000000 0.0000000
vn 1.0000000 0.0000000 0.0000000
vn 1.0000000 0.0000000 0.0000000
vn 1.0000000 0.0000000 0.0000000
vn 1.0000000 0.0000000 0.0000000
vn 1.0000000 0.0000000 0.0000000
vn 1.0000000 0.0000000 0.0000000
vn 1.0000000 0.0000000 0.0000000
vn 1.0000000 0.0000000 0.0000000
vn 1.0000000 0.0000000 0.0000000
vn 1.0000000 0.0000000 0.0000000
vn 1.0000000 0.0000000 0.0000000
vn 1.0000000 0.0000000 0.0000000
vn 1.0000000 0.0000000 0.0000000
vn 1.0000000 0.0000000 0.0000000
vn 1.0000000 0.0000000 0.0000000
vn 1.0000000 0.0000000 0.0000000
vn 1.0000000 0.0000000 0.0000000
vn 1.0000000 0.0000000 0.0000000
vn 1.0000000 0.0000000 0.0000000
vn 1.0000000 0.0000000 0.0000000
vn 1.0000000 0.0000000 0.0000000
vn 1.0000000 0.0000000 0.0000000
vn 1.0000000 0.0000000 0.0000000
vn 1.0000000 0.0000000 0.0000000
vn 1.0000000 0.0000000 0.0000000
vn 1.0000000 0.0000000 0.0000000
vn 1.0000000 0.0000000 0.0000000
vn 1.0000000 0.0000000 0.0000000
vn 1.0000000 0.0000000 0.0000000
vn 1.0000000 0.0000000 0.0000000
vn 1.0000000 0.0000000 0.0000000
vn 1.0000000 0.0000000 0.0000000
vn 1.0000000 0.0000000 0.0000000
vn 1.0000000 0.0000000 0.0000000
vn 1.0000000 0.0000000 0.0000000
vn 1.0000000 0.0000000 0.0000000
vn 1.0000000 0.0000000 0.0000000
vn 1.0000000 0.0000000 0.0000000
vn 1.0000000 0.0000000 0.0000000
vn 1.0000000 0.0000000 0.0000000
vn 1.0000000 0.0000000 0.0000000
vn 1.0000000 0.0000000 0.0000000
vn 1.0000000 0.0000000 0.0000000
vn 1.0000000 0.0000000 0.0000000
vn 1.0000000 0.0000000 0.0000000
vn 1.0000000 0.0000000 0.0000000
vn 1.0000000 0.0000000 0.0000000
vn 1.0000000 0.0000000 0.0000000
vn 1.0000000 0.0000000 0.0000000
vn 1.0000000 0.0000000 0.0000000
vn 1.0000000 0.0000000 0.0000000
vn 1.0000000 0.0000000 0.0000000
vn 1.0000000 0.0000000 0.0000000
vn 1.0000000 0.0000000 0.0000000
vn 1.0000000 0.0000000 0.0000000
vn 1.0000000 0.0000000 0.0000000
vn 1.0000000 0.0000000 0.0000000
vn 1.0000000 0.0000000 0.0000000
vn 1.0000000 0.0000000 0.0000000
vn 1.0000000 0.0000000 0.0000000
vn 1.0000000 0.0000000 0.0000000
vn 1.0000000 0.0000000 0.0000000
vn 1.0000000 0.0000000 0.0000000
vn 1.0000000 0.0000000 0.0000000
vn 1.0000000 0.0000000 0.0000000
vn 1.0000000 0.0000000 0.0000000
vn 1.0000000 0.0000000 0.0000000
vn 1.0000000 0.0000000 0.0000000
vn 1.0000000 0.0000000 0.0000000
vn 1.0000000 0.0000000 0.0000000
vn 1.0000000 0.0000000 0.0000000
vn 1.0000000 0.0000000 0.0000000
vn 1.0000000 0.0000000 0.0000000
vn 1.0000000 0.0000000 0.0000000
vn 1.0000000 0.0000000 0.0000000
vn 1.0000000 0.0000000 0.0000000
vn 1.0000000 0.0000000 0.0000000
vn 1.0000000 0.0000000 0.0000000
vn 1.0000000 0.0000000 0.0000000
vn 1.0000000 0.0000000 0.0000000
vn 1.0000000 0.0000000 0.0000000
vn 1.0000000 0.0000000 0.0000000
vn 1.0000000 0.0000000 0.0000000
vn 1.0000000 0.0000000 0.0000000
vn 1.0000000 0.0000000 0.0000000
vn 1.0000000 0.0000000 0.0000000
vn 1.0000000 0.0000000 0.0000000
vn 1.0000000 0.0000000 0.0000000
vn 1.0000000 0.0000000 0.0000000
vn 1.0000000 0.0000000 0.0000000
vn 1.0000000 0.0000000 0.0000000
vn 1.0000000 0.0000000 0.0000000
vn 1.0000000 0.0000000 0.0000000
vn 1.0000000 0.0000000 0.0000000
vn 1.0000000 0.0000000 0.0000000
vn 1.0000000 0.0000000 0.0000000
vn 1.0000000 0.0000000 0.0000000
vn 1.0000000 0.0000000 0.0000000
vn 1.0000000 0.0000000 0.0000000
vn 1.0000000 0.0000000 0.0000000
vn 1.0000000 0.0000000 0.0000000
vn 1.0000000 0.0000000 0.0000000
vn 1.0000000 0.0000000 0.0000000
vn 1.0000000 0.0000000 0.0000000
vn 1.0000000 0.0000000 0.0000000
vn 1.0000000 0.0000000 0.0000000
vn 1.0000000 0.0000000 0.0000000
vn 1.0000000 0.0000000 0.0000000
vn 1.0000000 0.0000000 0.0000000
vn 1.0000000 0.0000000 0.0000000
vn 1.0000000 0.0000000 0.0000000
vn 1.0000000 0.0000000 0.0000000
vn -1.0000000 0.0000000 0.0000000
vn -1.0000000 0.0000000 0.0000000
vn -1.0000000 0.0000000 0.0000000
vn -1.0000000 0.0000000 0.0000000
vn -1.0000000 0.0000000 0.0000000
vn -1.0000000 0.0000000 0.0000000
vn -1.0000000 0.0000000 0.0000000
vn -1.0000000 0.0000000 0.0000000
vn -1.0000000 0.0000000 0.0000000
vn -1.0000000 0.0000000 0.0000000
vn -1.0000000 0.0000000 0.0000000
vn -1.0000000 0.0000000 0.0000000
vn -1.0000000 0.0000000 0.0000000
vn -1.0000000 0.0000000 0.0000000
vn -1.0000000 0.0000000 0.0000000
vn -1.0000000 0.0000000 0.0000000
vn -1.0000000 0.0000000 0.0000000
vn -1.0000000 0.0000000 0.0000000
vn -1.0000000 0.0000000 0.0000000
vn -1.0000000 0.0000000 0.0000000
vn -1.0000000 0.0000000 0.0000000
vn -1.0000000 0.0000000 0.0000000
vn -1.0000000 0.0000000 0.0000000
vn -1.0000000 0.0000000 0.0000000
vn -1.0000000 0.0000000 0.0000000
vn -1.0000000 0.0000000 0.0000000
vn -1.0000000 0.0000000 0.0000000
vn -1.0000000 0.0000000 0.0000000
vn -1.0000000 0.0000000 0.0000000
vn -1.0000000 0.0000000 0.0000000
vn -1.0000000 0.0000000 0.0000000
vn -1.0000000 0.0000000 0.0000000
vn -1.0000000 0.0000000 0.0000000
vn -1.0000000 0.0000000 0.0000000
vn -1.0000000 0.0000000 0.0000000
vn -1.0000000 0.0000000 0.0000000
vn -1.0000000 0.0000000 0.0000000
vn -1.0000000 0.0000000 0.0000000
vn -1.0000000 0.0000000 0.0000000
vn -1.0000000 0.0000000 0.0000000
vn -1.0000000 0.0000000 0.0000000
vn -1.0000000 0.0000000 0.0000000
vn -1.0000000 0.0000000 0.0000000
vn -1.0000000 0.0000000 0.0000000
vn -1.0000000 0.0000000 0.0000000
vn -1.0000000 0.0000000 0.0000000
vn -1.0000000 0.0000000 0.0000000
vn -1.0000000 0.0000000 0.0000000
vn -1.0000000 0.0000000 0.0000000
vn -1.0000000 0.0000000 0.0000000
vn -1.0000000 0.0000000 0.0000000
vn -1.0000000 0.0000000 0.0000000
vn -1.0000000 0.0000000 0.0000000
vn -1.0000000 0.0000000 0.0000000
vn -1.0000000 0.0000000 0.0000000
vn -1.0000000 0.0000000 0.0000000
vn -1.0000000 0.0000000 0.0000000
vn -1.0000000 0.0000000 0.0000000
vn -1.0000000 0.0000000 0.0000000
vn -1.0000000 0.0000000 0.0000000
vn -1.0000000 0.0000000 0.0000000
vn -1.0000000 0.0000000 0.0000000
vn -1.0000000 0.0000000 0.0000000
vn -1.0000000 0.0000000 0.0000000
vn -1.0000000 0.0000000 0.0000000
vn -1.0000000 0.0000000 0.0000000
vn -1.0000000 0.0000000 0.0000000
vn -1.0000000 0.0000000 0.0000000
vn -1.0000000 0.0000000 0.0000000
vn -1.0000000 0.0000000 0.0000000
vn -1.0000000 0.0000000 0.0000000
vn -1.0000000 0.0000000 0.0000000
vn -1.0000000 0.0000000 0.0000000
vn -1.0000000 0.0000000 0.0000000
vn -1.0000000 0.0000000 0.0000000
vn -1.0000000 0.0000000 0.0000000
vn -1.0000000 0.0000000 0.0000000
vn -1.0000000 0.0000000 0.0000000
vn -1.0000000 0.0000000 0.0000000
vn -1.0000000 0.0000000 0.0000000
vn -1.0000000 0.0000000 0.0000000
vn -1.0000000 0.0000000 0.0000000
vn -1.0000000 0.0000000 0.0000000
vn -1.0000000 0.0000000 0.0000000
vn -1.0000000 0.0000000 0.0000000
vn -1.0000000 0.0000000 0.0000000
vn -1.0000000 0.0000000 0.0000000
vn -1.0000000 0.0000000 0.0000000
vn -1.0000000 0.0000000 0.0000000
vn -1.0000000 0.0000000 0.0000000
vn -1.0000000 0.0000000 0.0000000
vn -1.0000000 0.0000000 0.0000000
vn -1.0000000 0.0000000 0.0000000
vn -1.0000000 0.0000000 0.0000000
vn -1.0000000 0.0000000 0.0000000
vn -1.0000000 0.0000000 0.0000000
vn -1.0000000 0.0000000 0.0000000
vn -1.0000000 0.0000000 0.0000000
vn -1.0000000 0.0000000 0.0000000
vn -1.0000000 0.0000000 0.0000000
vn -1.0000000 0.0000000 0.0000000
vn -1.0000000 0.0000000 0.0000000
vn -1.0000000 0.0000000 0.0000000
vn -1.0000000 0.0000000 0.0000000
vn -1.0000000 0.0000000 0.0000000
vn -1.0000000 0.0000000 0.0000000
vn -1.0000000 0.0000000 0.0000000
vn -1.0000000 0.0000000 0.0000000
vn -1.0000000 0.0000000 0.0000000
vn -1.0000000 0.0000000 0.0000000
vn -1.0000000 0.0000000 0.0000000
vn -1.0000000 0.0000000 0.0000000
vn -1.0000000 0.0000000 0.0000000
vn -1.0000000 0.0000000 0.0000000
vn -1.0000000 0.0000000 0.0000000
vn -1.0000000 0.0000000 0.0000000
vn -1.0000000 0.0000000 0.0000000
vn -1.0000000 0.0000000 0.0000000
vn -1.0000000 0.0000000 0.0000000
vn -1.0000000 0.0000000 0.0000000
vn -1.0000000 0.0000000 0.0000000
vn -1.0000000 0.0000000 0.0000000
vn -1.0000000 0.0000000 0.0000000
vn -1.0000000 0.0000000 0.0000000
vn -1.0000000 0.0000000 0.0000000
vn -1.0000000 0.0000000 0.0000000
vn -1.0000000 0.0000000 0.0000000
vn -1.0000000 0.0000000 0.0000000
vn -1.0000000 0.0000000 0.0000000
vn -1.0000000 0.0000000 0.0000000
vn -1.0000000 0.0000000 0.0000000
vn -1.0000000 0.0000000 0.0000000
vn -1.0000000 0.0000000 0.0000000
vn -1.0000000 0.0000000 0.0000000
vn -1.0000000 0.0000000 0.0000000
vn -1.0000000 0.0000000 0.0000000
vn -1.0000000 0.0000000 0.0000000
vn -1.0000000 0.0000000 0.0000000
vn -1.0000000 0.0000000 0.0000000
vn -1.0000000 0.0000000 0.0000000
vn -1.0000000 0.0000000 0.0000000
vn -1.0000000 0.0000000 0.0000000
vn -1.0000000 0.0000000 0.0000000
vn -1.0000000 0.0000000 0.0000000
vn -1.0000000 0.0000000 0.0000000
vn -1.0000000 0.0000000 0.0000000
vn -1.0000000 0.0000000 0.0000000
vn -1.0000000 0.0000000 0.0000000
vn -1.0000000 0.0000000 0.0000000
vn -1.0000000 0.0000000 0.0000000
vn -1.0000000 0.0000000 0.0000000
vn -1.0000000 0.0000000 0.0000000
vn -1.0000000 0.0000000 0.0000000
vn -1.0000000 0.0000000 0.0000000
vn -1.0000000 0.0000000 0.0000000
vn -1.0000000 0.0000000 0.0000000
vn -1.0000000 0.0000000 0.0000000
vn -1.0000000 0.0000000 0.0000000
vn -1.0000000 0.0000000 0.0000000
vn -1.0000000 0.0000000 0.0000000
vn -1.0000000 0.0000000 0.0000000
vn -1.0000000 0.0000000 0.0000000
vn -1.0000000 0.0000000 0.0000000
vn -1.0000000 0.0000000 0.0000000
vn -1.0000000 0.0000000 0.0000000
vn -1.0000000 0.0000000 0.0000000
vn -1.0000000 0.0000000 0.0000000
vn -1.0000000 0.0000000 0.0000000
vn -1.0000000 0.0000000 0.0000000
vn -1.0000000 0.0000000 0.0000000
vn -1.0000000 0.0000000 0.0000000
vn -1.0000000 0.0000000 0.0000000
vn -1.0000000 0.0000000 0.0000000
vn -1.0000000 0.0000000 0.0000000
vn -1.0000000 0.0000000 0.0000000
vn -1.0000000 0.0000000 0.0000000
vn -1.0000000 0.0000000 0.0000000
vn -1.0000000 0.0000000 0.0000000
vn -1.0000000 0.0000000 0.0000000
vn -1.0000000 0.0000000 0.0000000
vn 0.0000000 0.0000000 1.0000000
vn 0.0000000 0.0000000 -1.0000000
vn 1.0000000 0.0000000 0.0000000
vn -1.0000000 0.0000000 0.0000000
vn -0.0000000 1.0000000 0.0000000
vn 0.0000000 -1.0000000 0.0000000
vn 0.0000000 0.0000000 1.0000000
vn 0.0000000 0.0000000 -1.0000000
vn 1.0000000 0.0000000 0.0000000
vn -1.0000000 0.0000000 0.0000000
vn -0.0000000 1.0000000 0.0000000
vn 0.0000000 -1.0000000 0.0000000
vn 0.0000000 0.0000000 1.0000000
vn 0.0000000 0.0000000 -1.0000000
vn 1.0000000 0.0000000 0.0000000
vn -1.0000000 0.0000000 0.0000000
vn -0.0000000 1.0000000 0.0000000
vn 0.0000000 -1.0000000 0.0000000
vn 0.0000000 -1.0000000 0.0000000
vn 0.0000000 0.0000000 1.0000000
vn 0.0000000 0.0000000 -1.0000000
vn 1.0000000 0.0000000 0.0000000
vn -1.0000000 0.0000000 0.0000000
vn -0.0000000 1.0000000 0.0000000
vn 0.0000000 -1.0000000 0.0000000
vn 0.0000000 0.0000000 1.0000000
vn 0.0000000 0.0000000 -1.0000000
vn 1.0000000 0.0000000 0.0000000
vn -1.0000000 0.0000000 0.0000000
vn -0.0000000 1.0000000 0.0000000
vn 0.0000000 -1.0000000 0.0000000
vn 0.0000000 0.0000000 1.0000000
vn 0.0000000 0.0000000 -1.0000000
vn 1.0000000 0.0000000 0.0000000
vn -1.0000000 0.0000000 0.0000000
vn -0.0000000 1.0000000 0.0000000
vn 0.0000000 -1.0000000 0.0000000
vn 0.0000000 0.0000000 1.0000000
vn 0.0000000 0.0000000 -1.0000000
vn 1.0000000 0.0000000 0.0000000
vn -1.0000000 0.0000000 0.0000000
vn -0.0000000 1.0000000 0.0000000
vn 0.0000000 -1.0000000 0.0000000
vn 0.0000000 0.0000000 1.0000000
vn 0.0000000 0.0000000 1.0000000
vn 0.0000000 0.0000000 1.0000000
vn 0.0000000 0.0000000 1.0000000
vn 0.0000000 0.0000000 1.0000000
vn 0.0000000 0.0000000 1.0000000
vn 0.0000000 0.0000000 1.0000000
vn 0.0000000 0.0000000 1.0000000
vn 0.0000000 0.0000000 1.0000000
vn 0.0000000 0.0000000 1.0000000
vn 0.0000000 0.0000000 1.0000000
vn 0.0000000 0.0000000 1.0000000
vn 0.0000000 0.0000000 1.0000000
vn 0.0000000 0.0000000 1.0000000
vn 0.0000000 0.0000000 1.0000000
vn 0.0000000 0.0000000 1.0000000
vn 0.0000000 0.0000000 1.0000000
vn 0.0000000 0.0000000 1.0000000
vn 0.0000000 0.0000000 1.0000000
vn 0.0000000 0.0000000 1.0000000
vn 0.0000000 0.0000000 1.0000000
vn 0.0000000 0.0000000 1.0000000
vn 0.0000000 0.0000000 1.0000000
vn 0.0000000 0.0000000 1.0000000
vn 0.0000000 0.0000000 1.0000000
vn 0.0000000 0.0000000 1.0000000
vn 0.0000000 0.0000000 1.0000000
vn 0.0000000 0.0000000 1.0000000
vn 0.0000000 0.0000000 1.0000000
vn 0.0000000 0.0000000 1.0000000
vn 0.0000000 0.0000000 1.0000000
vn 0.0000000 0.0000000 1.0000000
vn 0.0000000 0.0000000 1.0000000
vn 0.0000000 0.0000000 1.0000000
vn 0.0000000 0.0000000 1.0000000
vn 0.0000000 0.0000000 1.0000000
vn 0.0000000 0.0000000 1.0000000
vn 0.0000000 0.0000000 1.0000000
vn 0.0000000 0.0000000 1.0000000
vn 0.0000000 0.0000000 1.0000000
vn 0.0000000 0.0000000 1.0000000
vn 0.0000000 0.0000000 1.0000000
vn 0.0000000 0.0000000 1.0000000
vn 0.0000000 0.0000000 1.0000000
vn 0.0000000 0.0000000 1.0000000
vn 0.0000000 0.0000000 1.0000000
vn 0.0000000 0.0000000 1.0000000
vn 0.0000000 0.0000000 1.0000000
vn 0.0000000 0.0000000 1.0000000
vn 0.0000000 0.0000000 1.0000000
vn 0.0000000 0.0000000 1.0000000
vn 0.0000000 0.0000000 1.0000000
vn 0.0000000 0.0000000 1.0000000
vn 0.0000000 0.0000000 1.0000000
vn 0.0000000 0.0000000 1.0000000
vn 0.0000000 0.0000000 1.0000000
vn 0.0000000 0.0000000 1.0000000
vn 0.0000000 0.0000000 1.0000000
vn 0.0000000 0.0000000 1.0000000
vn 0.0000000 0.0000000 1.0000000
vn 0.0000000 0.0000000 1.0000000
vn 0.0000000 0.0000000 1.0000000
vn 0.0000000 0.0000000 1.0000000
vn 0.0000000 0.0000000 1.0000000
vn 0.0000000 0.0000000 1.0000000
vn 0.0000000 0.0000000 1.0000000
vn 0.0000000 0.0000000 1.0000000
vn 0.0000000 0.0000000 1.0000000
vn 0.0000000 0.0000000 1.0000000
vn 0.0000000 0.0000000 1.0000000
vn 0.0000000 0.0000000 1.0000000
vn 0.0000000 0.0000000 1.0000000
vn 0.0000000 0.0000000 1.0000000
vn 0.0000000 0.0000000 1.0000000
vn 0.0000000 0.0000000 1.0000000
vn 0.0000000 0.0000000 1.0000000
vn 0.0000000 0.0000000 1.0000000
vn 0.0000000 0.0000000 1.0000000
vn 0.0000000 0.0000000 1.0000000
vn 0.0000000 0.0000000 1.0000000
vn 0.0000000 0.0000000 1.0000000
vn 0.0000000 0.0000000 1.0000000
vn 0.0000000 0.0000000 1.0000000
vn 0.0000000 0.0000000 1.0000000
vn 0.0000000 0.0000000 1.0000000
vn 0.0000000 0.0000000 1.0000000
vn 0.0000000 0.0000000 1.0000000
vn 0.0000000 0.0000000 1.0000000
vn 0.0000000 0.0000000 1.0000000
vn 0.0000000 0.0000000 1.0000000
vn 0.0000000 0.0000000 1.0000000
vn 0.0000000 0.0000000 1.0000000
vn 0.0000000 0.0000000 1.0000000
vn 0.0000000 0.0000000 1.0000000
vn 0.0000000 0.0000000 1.0000000
vn 0.0000000 0.0000000 1.0000000
vn 0.0000000 0.0000000 1.0000000
vn 0.0000000 0.0000000 1.0000000
vn 0.0000000 0.0000000 1.0000000
vn 0.0000000 0.0000000 1.0000000
vn 0.0000000 0.0000000 1.0000000
vn 0.0000000 0.0000000 1.0000000
vn 0.0000000 0.0000000 1.0000000
vn 0.0000000 0.0000000 1.0000000
vn 0.0000000 0.0000000 1.0000000
vn 0.0000000 0.0000000 1.0000000
vn 0.0000000 0.0000000 1.0000000
vn 0.0000000 0.0000000 1.0000000
vn 0.0000000 0.0000000 1.0000000
vn 0.0000000 0.0000000 1.0000000
vn 0.0000000 0.0000000 1.0000000
vn 0.0000000 0.0000000 1.0000000
vn 0.0000000 0.0000000 1.0000000
vn 0.0000000 0.0000000 1.0000000
vn 0.0000000 0.0000000 1.0000000
vn 0.0000000 0.0000000 1.0000000
vn 0.0000000 0.0000000 1.0000000
vn 0.0000000 0.0000000 1.0000000
vn 0.0000000 0.0000000 1.0000000
vn 0.0000000 0.0000000 1.0000000
vn 0.0000000 0.0000000 1.0000000
vn 0.0000000 0.0000000 1.0000000
vn 0.0000000 0.0000000 1.0000000
vn 0.0000000 0.0000000 1.0000000
vn 0.0000000 0.0000000 1.0000000
vn 0.0000000 0.0000000 1.0000000
vn 0.0000000 0.0000000 1.0000000
vn 0.0000000 0.0000000 1.0000000
vn 0.0000000 0.0000000 1.0000000
vn 0.0000000 0.0000000 1.0000000
vn 0.0000000 0.0000000 1.0000000
vn 0.0000000 0.0000000 1.0000000
vn 0.0000000 0.0000000 1.0000000
vn 0.0000000 0.0000000 1.0000000
vn 0.0000000 0.0000000 1.0000000
vn 0.0000000 0.0000000 1.0000000
vn 0.0000000 0.0000000 1.0000000
vn 0.0000000 0.0000000 1.0000000
vn 0.0000000 0.0000000 1.0000000
vn 0.0000000 0.0000000 1.0000000
vn 0.0000000 0.0000000 1.0000000
vn 0.0000000 0.0000000 1.0000000
vn 0.0000000 0.0000000 1.0000000
vn 0.0000000 0.0000000 1.0000000
vn 0.0000000 0.0000000 1.0000000
vn 0.0000000 0.0000000 1.0000000
vn 0.0000000 0.0000000 1.0000000
vn 0.0000000 0.0000000 1.0000000
vn 0.0000000 0.0000000 1.0000000
vn 0.0000000 0.0000000 1.0000000
vn 0.0000000 0.0000000 1.0000000
vn 0.0000000 0.0000000 1.0000000
vn 0.0000000 0.0000000 1.0000000
vn 0.0000000 0.0000000 1.0000000
vn 0.0000000 0.0000000 1.0000000
vn 0.0000000 0.0000000 1.0000000
vn 0.0000000 0.0000000 1.0000000
vn 0.0000000 0.0000000 1.0000000
vn 0.0000000 0.0000000 1.0000000
vn 0.0000000 0.0000000 1.0000000
vn 0.0000000 0.0000000 1.0000000
vn 0.0000000 0.0000000 1.0000000
vn 0.0000000 0.0000000 1.0000000
vn 0.0000000 0.0000000 1.0000000
vn 0.0000000 0.0000000 1.0000000
vn 0.0000000 0.0000000 1.0000000
vn 0.0000000 0.0000000 1.0000000
vn 0.0000000 0.0000000 1.0000000
vn 0.0000000 0.0000000 1.0000000
vn 0.0000000 0.0000000 1.0000000
vn 0.0000000 0.0000000 1.0000000
vn 0.0000000 0.0000000 1.0000000
vn 0.0000000 0.0000000 1.0000000
vn 0.0000000 0.0000000 1.0000000
vn 0.0000000 0.0000000 1.0000000
vn 0.0000000 0.0000000 1.0000000
vn 0.0000000 0.0000000 1.0000000
vn 0.0000000 0.0000000 1.0000000
vn 0.0000000 0.0000000 1.0000000
vn 0.0000000 0.0000000 1.0000000
vn 0.0000000 0.0000000 1.0000000
vn 0.0000000 0.0000000 1.0000000
vn 0.0000000 0.0000000 1.0000000
vn 0.0000000 0.0000000 1.0000000
vn 0.0000000 0.0000000 1.0000000
vn 0.0000000 0.0000000 1.0000000
vn 0.0000000 0.0000000 1.0000000
vn 0.0000000 0.0000000 1.0000000
vn 0.0000000 0.0000000 1.0000000
vn 0.0000000 0.0000000 1.0000000
vn 0.0000000 0.0000000 1.0000000
vn 0.0000000 0.0000000 1.0000000
vn 0.0000000 0.0000000 1.0000000
vn 0.0000000 0.0000000 1.0000000
vn 0.0000000 0.0000000 1.0000000
vn 0.0000000 0.0000000 1.0000000
vn 0.0000000 0.0000000 1.0000000
vn 0.0000000 0.0000000 1.0000000
vn 0.0000000 0.0000000 1.0000000
vn 0.0000000 0.0000000 1.0000000
vn 0.0000000 0.0000000 1.0000000
vn 0.0000000 0.0000000 1.0000000
vn 0.0000000 0.0000000 1.0000000
vn 0.0000000 0.0000000 1.0000000
vn 0.0000000 0.0000000 1.0000000
vn 0.0000000 0.0000000 1.0000000
vn 0.0000000 0.0000000 1.0000000
vn 0.0000000 0.0000000 1.0000000
vn 0.0000000 0.0000000 1.0000000
vn 0.0000000 0.0000000 1.0000000
vn 0.0000000 0.0000000 1.0000000
vn 0.0000000 0.0000000 1.0000000
vn 0.0000000 0.0000000 1.0000000
vn 0.0000000 0.0000000 1.0000000
vn 0.0000000 0.0000000 1.0000000
vn 0.0000000 0.0000000 1.0000000
vn 0.0000000 0.0000000 1.0000000
vn 0.0000000 0.0000000 1.0000000
vn 0.0000000 0.0000000 1.0000000
vn 0.0000000 0.0000000 1.0000000
vn 0.0000000 0.0000000 1.0000000
vn 0.0000000 0.0000000 1.0000000
vn 0.0000000 0.0000000 1.0000000
vn 0.0000000 0.0000000 1.0000000
vn 0.0000000 0.0000000 1.0000000
vn 0.0000000 0.0000000 1.0000000
vn 0.0000000 0.0000000 1.0000000
vn 0.0000000 0.0000000 1.0000000
vn 0.0000000 0.0000000 1.0000000
vn 0.0000000 0.0000000 1.0000000
vn 0.0000000 0.0000000 1.0000000
vn 0.0000000 0.0000000 1.0000000
vn 0.0000000 0.0000000 1.0000000
vn 0.0000000 0.0000000 1.0000000
vn 0.0000000 0.0000000 1.0000000
vn 0.0000000 0.0000000 1.0000000
vn 0.0000000 0.0000000 1.0000000
vn 0.0000000 0.0000000 1.0000000
vn 0.0000000 0.0000000 1.0000000
vn 0.0000000 0.0000000 1.0000000
vn 0.0000000 0.0000000 1.0000000
vn 0.0000000 0.0000000 1.0000000
vn 0.0000000 0.0000000 1.0000000
vn 0.0000000 0.0000000 1.0000000
vn 0.0000000 0.0000000 1.0000000
vn 0.0000000 0.0000000 1.0000000
vn 0.0000000 0.0000000 1.0000000
vn 0.0000000 0.0000000 1.0000000
vn 0.0000000 0.0000000 1.0000000
vn 0.0000000 0.0000000 1.0000000
vn 0.0000000 0.0000000 1.0000000
vn 0.0000000 0.0000000 1.0000000
vn 0.0000000 0.0000000 1.0000000
vn 0.0000000 0.0000000 1.0000000
vn 0.0000000 0.0000000 1.0000000
vn 0.0000000 0.0000000 1.0000000
vn 0.0000000 0.0000000 1.0000000
vn 0.0000000 0.0000000 1.0000000
vn 0.0000000 0.0000000 1.0000000
vn 0.0000000 0.0000000 1.0000000
vn 0.0000000 0.0000000 1.0000000
vn 0.0000000 0.0000000 1.0000000
vn 0.0000000 0.0000000 1.0000000
vn 0.0000000 0.0000000 1.0000000
vn 0.0000000 0.0000000 1.0000000
vn 0.0000000 0.0000000 1.0000000
vn 0.0000000 0.0000000 1.0000000
vn 0.0000000 0.0000000 1.0000000
vn 0.0000000 0.0000000 1.0000000
vn 0.0000000 0.0000000 1.0000000
vn 0.0000000 0.0000000 1.0000000
vn 0.0000000 0.0000000 1.0000000
vn 0.0000000 0.0000000 1.0000000
vn 0.0000000 0.0000000 1.0000000
vn 0.0000000 0.0000000 1.0000000
vn 0.0000000 0.0000000 1.0000000
vn 0.0000000 0.0000000 1.0000000
vn 0.0000000 0.0000000 1.0000000
vn 0.0000000 0.0000000 1.0000000
vn 0.0000000 0.0000000 1.0000000
vn 0.0000000 0.0000000 1.0000000
vn 0.0000000 0.0000000 1.0000000
vn 0.0000000 0.0000000 1.0000000
vn 0.0000000 0.0000000 1.0000000
vn 0.0000000 0.0000000 1.0000000
vn 0.0000000 0.0000000 1.0000000
vn 0.0000000 0.0000000 1.0000000
vn 0.0000000 0.0000000 1.0000000
vn 0.0000000 0.0000000 1.0000000
vn 0.0000000 0.0000000 1.0000000
vn 0.0000000 0.0000000 1.0000000
vn 0.0000000 0.0000000 1.0000000
vn 0.0000000 0.0000000 1.0000000
vn 0.0000000 0.0000000 1.0000000
vn 0.0000000 0.0000000 1.0000000
vn 0.0000000 0.0000000 1.0000000
vn 0.0000000 0.0000000 1.0000000
vn 0.0000000 0.0000000 1.0000000
vn 0.0000000 0.0000000 1.0000000
vn 0.0000000 0.0000000 1.0000000
vn 0.0000000 0.0000000 1.0000000
vn 0.0000000 0.0000000 1.0000000
vn 0.0000000 0.0000000 1.0000000
vn 0.0000000 0.0000000 1.0000000
vn 0.0000000 0.0000000 1.0000000
vn 0.0000000 0.0000000 1.0000000
vn 0.0000000 0.0000000 1.0000000
vn 0.0000000 0.0000000 1.0000000
vn 0.0000000 0.0000000 1.0000000
vn 0.0000000 0.0000000 1.0000000
vn 0.0000000 0.0000000 1.0000000
vn 0.0000000 0.0000000 1.0000000
vn 0.0000000 0.0000000 1.0000000
vn 0.0000000 0.0000000 1.0000000
vn 0.0000000 0.0000000 1.0000000
vn 0.0000000 0.0000000 1.0000000
vn 0.0000000 0.0000000 1.0000000
vn 0.0000000 0.0000000 1.0000000
vn 0.0000000 0.0000000 1.0000000
vn 0.0000000 0.0000000 1.0000000
vn 0.0000000 0.0000000 1.0000000
vn 0.0000000 0.0000000 1.0000000
vn 0.0000000 0.0000000 1.0000000
vn 0.0000000 0.0000000 1.0000000
vn 0.0000000 0.0000000 1.0000000
vn 0.0000000 0.0000000 1.0000000
vn 0.0000000 0.0000000 1.0000000
vn 0.0000000 0.0000000 1.0000000
vn 0.0000000 0.0000000 1.0000000
vn 0.0000000 0.0000000 1.0000000
vn 0.0000000 0.0000000 1.0000000
vn 0.0000000 0.0000000 1.0000000
vn 0.0000000 0.0000000 1.0000000
vn 0.0000000 0.0000000 1.0000000
vn 0.0000000 0.0000000 1.0000000
vn 0.0000000 0.0000000 1.0000000
vn 0.0000000 0.0000000 1.0000000
vn 0.0000000 0.0000000 1.0000000
vn 0.0000000 0.0000000 1.0000000
vn 0.0000000 0.0000000 1.0000000
vn 0.0000000 0.0000000 -1.0000000
vn 0.0000000 0.0000000 -1.0000000
vn 0.0000000 0.0000000 -1.0000000
vn 0.0000000 0.0000000 -1.0000000
vn 0.0000000 0.0000000 -1.0000000
vn 0.0000000 0.0000000 -1.0000000
vn 0.0000000 0.0000000 -1.0000000
vn 0.0000000 0.0000000 -1.0000000
vn 0.0000000 0.0000000 -1.0000000
vn 0.0000000 0.0000000 -1.0000000
vn 0.0000000 0.0000000 -1.0000000
vn 0.0000000 0.0000000 -1.0000000
vn 0.0000000 0.0000000 -1.0000000
vn 0.0000000 0.0000000 -1.0000000
vn 0.0000000 0.0000000 -1.0000000
vn 0.0000000 0.0000000 -1.0000000
vn 0.0000000 0.0000000 -1.0000000
vn 0.0000000 0.0000000 -1.0000000
vn 0.0000000 0.0000000 -1.0000000
vn 0.0000000 0.0000000 -1.0000000
vn 0.0000000 0.0000000 -1.0000000
vn 0.0000000 0.0000000 -1.0000000
vn 0.0000000 0.0000000 -1.0000000
vn 0.0000000 0.0000000 -1.0000000
vn 0.0000000 0.0000000 -1.0000000
vn 0.0000000 0.0000000 -1.0000000
vn 0.0000000 0.0000000 -1.0000000
vn 0.0000000 0.0000000 -1.0000000
vn 0.0000000 0.0000000 -1.0000000
vn 0.0000000 0.0000000 -1.0000000
vn 0.0000000 0.0000000 -1.0000000
vn 0.0000000 0.0000000 -1.0000000
vn 0.0000000 0.0000000 -1.0000000
vn 0.0000000 0.0000000 -1.0000000
vn 0.0000000 0.0000000 -1.0000000
vn 0.0000000 0.0000000 -1.0000000
vn 0.0000000 0.0000000 -1.0000000
vn 0.0000000 0.0000000 -1.0000000
vn 0.0000000 0.0000000 -1.0000000
vn 0.0000000 0.0000000 -1.0000000
vn 0.0000000 0.0000000 -1.0000000
vn 0.0000000 0.0000000 -1.0000000
vn 0.0000000 0.0000000 -1.0000000
vn 0.0000000 0.0000000 -1.0000000
vn 0.0000000 0.0000000 -1.0000000
vn 0.0000000 0.0000000 -1.0000000
vn 0.0000000 0.0000000 -1.0000000
vn 0.0000000 0.0000000 -1.0000000
vn 0.0000000 0.0000000 -1.0000000
vn 0.0000000 0.0000000 -1.0000000
vn 0.0000000 0.0000000 -1.0000000
vn 0.0000000 0.0000000 -1.0000000
vn 0.0000000 0.0000000 -1.0000000
vn 0.0000000 0.0000000 -1.0000000
vn 0.0000000 0.0000000 -1.0000000
vn 0.0000000 0.0000000 -1.0000000
vn 0.0000000 0.0000000 -1.0000000
vn 0.0000000 0.0000000 -1.0000000
vn 0.0000000 0.0000000 -1.0000000
vn 0.0000000 0.0000000 -1.0000000
vn 0.0000000 0.0000000 -1.0000000
vn 0.0000000 0.0000000 -1.0000000
vn 0.0000000 0.0000000 -1.0000000
vn 0.0000000 0.0000000 -1.0000000
vn 0.0000000 0.0000000 -1.0000000
vn 0.0000000 0.0000000 -1.0000000
vn 0.0000000 0.0000000 -1.0000000
vn 0.0000000 0.0000000 -1.0000000
vn 0.0000000 0.0000000 -1.0000000
vn 0.0000000 0.0000000 -1.0000000
vn 0.0000000 0.0000000 -1.0000000
vn 0.0000000 0.0000000 -1.0000000
vn 0.0000000 0.0000000 -1.0000000
vn 0.0000000 0.0000000 -1.0000000
vn 0.0000000 0.0000000 -1.0000000
vn 0.0000000 0.0000000 -1.0000000
vn 0.0000000 0.0000000 -1.0000000
vn 0.0000000 0.0000000 -1.0000000
vn 0.0000000 0.0000000 -1.0000000
vn 0.0000000 0.0000000 -1.0000000
vn 0.0000000 0.0000000 -1.0000000
vn 0.0000000 0.0000000 -1.0000000
vn 0.0000000 0.0000000 -1.0000000
vn 0.0000000 0.0000000 -1.0000000
vn 0.0000000 0.0000000 -1.0000000
vn 0.0000000 0.0000000 -1.0000000
vn 0.0000000 0.0000000 -1.0000000
vn 0.0000000 0.0000000 -1.0000000
vn 0.0000000 0.0000000 -1.0000000
vn 0.0000000 0.0000000 -1.0000000
vn 0.0000000 0.0000000 -1.0000000
vn 0.0000000 0.0000000 -1.0000000
vn 0.0000000 0.0000000 -1.0000000
vn 0.0000000 0.0000000 -1.0000000
vn 0.0000000 0.0000000 -1.0000000
vn 0.0000000 0.0000000 -1.0000000
vn 0.0000000 0.0000000 -1.0000000
vn 0.0000000 0.0000000 -1.0000000
vn 0.0000000 0.0000000 -1.0000000
vn 0.0000000 0.0000000 -1.0000000
vn 0.0000000 0.0000000 -1.0000000
vn 0.0000000 0.0000000 -1.0000000
vn 0.0000000 0.0000000 -1.0000000
vn 0.0000000 0.0000000 -1.0000000
vn 0.0000000 0.0000000 -1.0000000
vn 0.0000000 0.0000000 -1.0000000
vn 0.0000000 0.0000000 -1.0000000
vn 0.0000000 0.0000000 -1.0000000
vn 0.0000000 0.0000000 -1.0000000
vn 0.0000000 0.0000000 -1.0000000
vn 0.0000000 0.0000000 -1.0000000
vn 0.0000000 0.0000000 -1.0000000
vn 0.0000000 0.0000000 -1.0000000
vn 0.0000000 0.0000000 -1.0000000
vn 0.0000000 0.0000000 -1.0000000
vn 0.0000000 0.0000000 -1.0000000
vn 0.0000000 0.0000000 -1.0000000
vn 0.0000000 0.0000000 -1.0000000
vn 0.0000000 0.0000000 -1.0000000
vn 0.0000000 0.0000000 -1.0000000
vn 0.0000000 0.0000000 -1.0000000
vn 0.0000000 0.0000000 -1.0000000
vn 0.0000000 0.0000000 -1.0000000
vn 0.0000000 0.0000000 -1.0000000
vn 0.0000000 0.0000000 -1.0000000
vn 0.0000000 0.0000000 -1.0000000
vn 0.0000000 0.0000000 -1.0000000
vn 0.0000000 0.0000000 -1.0000000
vn 0.0000000 0.0000000 -1.0000000
vn 0.0000000 0.0000000 -1.0000000
vn 0.0000000 0.0000000 -1.0000000
vn 0.0000000 0.0000000 -1.0000000
vn 0.0000000 0.0000000 -1.0000000
vn 0.0000000 0.0000000 -1.0000000
vn 0.0000000 0.0000000 -1.0000000
vn 0.0000000 0.0000000 -1.0000000
vn 0.0000000 0.0000000 -1.0000000
vn 0.0000000 0.0000000 -1.0000000
vn 0.0000000 0.0000000 -1.0000000
vn 0.0000000 0.0000000 -1.0000000
vn 0.0000000 0.0000000 -1.0000000
vn 0.0000000 0.0000000 -1.0000000
vn 0.0000000 0.0000000 -1.0000000
vn 0.0000000 0.0000000 -1.0000000
vn 0.0000000 0.0000000 -1.0000000
vn 0.0000000 0.0000000 -1.0000000
vn 0.0000000 0.0000000 -1.0000000
vn 0.0000000 0.0000000 -1.0000000
vn 0.0000000 0.0000000 -1.0000000
vn 0.0000000 0.0000000 -1.0000000
vn 0.0000000 0.0000000 -1.0000000
vn 0.0000000 0.0000000 -1.0000000
vn 0.0000000 0.0000000 -1.0000000
vn 0.0000000 0.0000000 -1.0000000
vn 0.0000000 0.0000000 -1.0000000
vn 0.0000000 0.0000000 -1.0000000
vn 0.0000000 0.0000000 -1.0000000
vn 0.0000000 0.0000000 -1.0000000
vn 0.0000000 0.0000000 -1.0000000
vn 0.0000000 0.0000000 -1.0000000
vn 0.0000000 0.0000000 -1.0000000
vn 0.0000000 0.0000000 -1.0000000
vn 0.0000000 0.0000000 -1.0000000
vn 0.0000000 0.0000000 -1.0000000
vn 0.0000000 0.0000000 -1.0000000
vn 0.0000000 0.0000000 -1.0000000
vn 0.0000000 0.0000000 -1.0000000
vn 0.0000000 0.0000000 -1.0000000
vn 0.0000000 0.0000000 -1.0000000
vn 0.0000000 0.0000000 -1.0000000
vn 0.0000000 0.0000000 -1.0000000
vn 0.0000000 0.0000000 -1.0000000
vn 0.0000000 0.0000000 -1.0000000
vn 0.0000000 0.0000000 -1.0000000
vn 0.0000000 0.0000000 -1.0000000
vn 0.0000000 0.0000000 -1.0000000
vn 0.0000000 0.0000000 -1.0000000
vn 0.0000000 0.0000000 -1.0000000
vn 0.0000000 0.0000000 -1.0000000
vn 0.0000000 0.0000000 -1.0000000
vn 0.0000000 0.0000000 -1.0000000
vn 0.0000000 0.0000000 -1.0000000
vn 0.0000000 0.0000000 -1.0000000
vn 0.0000000 0.0000000 -1.0000000
vn 0.0000000 0.0000000 -1.0000000
vn 0.0000000 0.0000000 -1.0000000
vn 0.0000000 0.0000000 -1.0000000
vn 0.0000000 0.0000000 -1.0000000
vn 0.0000000 0.0000000 -1.0000000
vn 0.0000000 0.0000000 -1.0000000
vn 0.0000000 0.0000000 -1.0000000
vn 0.0000000 0.0000000 -1.0000000
vn 0.0000000 0.0000000 -1.0000000
vn 0.0000000 0.0000000 -1.0000000
vn 0.0000000 0.0000000 -1.0000000
vn 0.0000000 0.0000000 -1.0000000
vn 0.0000000 0.0000000 -1.0000000
vn 0.0000000 0.0000000 -1.0000000
vn 0.0000000 0.0000000 -1.0000000
vn 0.0000000 0.0000000 -1.0000000
vn 0.0000000 0.0000000 -1.0000000
vn 0.0000000 0.0000000 -1.0000000
vn 0.0000000 0.0000000 -1.0000000
vn 0.0000000 0.0000000 -1.0000000
vn 0.0000000 0.0000000 -1.0000000
vn 0.0000000 0.0000000 -1.0000000
vn 0.0000000 0.0000000 -1.0000000
vn 0.0000000 0.0000000 -1.0000000
vn 0.0000000 0.0000000 -1.0000000
vn 0.0000000 0.0000000 -1.0000000
vn 0.0000000 0.0000000 -1.0000000
vn 0.0000000 0.0000000 -1.0000000
vn 0.0000000 0.0000000 -1.0000000
vn 0.0000000 0.0000000 -1.0000000
vn 0.0000000 0.0000000 -1.0000000
vn 0.0000000 0.0000000 -1.0000000
vn 0.0000000 0.0000000 -1.0000000
vn 0.0000000 0.0000000 -1.0000000
vn 0.0000000 0.0000000 -1.0000000
vn 0.0000000 0.0000000 -1.0000000
vn 0.0000000 0.0000000 -1.0000000
vn 0.0000000 0.0000000 -1.0000000
vn 0.0000000 0.0000000 -1.0000000
vn 0.0000000 0.0000000 -1.0000000
vn 0.0000000 0.0000000 -1.0000000
vn 0.0000000 0.0000000 -1.0000000
vn 0.0000000 0.0000000 -1.0000000
vn 0.0000000 0.0000000 -1.0000000
vn 0.0000000 0.0000000 -1.0000000
vn 0.0000000 0.0000000 -1.0000000
vn 0.0000000 0.0000000 -1.0000000
vn 0.0000000 0.0000000 -1.0000000
vn 0.0000000 0.0000000 -1.0000000
vn 0.0000000 0.0000000 -1.0000000
vn 0.0000000 0.0000000 -1.0000000
vn 0.0000000 0.0000000 -1.0000000
vn 0.0000000 0.0000000 -1.0000000
vn 0.0000000 0.0000000 -1.0000000
vn 0.0000000 0.0000000 -1.0000000
vn 0.0000000 0.0000000 -1.0000000
vn 0.0000000 0.0000000 -1.0000000
vn 0.0000000 0.0000000 -1.0000000
vn 0.0000000 0.0000000 -1.0000000
vn 0.0000000 0.0000000 -1.0000000
vn 0.0000000 0.0000000 -1.0000000
vn 0.0000000 0.0000000 -1.0000000
vn 0.0000000 0.0000000 -1.0000000
vn 0.0000000 0.0000000 -1.0000000
vn 0.0000000 0.0000000 -1.0000000
vn 0.0000000 0.0000000 -1.0000000
vn 0.0000000 0.0000000 -1.0000000
vn 0.0000000 0.0000000 -1.0000000
vn 0.0000000 0.0000000 -1.0000000
vn 0.0000000 0.0000000 -1.0000000
vn 0.0000000 0.0000000 -1.0000000
vn 0.0000000 0.0000000 -1.0000000
vn 0.0000000 0.0000000 -1.0000000
vn 0.0000000 0.0000000 -1.0000000
vn 0.0000000 0.0000000 -1.0000000
vn 0.0000000 0.0000000 -1.0000000
vn 0.0000000 0.0000000 -1.0000000
vn 0.0000000 0.0000000 -1.0000000
vn 0.0000000 0.0000000 -1.0000000
vn 0.0000000 0.0000000 -1.0000000
vn 0.0000000 0.0000000 -1.0000000
vn 0.0000000 0.0000000 -1.0000000
vn 0.0000000 0.0000000 -1.0000000
vn 0.0000000 0.0000000 -1.0000000
vn 0.0000000 0.0000000 -1.0000000
vn 0.0000000 0.0000000 -1.0000000
vn 0.0000000 0.0000000 -1.0000000
vn 0.0000000 0.0000000 -1.0000000
vn 0.0000000 0.0000000 -1.0000000
vn 0.0000000 0.0000000 -1.0000000
vn 0.0000000 0.0000000 -1.0000000
vn 0.0000000 0.0000000 -1.0000000
vn 0.0000000 0.0000000 -1.0000000
vn 0.0000000 0.0000000 -1.0000000
vn 0.0000000 0.0000000 -1.0000000
vn 0.0000000 0.0000000 -1.0000000
vn 0.0000000 0.0000000 -1.0000000
vn 0.0000000 0.0000000 -1.0000000
vn 0.0000000 0.0000000 -1.0000000
vn 0.0000000 0.0000000 -1.0000000
vn 0.0000000 0.0000000 -1.0000000
vn 0.0000000 0.0000000 -1.0000000
vn 0.0000000 0.0000000 -1.0000000
vn 0.0000000 0.0000000 -1.0000000
vn 0.0000000 0.0000000 -1.0000000
vn 0.0000000 0.0000000 -1.0000000
vn 0.0000000 0.0000000 -1.0000000
vn 0.0000000 0.0000000 -1.0000000
vn 0.0000000 0.0000000 -1.0000000
vn 0.0000000 0.0000000 -1.0000000
vn 0.0000000 0.0000000 -1.0000000
vn 0.0000000 0.0000000 -1.0000000
vn 0.0000000 0.0000000 -1.0000000
vn 0.0000000 0.0000000 -1.0000000
vn 0.0000000 0.0000000 -1.0000000
vn 0.0000000 0.0000000 -1.0000000
vn 0.0000000 0.0000000 -1.0000000
vn 0.0000000 0.0000000 -1.0000000
vn 0.0000000 0.0000000 -1.0000000
vn 0.0000000 0.0000000 -1.0000000
vn 0.0000000 0.0000000 -1.0000000
vn 0.0000000 0.0000000 -1.0000000
vn 0.0000000 0.0000000 -1.0000000
vn 0.0000000 0.0000000 -1.0000000
vn 0.0000000 0.0000000 -1.0000000
vn 0.0000000 0.0000000 -1.0000000
vn 0.0000000 0.0000000 -1.0000000
vn 0.0000000 0.0000000 -1.0000000
vn 0.0000000 0.0000000 -1.0000000
vn 0.0000000 0.0000000 -1.0000000
vn 0.0000000 0.0000000 -1.0000000
vn 0.0000000 0.0000000 -1.0000000
vn 0.0000000 0.0000000 -1.0000000
vn 0.0000000 0.0000000 -1.0000000
vn 0.0000000 0.0000000 -1.0000000
vn 0.0000000 0.0000000 -1.0000000
vn 0.0000000 0.0000000 -1.0000000
vn 0.0000000 0.0000000 -1.0000000
vn 0.0000000 0.0000000 -1.0000000
vn 0.0000000 0.0000000 -1.0000000
vn 0.0000000 0.0000000 -1.0000000
vn 0.0000000 0.0000000 -1.0000000
vn 0.0000000 0.0000000 -1.0000000
vn 0.0000000 0.0000000 -1.0000000
vn 0.0000000 0.0000000 -1.0000000
vn 0.0000000 0.0000000 -1.0000000
vn 0.0000000 0.0000000 -1.0000000
vn 0.0000000 0.0000000 -1.0000000
vn 0.0000000 0.0000000 -1.0000000
vn 0.0000000 0.0000000 -1.0000000
vn 0.0000000 0.0000000 -1.0000000
vn 0.0000000 0.0000000 -1.0000000
vn 0.0000000 0.0000000 -1.0000000
vn 0.0000000 0.0000000 -1.0000000
vn 0.0000000 0.0000000 -1.0000000
vn 0.0000000 0.0000000 -1.0000000
vn 1.0000000 0.0000000 0.0000000
vn 1.0000000 0.0000000 0.0000000
vn 1.0000000 0.0000000 0.0000000
vn 1.0000000 0.0000000 0.0000000
vn 1.0000000 0.0000000 0.0000000
vn 1.0000000 0.0000000 0.0000000
vn 1.0000000 0.0000000 0.0000000
vn 1.0000000 0.0000000 0.0000000
vn 1.0000000 0.0000000 0.0000000
vn 1.0000000 0.0000000 0.0000000
vn 1.0000000 0.0000000 0.0000000
vn 1.0000000 0.0000000 0.0000000
vn 1.0000000 0.0000000 0.0000000
vn 1.0000000 0.0000000 0.0000000
vn 1.0000000 0.0000000 0.0000000
vn 1.0000000 0.0000000 0.0000000
vn 1.0000000 0.0000000 0.0000000
vn 1.0000000 0.0000000 0.0000000
vn 1.0000000 0.0000000 0.0000000
vn 1.0000000 0.0000000 0.0000000
vn 1.0000000 0.0000000 0.0000000
vn 1.0000000 0.0000000 0.0000000
vn 1.0000000 0.0000000 0.0000000
vn 1.0000000 0.0000000 0.0000000
vn 1.0000000 0.0000000 0.0000000
vn 1.0000000 0.0000000 0.0000000
vn 1.0000000 0.0000000 0.0000000
vn 1.0000000 0.0000000 0.0000000
vn 1.0000000 0.0000000 0.0000000
vn 1.0000000 0.0000000 0.0000000
vn 1.0000000 0.0000000 0.0000000
vn 1.0000000 0.0000000 0.0000000
vn 1.0000000 0.0000000 0.0000000
vn 1.0000000 0.0000000 0.0000000
vn 1.0000000 0.0000000 0.0000000
vn 1.0000000 0.0000000 0.0000000
vn 1.0000000 0.0000000 0.0000000
vn 1.0000000 0.0000000 0.0000000
vn 1.0000000 0.0000000 0.0000000
vn 1.0000000 0.0000000 0.0000000
vn 1.0000000 0.0000000 0.0000000
vn 1.0000000 0.0000000 0.0000000
vn 1.0000000 0.0000000 0.0000000
vn 1.0000000 0.0000000 0.0000000
vn 1.0000000 0.0000000 0.0000000
vn 1.0000000 0.0000000 0.0000000
vn 1.0000000 0.0000000 0.0000000
vn 1.0000000 0.0000000 0.0000000
vn 1.0000000 0.0000000 0.0000000
vn 1.0000000 0.0000000 0.0000000
vn 1.0000000 0.0000000 0.0000000
vn 1.0000000 0.0000000 0.0000000
vn 1.0000000 0.0000000 0.0000000
vn 1.0000000 0.0000000 0.0000000
vn 1.0000000 0.0000000 0.0000000
vn 1.0000000 0.0000000 0.0000000
vn 1.0000000 0.0000000 0.0000000
vn 1.0000000 0.0000000 0.0000000
vn 1.0000000 0.0000000 0.0000000
vn 1.0000000 0.0000000 0.0000000
vn 1.0000000 0.0000000 0.0000000
vn 1.0000000 0.0000000 0.0000000
vn 1.0000000 0.0000000 0.0000000
vn 1.0000000 0.0000000 0.0000000
vn 1.0000000 0.0000000 0.0000000
vn 1.0000000 0.0000000 0.0000000
vn 1.0000000 0.0000000 0.0000000
vn 1.0000000 0.0000000 0.0000000
vn 1.0000000 0.0000000 0.0000000
vn 1.0000000 0.0000000 0.0000000
vn 1.0000000 0.0000000 0.0000000
vn 1.0000000 0.0000000 0.0000000
vn 1.0000000 0.0000000 0.0000000
vn 1.0000000 0.0000000 0.0000000
vn 1.0000000 0.0000000 0.0000000
vn 1.0000000 0.0000000 0.0000000
vn 1.0000000 0.0000000 0.0000000
vn 1.0000000 0.0000000 0.0000000
vn 1.0000000 0.0000000 0.0000000
vn 1.0000000 0.0000000 0.0000000
vn 1.0000000 0.0000000 0.0000000
vn 1.0000000 0.0000000 0.0000000
vn 1.0000000 0.0000000 0.0000000
vn 1.0000000 0.0000000 0.0000000
vn 1.0000000 0.0000000 0.0000000
vn 1.0000000 0.0000000 0.0000000
vn 1.0000000 0.0000000 0.0000000
vn 1.0000000 0.0000000 0.0000000
vn 1.0000000 0.0000000 0.0000000
vn 1.0000000 0.0000000 0.0000000
vn 1.0000000 0.0000000 0.0000000
vn 1.0000000 0.0000000 0.0000000
vn 1.0000000 0.0000000 0.0000000
vn 1.0000000 0.0000000 0.0000000
vn 1.0000000 0.0000000 0.0000000
vn 1.0000000 0.0000000 0.0000000
vn 1.0000000 0.0000000 0.0000000
vn 1.0000000 0.0000000 0.0000000
vn 1.0000000 0.0000000 0.0000000
vn 1.0000000 0.0000000 0.0000000
vn 1.0000000 0.0000000 0.0000000
vn 1.0000000 0.0000000 0.0000000
vn 1.0000000 0.0000000 0.0000000
vn 1.0000000 0.0000000 0.0000000
vn 1.0000000 0.0000000 0.0000000
vn 1.0000000 0.0000000 0.0000000
vn 1.0000000 0.0000000 0.0000000
vn 1.0000000 0.0000000 0.0000000
vn 1.0000000 0.0000000 0.0000000
vn 1.0000000 0.0000000 0.0000000
vn 1.0000000 0.0000000 0.0000000
vn 1.0000000 0.0000000 0.0000000
vn 1.0000000 0.0000000 0.0000000
vn 1.0000000 0.0000000 0.0000000
vn 1.0000000 0.0000000 0.0000000
vn 1.0000000 0.0000000 0.0000000
vn 1.0000000 0.0000000 0.0000000
vn 1.0000000 0.0000000 0.0000000
vn 1.0000000 0.0000000 0.0000000
vn 1.0000000 0.0000000 0.0000000
vn 1.0000000 0.0000000 0.0000000
vn 1.0000000 0.0000000 0.0000000
vn 1.0000000 0.0000000 0.0000000
vn 1.0000000 0.0000000 0.0000000
vn 1.0000000 0.0000000 0.0000000
vn 1.0000000 0.0000000 0.0000000
vn 1.0000000 0.0000000 0.0000000
vn 1.0000000 0.0000000 0.0000000
vn 1.0000000 0.0000000 0.0000000
vn 1.0000000 0.0000000 0.0000000
vn 1.0000000 0.0000000 0.0000000
vn 1.0000000 0.0000000 0.0000000
vn 1.0000000 0.0000000 0.0000000
vn 1.0000000 0.0000000 0.0000000
vn 1.0000000 0.0000000 0.0000000
vn 1.0000000 0.0000000 0.0000000
vn 1.0000000 0.0000000 0.0000000
vn 1.0000000 0.0000000 0.0000000
vn 1.0000000 0.0000000 0.0000000
vn 1.0000000 0.0000000 0.0000000
vn 1.0000000 0.0000000 0.0000000
vn 1.0000000 0.0000000 0.0000000
vn 1.0000000 0.0000000 0.0000000
vn 1.0000000 0.0000000 0.0000000
vn 1.0000000 0.0000000 0.0000000
vn 1.0000000 0.0000000 0.0000000
vn 1.0000000 0.0000000 0.0000000
vn 1.0000000 0.0000000 0.0000000
vn 1.0000000 0.0000000 0.0000000
vn 1.0000000 0.0000000 0.0000000
vn 1.0000000 0.0000000 0.0000000
vn 1.0000000 0.0000000 0.0000000
vn 1.0000000 0.0000000 0.0000000
vn 1.0000000 0.0000000 0.0000000
vn 1.0000000 0.0000000 0.0000000
vn 1.0000000 0.0000000 0.0000000
vn 1.0000000 0.0000000 0.0000000
vn 1.0000000 0.0000000 0.0000000
vn 1.0000000 0.0000000 0.0000000
vn 1.0000000 0.0000000 0.0000000
vn 1.0000000 0.0000000 0.0000000
vn 1.0000000 0.0000000 0.0000000
vn 1.0000000 0.0000000 0.0000000
vn 1.0000000 0.0000000 0.0000000
vn 1.0000000 0.0000000 0.0000000
vn 1.0000000 0.0000000 0.0000000
vn 1.0000000 0.0000000 0.0000000
vn 1.0000000 0.0000000 0.0000000
vn 1.0000000 0.0000000 0.0000000
vn 1.0000000 0.0000000 0.0000000
vn 1.0000000 0.0000000 0.0000000
vn 1.0000000 0.0000000 0.0000000
vn 1.0000000 0.0000000 0.0000000
vn 1.0000000 0.0000000 0.0000000
vn 1.0000000 0.0000000 0.0000000
vn 1.0000000 0.0000000 0.0000000
vn 1.0000000 0.0000000 0.0000000
vn 1.0000000 0.0000000 0.0000000
vn 1.0000000 0.0000000 0.0000000
vn 1.0000000 0.0000000 0.0000000
vn 1.0000000 0.0000000 0.0000000
vn 1.0000000 0.0000000 0.0000000
vn 1.0000000 0.0000000 0.0000000
vn 1.0000000 0.0000000 0.0000000
vn 1.0000000 0.0000000 0.0000000
vn 1.0000000 0.0000000 0.0000000
vn 1.0000000 0.0000000 0.0000000
vn 1.0000000 0.0000000 0.0000000
vn 1.0000000 0.0000000 0.0000000
vn 1.0000000 0.0000000 0.0000000
vn 1.0000000 0.0000000 0.0000000
vn 1.0000000 0.0000000 0.0000000
vn 1.0000000 0.0000000 0.0000000
vn 1.0000000 0.0000000 0.0000000
vn 1.0000000 0.0000000 0.0000000
vn 1.0000000 0.0000000 0.0000000
vn 1.0000000 0.0000000 0.0000000
vn 1.0000000 0.0000000 0.0000000
vn 1.0000000 0.0000000 0.0000000
vn 1.0000000 0.0000000 0.0000000
vn 1.0000000 0.0000000 0.0000000
vn 1.0000000 0.0000000 0.0000000
vn 1.0000000 0.0000000 0.0000000
vn 1.0000000 0.0000000 0.0000000
vn 1.0000000 0.0000000 0.0000000
vn 1.0000000 0.0000000 0.0000000
vn 1.0000000 0.0000000 0.0000000
vn 1.0000000 0.0000000 0.0000000
vn 1.0000000 0.0000000 0.0000000
vn 1.0000000 0.0000000 0.0000000
vn 1.0000000 0.0000000 0.0000000
vn 1.0000000 0.0000000 0.0000000
vn 1.0000000 0.0000000 0.0000000
vn 1.0000000 0.0000000 0.0000000
vn 1.0000000 0.0000000 0.0000000
vn 1.0000000 0.0000000 0.0000000
vn 1.0000000 0.0000000 0.0000000
vn 1.0000000 0.0000000 0.0000000
vn 1.0000000 0.0000000 0.0000000
vn 1.0000000 0.0000000 0.0000000
vn 1.0000000 0.0000000 0.0000000
vn 1.0000000 0.0000000 0.0000000
vn 1.0000000 0.0000000 0.0000000
vn 1.0000000 0.0000000 0.0000000
vn 1.0000000 0.0000000 0.0000000
vn 1.0000000 0.0000000 0.0000000
vn 1.0000000 0.0000000 0.0000000
vn 1.0000000 0.0000000 0.0000000
vn 1.0000000 0.0000000 0.0000000
vn 1.0000000 0.0000000 0.0000000
vn 1.0000000 0.0000000 0.0000000
vn 1.0000000 0.0000000 0.0000000
vn 1.0000000 0.0000000 0.0000000
vn 1.0000000 0.0000000 0.0000000
vn 1.0000000 0.0000000 0.0000000
vn 1.0000000 0.0000000 0.0000000
vn 1.0000000 0.0000000 0.0000000
vn 1.0000000 0.0000000 0.0000000
vn 1.0000000 0.0000000 0.0000000
vn 1.0000000 0.0000000 0.0000000
vn 1.0000000 0.0000000 0.0000000
vn 1.0000000 0.0000000 0.0000000
vn 1.0000000 0.0000000 0.0000000
vn 1.0000000 0.0000000 0.0000000
vn 1.0000000 0.0000000 0.0000000
vn 1.0000000 0.0000000 0.0000000
vn 1.0000000 0.0000000 0.0000000
vn 1.0000000 0.0000000 0.0000000
vn 1.0000000 0.0000000 0.0000000
vn 1.0000000 0.0000000 0.0000000
vn 1.0000000 0.0000000 0.0000000
vn 1.0000000 0.0000000 0.0000000
vn 1.0000000 0.0000000 0.0000000
vn 1.0000000 0.0000000 0.0000000
vn 1.0000000 0.0000000 0.0000000
vn 1.0000000 0.0000000 0.0000000
vn 1.0000000 0.0000000 0.0000000
vn 1.0000000 0.0000000 0.0000000
vn 1.0000000 0.0000000 0.0000000
vn 1.0000000 0.0000000 0.0000000
vn 1.0000000 0.0000000 0.0000000
vn 1.0000000 0.0000000 0.0000000
vn 1.0000000 0.0000000 0.0000000
vn 1.0000000 0.0000000 0.0000000
vn 1.0000000 0.0000000 0.0000000
vn 1.0000000 0.0000000 0.0000000
vn 1.0000000 0.0000000 0.0000000
vn 1.0000000 0.0000000 0.0000000
vn 1.0000000 0.0000000 0.0000000
vn 1.0000000 0.0000000 0.0000000
vn 1.0000000 0.0000000 0.0000000
vn 1.0000000 0.0000000 0.0000000
vn 1.0000000 0.0000000 0.0000000
vn 1.0000000 0.0000000 0.0000000
vn 1.0000000 0.0000000 0.0000000
vn 1.0000000 0.0000000 0.0000000
vn 1.0000000 0.0000000 0.0000000
vn 1.0000000 0.0000000 0.0000000
vn 1.0000000 0.0000000 0.0000000
vn 1.0000000 0.0000000 0.0000000
vn 1.0000000 0.0000000 0.0000000
vn 1.0000000 0.0000000 0.0000000
vn 1.0000000 0.0000000 0.0000000
vn 1.0000000 0.0000000 0.0000000
vn 1.0000000 0.0000000 0.0000000
vn 1.0000000 0.0000000 0.0000000
vn 1.0000000 0.0000000 0.0000000
vn 1.0000000 0.0000000 0.0000000
vn 1.0000000 0.0000000 0.0000000
vn 1.0000000 0.0000000 0.0000000
vn 1.0000000 0.0000000 0.0000000
vn 1.0000000 0.0000000 0.0000000
vn 1.0000000 0.0000000 0.0000000
vn 1.0000000 0.0000000 0.0000000
vn 1.0000000 0.0000000 0.0000000
vn 1.0000000 0.0000000 0.0000000
vn 1.0000000 0.0000000 0.0000000
vn 1.0000000 0.0000000 0.0000000
vn 1.0000000 0.0000000 0.0000000
vn 1.0000000 0.0000000 0.0000000
vn 1.0000000 0.0000000 0.0000000
vn 1.0000000 0.0000000 0.0000000
vn 1.0000000 0.0000000 0.0000000
vn 1.0000000 0.0000000 0.0000000
vn 1.0000000 0.0000000 0.0000000
vn 1.0000000 0.0000000 0.0000000
vn 1.0000000 0.0000000 0.0000000
vn 1.0000000 0.0000000 0.0000000
vn 1.0000000 0.0000000 0.0000000
vn 1.0000000 0.0000000 0.0000000
vn 1.0000000 0.0000000 0.0000000
vn 1.0000000 0.0000000 0.0000000
vn 1.0000000 0.0000000 0.0000000
vn 1.0000000 0.0000000 0.0000000
vn 1.0000000 0.0000000 0.0000000
vn 1.0000000 0.0000000 0.0000000
vn 1.0000000 0.0000000 0.0000000
vn 1.0000000 0.0000000 0.0000000
vn 1.0000000 0.0000000 0.0000000
vn 1.0000000 0.0000000 0.0000000
vn 1.0000000 0.0000000 0.0000000
vn 1.0000000 0.0000000 0.0000000
vn 1.0000000 0.0000000 0.0000000
vn 1.0000000 0.0000000 0.0000000
vn 1.0000000 0.0000000 0.0000000
vn 1.0000000 0.0000000 0.0000000
vn 1.0000000 0.0000000 0.0000000
vn 1.0000000 0.0000000 0.0000000
vn 1.0000000 0.0000000 0.0000000
vn 1.0000000 0.0000000 0.0000000
vn 1.0000000 0.0000000 0.0000000
vn 1.0000000 0.0000000 0.0000000
vn 1.0000000 0.0000000 0.0000000
vn 1.0000000 0.0000000 0.0000000
vn 1.0000000 0.0000000 0.0000000
vn 1.0000000 0.0000000 0.0000000
vn 1.0000000 0.0000000 0.0000000
vn 1.0000000 0.0000000 0.0000000
vn 1.0000000 0.0000000 0.0000000
vn 1.0000000 0.0000000 0.0000000
vn 1.0000000 0.0000000 0.0000000
vn 1.0000000 0.0000000 0.0000000
vn 1.0000000 0.0000000 0.0000000
vn 1.0000000 0.0000000 0.0000000
vn 1.0000000 0.0000000 0.0000000
vn 1.0000000 0.0000000 0.0000000
vn 1.0000000 0.0000000 0.0000000
vn 1.0000000 0.0000000 0.0000000
vn 1.0000000 0.0000000 0.0000000
vn 1.0000000 0.0000000 0.0000000
vn 1.0000000 0.0000000 0.0000000
vn 1.0000000 0.0000000 0.0000000
vn 1.0000000 0.0000000 0.0000000
vn 1.0000000 0.0000000 0.0000000
vn 1.0000000 0.0000000 0.0000000
vn 1.0000000 0.0000000 0.0000000
vn 1.0000000 0.0000000 0.0000000
vn 1.0000000 0.0000000 0.0000000
vn 1.0000000 0.0000000 0.0000000
vn 1.0000000 0.0000000 0.0000000
vn 1.0000000 0.0000000 0.0000000
vn 1.0000000 0.0000000 0.0000000
vn 1.0000000 0.0000000 0.0000000
vn 1.0000000 0.0000000 0.0000000
vn 1.0000000 0.0000000 0.0000000
vn 1.0000000 0.0000000 0.0000000
vn 1.0000000 0.0000000 0.0000000
vn 1.0000000 0.0000000 0.0000000
vn 1.0000000 0.0000000 0.0000000
vn 1.0000000 0.0000000 0.0000000
vn 1.0000000 0.0000000 0.0000000
vn 1.0000000 0.0000000 0.0000000
vn 1.0000000 0.0000000 0.0000000
vn 1.0000000 0.0000000 0.0000000
vn 1.0000000 0.0000000 0.0000000
vn 1.0000000 0.0000000 0.0000000
vn 1.0000000 0.0000000 0.0000000
vn 1.0000000 0.0000000 0.0000000
vn 1.0000000 0.0000000 0.0000000
vn 1.0000000 0.0000000 0.0000000
vn 1.0000000 0.0000000 0.0000000
vn 1.0000000 0.0000000 0.0000000
vn 1.0000000 0.0000000 0.0000000
vn 1.0000000 0.0000000 0.0000000
vn 1.0000000 0.0000000 0.0000000
vn 1.0000000 0.0000000 0.0000000
vn 1.0000000 0.0000000 0.0000000
vn 1.0000000 0.0000000 0.0000000
vn 1.0000000 0.0000000 0.0000000
vn 1.0000000 0.0000000 0.0000000
vn 1.0000000 0.0000000 0.0000000
vn 1.0000000 0.0000000 0.0000000
vn 1.0000000 0.0000000 0.0000000
vn 1.0000000 0.0000000 0.0000000
vn 1.0000000 0.0000000 0.0000000
vn 1.0000000 0.0000000 0.0000000
vn 1.0000000 0.0000000 0.0000000
vn 1.0000000 0.0000000 0.0000000
vn 1.0000000 0.0000000 0.0000000
vn 1.0000000 0.0000000 0.0000000
vn 1.0000000 0.0000000 0.0000000
vn 1.0000000 0.0000000 0.0000000
vn 1.0000000 0.0000000 0.0000000
vn 1.0000000 0.0000000 0.0000000
vn 1.0000000 0.0000000 0.0000000
vn 1.0000000 0.0000000 0.0000000
vn 1.0000000 0.0000000 0.0000000
vn 1.0000000 0.0000000 0.0000000
vn 1.0000000 0.0000000 0.0000000
vn 1.0000000 0.0000000 0.0000000
vn 1.0000000 0.0000000 0.0000000
vn 1.0000000 0.0000000 0.0000000
vn 1.0000000 0.0000000 0.0000000
vn 1.0000000 0.0000000 0.0000000
vn 1.0000000 0.0000000 0.0000000
vn 1.0000000 0.0000000 0.0000000
vn 1.0000000 0.0000000 0.0000000
vn 1.0000000 0.0000000 0.0000000
vn 1.0000000 0.0000000 0.0000000
vn 1.0000000 0.0000000 0.0000000
vn 1.0000000 0.0000000 0.0000000
vn 1.0000000 0.0000000 0.0000000
vn 1.0000000 0.0000000 0.0000000
vn 1.0000000 0.0000000 0.0000000
vn 1.0000000 0.0000000 0.0000000
vn 1.0000000 0.0000000 0.0000000
vn 1.0000000 0.0000000 0.0000000
vn 1.0000000 0.0000000 0.0000000
vn 1.0000000 0.0000000 0.0000000
vn 1.0000000 0.0000000 0.0000000
vn 1.0000000 0.0000000 0.0000000
vn 1.0000000 0.0000000 0.0000000
vn 1.0000000 0.0000000 0.0000000
vn 1.0000000 0.0000000 0.0000000
vn 1.0000000 0.0000000 0.0000000
vn 1.0000000 0.0000000 0.0000000
vn 1.0000000 0.0000000 0.0000000
vn 1.0000000 0.0000000 0.0000000
vn 1.0000000 0.0000000 0.0000000
vn 1.0000000 0.0000000 0.0000000
vn 1.0000000 0.0000000 0.0000000
vn 1.0000000 0.0000000 0.0000000
vn 1.0000000 0.0000000 0.0000000
vn 1.0000000 0.0000000 0.0000000
vn 1.0000000 0.0000000 0.0000000
vn 1.0000000 0.0000000 0.0000000
vn 1.0000000 0.0000000 0.0000000
vn 1.0000000 0.0000000 0.0000000
vn 1.0000000 0.0000000 0.0000000
vn 1.0000000 0.0000000 0.0000000
vn 1.0000000 0.0000000 0.0000000
vn 1.0000000 0.0000000 0.0000000
vn 1.0000000 0.0000000 0.0000000
vn 1.0000000 0.0000000 0.0000000
vn 1.0000000 0.0000000 0.0000000
vn 1.0000000 0.0000000 0.0000000
vn 1.0000000 0.0000000 0.0000000
vn 1.0000000 0.0000000 0.0000000
vn 1.0000000 0.0000000 0.0000000
vn 1.0000000 0.0000000 0.0000000
vn 1.0000000 0.0000000 0.0000000
vn 1.0000000 0.0000000 0.0000000
vn 1.0000000 0.0000000 0.0000000
vn 1.0000000 0.0000000 0.0000000
vn 1.0000000 0.0000000 0.0000000
vn 1.0000000 0.0000000 0.0000000
vn 1.0000000 0.0000000 0.0000000
vn 1.0000000 0.0000000 0.0000000
vn 1.0000000 0.0000000 0.0000000
vn 1.0000000 0.0000000 0.0000000
vn 1.0000000 0.0000000 0.0000000
vn 1.0000000 0.0000000 0.0000000
vn 1.0000000 0.0000000 0.0000000
vn 1.0000000 0.0000000 0.0000000
vn 1.0000000 0.0000000 0.0000000
vn 1.0000000 0.0000000 0.0000000
vn 1.0000000 0.0000000 0.0000000
vn 1.0000000 0.0000000 0.0000000
vn 1.0000000 0.0000000 0.0000000
vn 1.0000000 0.0000000 0.0000000
vn 1.0000000 0.0000000 0.0000000
vn 1.0000000 0.0000000 0.0000000
vn 1.0000000 0.0000000 0.0000000
vn 1.0000000 0.0000000 0.0000000
vn 1.0000000 0.0000000 0.0000000
vn 1.0000000 0.0000000 0.0000000
vn 1.0000000 0.0000000 0.0000000
vn 1.0000000 0.0000000 0.0000000
vn 1.0000000 0.0000000 0.0000000
vn 1.0000000 0.0000000 0.0000000
vn 1.0000000 0.0000000 0.0000000
vn 1.0000000 0.0000000 0.0000000
vn 1.0000000 0.0000000 0.0000000
vn 1.0000000 0.0000000 0.0000000
vn 1.0000000 0.0000000 0.0000000
vn 1.0000000 0.0000000 0.0000000
vn 1.0000000 0.0000000 0.0000000
vn 1.0000000 0.0000000 0.0000000
vn 1.0000000 0.0000000 0.0000000
vn 1.0000000 0.0000000 0.0000000
vn 1.0000000 0.0000000 0.0000000
vn 1.0000000 0.0000000 0.0000000
vn 1.0000000 0.0000000 0.0000000
vn 1.0000000 0.0000000 0.0000000
vn 1.0000000 0.0000000 0.0000000
vn 1.0000000 0.0000000 0.0000000
vn 1.0000000 0.0000000 0.0000000
vn 1.0000000 0.0000000 0.0000000
vn 1.0000000 0.0000000 0.0000000
vn 1.0000000 0.0000000 0.0000000
vn -1.0000000 0.0000000 0.0000000
vn -1.0000000 0.0000000 0.0000000
vn -1.0000000 0.0000000 0.0000000
vn -1.0000000 0.0000000 0.0000000
vn -1.0000000 0.0000000 0.0000000
vn -1.0000000 0.0000000 0.0000000
vn -1.0000000 0.0000000 0.0000000
vn -1.0000000 0.0000000 0.0000000
vn -1.0000000 0.0000000 0.0000000
vn -1.0000000 0.0000000 0.0000000
vn -1.0000000 0.0000000 0.0000000
vn -1.0000000 0.0000000 0.0000000
vn -1.0000000 0.0000000 0.0000000
vn -1.0000000 0.0000000 0.0000000
vn -1.0000000 0.0000000 0.0000000
vn -1.0000000 0.0000000 0.0000000
vn -1.0000000 0.0000000 0.0000000
vn -1.0000000 0.0000000 0.0000000
vn -1.0000000 0.0000000 0.0000000
vn -1.0000000 0.0000000 0.0000000
vn -1.0000000 0.0000000 0.0000000
vn -1.0000000 0.0000000 0.0000000
vn -1.0000000 0.0000000 0.0000000
vn -1.0000000 0.0000000 0.0000000
vn -1.0000000 0.0000000 0.0000000
vn -1.0000000 0.0000000 0.0000000
vn -1.0000000 0.0000000 0.0000000
vn -1.0000000 0.0000000 0.0000000
vn -1.0000000 0.0000000 0.0000000
vn -1.0000000 0.0000000 0.0000000
vn -1.0000000 0.0000000 0.0000000
vn -1.0000000 0.0000000 0.0000000
vn -1.0000000 0.0000000 0.0000000
vn -1.0000000 0.0000000 0.0000000
vn -1.0000000 0.0000000 0.0000000
vn -1.0000000 0.0000000 0.0000000
vn -1.0000000 0.0000000 0.0000000
vn -1.0000000 0.0000000 0.0000000
vn -1.0000000 0.0000000 0.0000000
vn -1.0000000 0.0000000 0.0000000
vn -1.0000000 0.0000000 0.0000000
vn -1.0000000 0.0000000 0.0000000
vn -1.0000000 0.0000000 0.0000000
vn -1.0000000 0.0000000 0.0000000
vn -1.0000000 0.0000000 0.0000000
vn -1.0000000 0.0000000 0.0000000
vn -1.0000000 0.0000000 0.0000000
vn -1.0000000 0.0000000 0.0000000
vn -1.0000000 0.0000000 0.0000000
vn -1.0000000 0.0000000 0.0000000
vn -1.0000000 0.0000000 0.0000000
vn -1.0000000 0.0000000 0.0000000
vn -1.0000000 0.0000000 0.0000000
vn -1.0000000 0.0000000 0.0000000
vn -1.0000000 0.0000000 0.0000000
vn -1.0000000 0.0000000 0.0000000
vn -1.0000000 0.0000000 0.0000000
vn -1.0000000 0.0000000 0.0000000
vn -1.0000000 0.0000000 0.0000000
vn -1.0000000 0.0000000 0.0000000
vn -1.0000000 0.0000000 0.0000000
vn -1.0000000 0.0000000 0.0000000
vn -1.0000000 0.0000000 0.0000000
vn -1.0000000 0.0000000 0.0000000
vn -1.0000000 0.0000000 0.0000000
vn -1.0000000 0.0000000 0.0000000
vn -1.0000000 0.0000000 0.0000000
vn -1.0000000 0.0000000 0.0000000
vn -1.0000000 0.0000000 0.0000000
vn -1.0000000 0.0000000 0.0000000
vn -1.0000000 0.0000000 0.0000000
vn -1.0000000 0.0000000 0.0000000
vn -1.0000000 0.0000000 0.0000000
vn -1.0000000 0.0000000 0.0000000
vn -1.0000000 0.0000000 0.0000000
vn -1.0000000 0.0000000 0.0000000
vn -1.0000000 0.0000000 0.0000000
vn -1.0000000 0.0000000 0.0000000
vn -1.0000000 0.0000000 0.0000000
vn -1.0000000 0.0000000 0.0000000
vn -1.0000000 0.0000000 0.0000000
vn -1.0000000 0.0000000 0.0000000
vn -1.0000000 0.0000000 0.0000000
vn -1.0000000 0.0000000 0.0000000
vn -1.0000000 0.0000000 0.0000000
vn -1.0000000 0.0000000 0.0000000
vn -1.0000000 0.0000000 0.0000000
vn -1.0000000 0.0000000 0.0000000
vn -1.0000000 0.0000000 0.0000000
vn -1.0000000 0.0000000 0.0000000
vn -1.0000000 0.0000000 0.0000000
vn -1.0000000 0.0000000 0.0000000
vn -1.0000000 0.0000000 0.0000000
vn -1.0000000 0.0000000 0.0000000
vn -1.0000000 0.0000000 0.0000000
vn -1.0000000 0.0000000 0.0000000
vn -1.0000000 0.0000000 0.0000000
vn -1.0000000 0.0000000 0.0000000
vn -1.0000000 0.0000000 0.0000000
vn -1.0000000 0.0000000 0.0000000
vn -1.0000000 0.0000000 0.0000000
vn -1.0000000 0.0000000 0.0000000
vn -1.0000000 0.0000000 0.0000000
vn -1.0000000 0.0000000 0.0000000
vn -1.0000000 0.0000000 0.0000000
vn -1.0000000 0.0000000 0.0000000
vn -1.0000000 0.0000000 0.0000000
vn -1.0000000 0.0000000 0.0000000
vn -1.0000000 0.0000000 0.0000000
vn -1.0000000 0.0000000 0.0000000
vn -1.0000000 0.0000000 0.0000000
vn -1.0000000 0.0000000 0.0000000
vn -1.0000000 0.0000000 0.0000000
vn -1.0000000 0.0000000 0.0000000
vn -1.0000000 0.0000000 0.0000000
vn -1.0000000 0.0000000 0.0000000
vn -1.0000000 0.0000000 0.0000000
vn -1.0000000 0.0000000 0.0000000
vn -1.0000000 0.0000000 0.0000000
vn -1.0000000 0.0000000 0.0000000
vn -1.0000000 0.0000000 0.0000000
vn -1.0000000 0.0000000 0.0000000
vn -1.0000000 0.0000000 0.0000000
vn -1.0000000 0.0000000 0.0000000
vn -1.0000000 0.0000000 0.0000000
vn -1.0000000 0.0000000 0.0000000
vn -1.0000000 0.0000000 0.0000000
vn -1.0000000 0.0000000 0.0000000
vn -1.0000000 0.0000000 0.0000000
vn -1.0000000 0.0000000 0.0000000
vn -1.0000000 0.0000000 0.0000000
vn -1.0000000 0.0000000 0.0000000
vn -1.0000000 0.0000000 0.0000000
vn -1.0000000 0.0000000 0.0000000
vn -1.0000000 0.0000000 0.0000000
vn -1.0000000 0.0000000 0.0000000
vn -1.0000000 0.0000000 0.0000000
vn -1.0000000 0.0000000 0.0000000
vn -1.0000000 0.0000000 0.0000000
vn -1.0000000 0.0000000 0.0000000
vn -1.0000000 0.0000000 0.0000000
vn -1.0000000 0.0000000 0.0000000
vn -1.0000000 0.0000000 0.0000000
vn -1.0000000 0.0000000 0.0000000
vn -1.0000000 0.0000000 0.0000000
vn -1.0000000 0.0000000 0.0000000
vn -1.0000000 0.0000000 0.0000000
vn -1.0000000 0.0000000 0.0000000
vn -1.0000000 0.0000000 0.0000000
vn -1.0000000 0.0000000 0.0000000
vn -1.0000000 0.0000000 0.0000000
vn -1.0000000 0.0000000 0.0000000
vn -1.0000000 0.0000000 0.0000000
vn -1.0000000 0.0000000 0.0000000
vn -1.0000000 0.0000000 0.0000000
vn -1.0000000 0.0000000 0.0000000
vn -1.0000000 0.0000000 0.0000000
vn -1.0000000 0.0000000 0.0000000
vn -1.0000000 0.0000000 0.0000000
vn -1.0000000 0.0000000 0.0000000
vn -1.0000000 0.0000000 0.0000000
vn -1.0000000 0.0000000 0.0000000
vn -1.0000000 0.0000000 0.0000000
vn -1.0000000 0.0000000 0.0000000
vn -1.0000000 0.0000000 0.0000000
vn -1.0000000 0.0000000 0.0000000
vn -1.0000000 0.0000000 0.0000000
vn -1.0000000 0.0000000 0.0000000
vn -1.0000000 0.0000000 0.0000000
vn -1.0000000 0.0000000 0.0000000
vn -1.0000000 0.0000000 0.0000000
vn -1.0000000 0.0000000 0.0000000
vn -1.0000000 0.0000000 0.0000000
vn -1.0000000 0.0000000 0.0000000
vn -1.0000000 0.0000000 0.0000000
vn -1.0000000 0.0000000 0.0000000
vn -1.0000000 0.0000000 0.0000000
vn -1.0000000 0.0000000 0.0000000
vn -1.0000000 0.0000000 0.0000000
vn -1.0000000 0.0000000 0.0000000
vn -1.0000000 0.0000000 0.0000000
vn -1.0000000 0.0000000 0.0000000
vn -1.0000000 0.0000000 0.0000000
vn -1.0000000 0.0000000 0.0000000
vn -1.0000000 0.0000000 0.0000000
vn -1.0000000 0.0000000 0.0000000
vn -1.0000000 0.0000000 0.0000000
vn -1.0000000 0.0000000 0.0000000
vn -1.0000000 0.0000000 0.0000000
vn -1.0000000 0.0000000 0.0000000
vn -1.0000000 0.0000000 0.0000000
vn -1.0000000 0.0000000 0.0000000
vn -1.0000000 0.0000000 0.0000000
vn -1.0000000 0.0000000 0.0000000
vn -1.0000000 0.0000000 0.0000000
vn -1.0000000 0.0000000 0.0000000
vn -1.0000000 0.0000000 0.0000000
vn -1.0000000 0.0000000 0.0000000
vn -1.0000000 0.0000000 0.0000000
vn -1.0000000 0.0000000 0.0000000
vn -1.0000000 0.0000000 0.0000000
vn -1.0000000 0.0000000 0.0000000
vn -1.0000000 0.0000000 0.0000000
vn -1.0000000 0.0000000 0.0000000
vn -1.0000000 0.0000000 0.0000000
vn -1.0000000 0.0000000 0.0000000
vn -1.0000000 0.0000000 0.0000000
vn -1.0000000 0.0000000 0.0000000
vn -1.0000000 0.0000000 0.0000000
vn -1.0000000 0.0000000 0.0000000
vn -1.0000000 0.0000000 0.0000000
vn -1.0000000 0.0000000 0.0000000
vn -1.0000000 0.0000000 0.0000000
vn -1.0000000 0.0000000 0.0000000
vn -1.0000000 0.0000000 0.0000000
vn -1.0000000 0.0000000 0.0000000
vn -1.0000000 0.0000000 0.0000000
vn -1.0000000 0.0000000 0.0000000
vn -1.0000000 0.0000000 0.0000000
vn -1.0000000 0.0000000 0.0000000
vn -1.0000000 0.0000000 0.0000000
vn -1.0000000 0.0000000 0.0000000
vn -1.0000000 0.0000000 0.0000000
vn -1.0000000 0.0000000 0.0000000
vn -1.0000000 0.0000000 0.0000000
vn -1.0000000 0.0000000 0.0000000
vn -1.0000000 0.0000000 0.0000000
vn -1.0000000 0.0000000 0.0000000
vn -1.0000000 0.0000000 0.0000000
vn -1.0000000 0.0000000 0.0000000
vn -1.0000000 0.0000000 0.0000000
vn -1.0000000 0.0000000 0.0000000
vn -1.0000000 0.0000000 0.0000000
vn -1.0000000 0.0000000 0.0000000
vn -1.0000000 0.0000000 0.0000000
vn -1.0000000 0.0000000 0.0000000
vn -1.0000000 0.0000000 0.0000000
vn -1.0000000 0.0000000 0.0000000
vn -1.0000000 0.0000000 0.0000000
vn -1.0000000 0.0000000 0.0000000
vn -1.0000000 0.0000000 0.0000000
vn -1.0000000 0.0000000 0.0000000
vn -1.0000000 0.0000000 0.0000000
vn -1.0000000 0.0000000 0.0000000
vn -1.0000000 0.0000000 0.0000000
vn -1.0000000 0.0000000 0.0000000
vn -1.0000000 0.0000000 0.0000000
vn -1.0000000 0.0000000 0.0000000
vn -1.0000000 0.0000000 0.0000000
vn -1.0000000 0.0000000 0.0000000
vn -1.0000000 0.0000000 0.0000000
vn -1.0000000 0.0000000 0.0000000
vn -1.0000000 0.0000000 0.0000000
vn -1.0000000 0.0000000 0.0000000
vn -1.0000000 0.0000000 0.0000000
vn -1.0000000 0.0000000 0.0000000
vn -1.0000000 0.0000000 0.0000000
vn -1.0000000 0.0000000 0.0000000
vn -1.0000000 0.0000000 0.0000000
vn -1.0000000 0.0000000 0.0000000
vn -1.0000000 0.0000000 0.0000000
vn -1.0000000 0.0000000 0.0000000
vn -1.0000000 0.0000000 0.0000000
vn -1.0000000 0.0000000 0.0000000
vn -1.0000000 0.0000000 0.0000000
vn -1.0000000 0.0000000 0.0000000
vn -1.0000000 0.0000000 0.0000000
vn -1.0000000 0.0000000 0.0000000
vn -1.0000000 0.0000000 0.0000000
vn -1.0000000 0.0000000 0.0000000
vn -1.0000000 0.0000000 0.0000000
vn -1.0000000 0.0000000 0.0000000
vn -1.0000000 0.0000000 0.0000000
vn -1.0000000 0.0000000 0.0000000
vn -1.0000000 0.0000000 0.0000000
vn -1.0000000 0.0000000 0.0000000
vn -1.0000000 0.0000000 0.0000000
vn -1.0000000 0.0000000 0.0000000
vn -1.0000000 0.0000000 0.0000000
vn -1.0000000 0.0000000 0.0000000
vn -1.0000000 0.0000000 0.0000000
vn -1.0000000 0.0000000 0.0000000
vn -1.0000000 0.0000000 0.0000000
vn -1.0000000 0.0000000 0.0000000
vn -1.0000000 0.0000000 0.0000000
vn -1.0000000 0.0000000 0.0000000
vn -1.0000000 0.0000000 0.0000000
vn -1.0000000 0.0000000 0.0000000
vn -1.0000000 0.0000000 0.0000000
vn -1.0000000 0.0000000 0.0000000
vn -1.0000000 0.0000000 0.0000000
vn -1.0000000 0.0000000 0.0000000
vn -1.0000000 0.0000000 0.0000000
vn -1.0000000 0.0000000 0.0000000
vn -1.0000000 0.0000000 0.0000000
vn -1.0000000 0.0000000 0.0000000
vn -1.0000000 0.0000000 0.0000000
vn -1.0000000 0.0000000 0.0000000
vn -1.0000000 0.0000000 0.0000000
vn -1.0000000 0.0000000 0.0000000
vn -1.0000000 0.0000000 0.0000000
vn -1.0000000 0.0000000 0.0000000
vn -1.0000000 0.0000000 0.0000000
vn -1.0000000 0.0000000 0.0000000
vn -1.0000000 0.0000000 0.0000000
vn -1.0000000 0.0000000 0.0000000
vn -1.0000000 0.0000000 0.0000000
vn -1.0000000 0.0000000 0.0000000
vn -1.0000000 0.0000000 0.0000000
vn -1.0000000 0.0000000 0.0000000
vn -1.0000000 0.0000000 0.0000000
vn -1.0000000 0.0000000 0.0000000
vn -1.0000000 0.0000000 0.0000000
vn -1.0000000 0.0000000 0.0000000
vn -1.0000000 0.0000000 0.0000000
vn -1.0000000 0.0000000 0.0000000
vn -1.0000000 0.0000000 0.0000000
vn -1.0000000 0.0000000 0.0000000
vn -1.0000000 0.0000000 0.0000000
vn -1.0000000 0.0000000 0.0000000
vn -1.0000000 0.0000000 0.0000000
vn -1.0000000 0.0000000 0.0000000
vn -1.0000000 0.0000000 0.0000000
vn -1.0000000 0.0000000 0.0000000
vn -1.0000000 0.0000000 0.0000000
vn -1.0000000 0.0000000 0.0000000
vn -1.0000000 0.0000000 0.0000000
vn -1.0000000 0.0000000 0.0000000
vn -1.0000000 0.0000000 0.0000000
vn -1.0000000 0.0000000 0.0000000
vn -1.0000000 0.0000000 0.0000000
vn -1.0000000 0.0000000 0.0000000
vn -1.0000000 0.0000000 0.0000000
vn -1.0000000 0.0000000 0.0000000
vn -1.0000000 0.0000000 0.0000000
vn -1.0000000 0.0000000 0.0000000
vn -1.0000000 0.0000000 0.0000000
vn -1.0000000 0.0000000 0.0000000
vn -1.0000000 0.0000000 0.0000000
vn -1.0000000 0.0000000 0.0000000
vn -1.0000000 0.0000000 0.0000000
vn -1.0000000 0.0000000 0.0000000
vn -1.0000000 0.0000000 0.0000000
vn -1.0000000 0.0000000 0.0000000
vn -1.0000000 0.0000000 0.0000000
vn -1.0000000 0.0000000 0.0000000
vn -1.0000000 0.0000000 0.0000000
vn -1.0000000 0.0000000 0.0000000
vn -1.0000000 0.0000000 0.0000000
vn -1.0000000 0.0000000 0.0000000
vn -1.0000000 0.0000000 0.0000000
vn -1.0000000 0.0000000 0.0000000
vn -1.0000000 0.0000000 0.0000000
vn -1.0000000 0.0000000 0.0000000
vn -1.0000000 0.0000000 0.0000000
vn -1.0000000 0.0000000 0.0000000
vn -1.0000000 0.0000000 0.0000000
vn -1.0000000 0.0000000 0.0000000
vn -1.0000000 0.0000000 0.0000000
vn -1.0000000 0.0000000 0.0000000
vn -1.0000000 0.0000000 0.0000000
vn -1.0000000 0.0000000 0.0000000
vn -1.0000000 0.0000000 0.0000000
vn -1.0000000 0.0000000 0.0000000
vn -1.0000000 0.0000000 0.0000000
vn -1.0000000 0.0000000 0.0000000
vn -1.0000000 0.0000000 0.0000000
vn -1.0000000 0.0000000 0.0000000
vn -1.0000000 0.0000000 0.0000000
vn -1.0000000 0.0000000 0.0000000
vn -1.0000000 0.0000000 0.0000000
vn -1.0000000 0.0000000 0.0000000
vn -1.0000000 0.0000000 0.0000000
vn -1.0000000 0.0000000 0.0000000
vn -1.0000000 0.0000000 0.0000000
vn -1.0000000 0.0000000 0.0000000
vn -1.0000000 0.0000000 0.0000000
vn -1.0000000 0.0000000 0.0000000
vn -1.0000000 0.0000000 0.0000000
vn -1.0000000 0.0000000 0.0000000
vn -1.0000000 0.0000000 0.0000000
vn -1.0000000 0.0000000 0.0000000
vn -1.0000000 0.0000000 0.0000000
vn -1.0000000 0.0000000 0.0000000
vn -1.0000000 0.0000000 0.0000000
vn -1.0000000 0.0000000 0.0000000
vn -1.0000000 0.0000000 0.0000000
vn -1.0000000 0.0000000 0.0000000
vn -1.0000000 0.0000000 0.0000000
vn -1.0000000 0.0000000 0.0000000
vn -1.0000000 0.0000000 0.0000000
vn -1.0000000 0.0000000 0.0000000
vn -1.0000000 0.0000000 0.0000000
vn -1.0000000 0.0000000 0.0000000
vn -1.0000000 0.0000000 0.0000000
vn -1.0000000 0.0000000 0.0000000
vn -1.0000000 0.0000000 0.0000000
vn -1.0000000 0.0000000 0.0000000
vn -1.0000000 0.0000000 0.0000000
vn -1.0000000 0.0000000 0.0000000
vn -1.0000000 0.0000000 0.0000000
vn -1.0000000 0.0000000 0.0000000
vn -1.0000000 0.0000000 0.0000000
vn -1.0000000 0.0000000 0.0000000
vn -1.0000000 0.0000000 0.0000000
vn -1.0000000 0.0000000 0.0000000
vn -1.0000000 0.0000000 0.0000000
vn -1.0000000 0.0000000 0.0000000
vn -1.0000000 0.0000000 0.0000000
vn -1.0000000 0.0000000 0.0000000
vn -1.0000000 0.0000000 0.0000000
vn -1.0000000 0.0000000 0.0000000
vn -1.0000000 0.0000000 0.0000000
vn -1.0000000 0.0000000 0.0000000
vn -1.0000000 0.0000000 0.0000000
vn -1.0000000 0.0000000 0.0000000
vn -1.0000000 0.0000000 0.0000000
vn -1.0000000 0.0000000 0.0000000
vn -1.0000000 0.0000000 0.0000000
vn -1.0000000 0.0000000 0.0000000
vn -1.0000000 0.0000000 0.0000000
vn -1.0000000 0.0000000 0.0000000
vn -1.0000000 0.0000000 0.0000000
vn -1.0000000 0.0000000 0.0000000
vn -1.0000000 0.0000000 0.0000000
vn -1.0000000 0.0000000 0.0000000
vn -1.0000000 0.0000000 0.0000000
vn -1.0000000 0.0000000 0.0000000
vn -1.0000000 0.0000000 0.0000000
vn -1.0000000 0.0000000 0.0000000
vn -1.0000000 0.0000000 0.0000000
vn -1.0000000 0.0000000 0.0000000
vn -1.0000000 0.0000000 0.0000000
vn -1.0000000 0.0000000 0.0000000
vn -1.0000000 0.0000000 0.0000000
vn -1.0000000 0.0000000 0.0000000
vn -1.0000000 0.0000000 0.0000000
vn -1.0000000 0.0000000 0.0000000
vn -1.0000000 0.0000000 0.0000000
vn -1.0000000 0.0000000 0.0000000
vn -1.0000000 0.0000000 0.0000000
vn -1.0000000 0.0000000 0.0000000
vn -1.0000000 0.0000000 0.0000000
vn -1.0000000 0.0000000 0.0000000
vn -1.0000000 0.0000000 0.0000000
vn -1.0000000 0.0000000 0.0000000
vn -1.0000000 0.0000000 0.0000000
vn -1.0000000 0.0000000 0.0000000
vn -1.0000000 0.0000000 0.0000000
vn -1.0000000 0.0000000 0.0000000
vn -1.0000000 0.0000000 0.0000000
vn -1.0000000 0.0000000 0.0000000
vn -1.0000000 0.0000000 0.0000000
vn -1.0000000 0.0000000 0.0000000
vn -1.0000000 0.0000000 0.0000000
vn -1.0000000 0.0000000 0.0000000
vn -1.0000000 0.0000000 0.0000000
vn -1.0000000 0.0000000 0.0000000
vn -1.0000000 0.0000000 0.0000000
vn -1.0000000 0.0000000 0.0000000
vn -1.0000000 0.0000000 0.0000000
vn -1.0000000 0.0000000 0.0000000
vn -1.0000000 0.0000000 0.0000000
vn -1.0000000 0.0000000 0.0000000
vn -1.0000000 0.0000000 0.0000000
vn -1.0000000 0.0000000 0.0000000
vn -1.0000000 0.0000000 0.0000000
vn -1.0000000 0.0000000 0.0000000
vn -1.0000000 0.0000000 0.0000000
vn -1.0000000 0.0000000 0.0000000
vn -1.0000000 0.0000000 0.0000000
vn -1.0000000 0.0000000 0.0000000
vn -1.0000000 0.0000000 0.0000000
vn -1.0000000 0.0000000 0.0000000
vn -1.0000000 0.0000000 0.0000000
vn -1.0000000 0.0000000 0.0000000
vn -1.0000000 0.0000000 0.0000000
vn -1.0000000 0.0000000 0.0000000
vn -1.0000000 0.0000000 0.0000000
vn -1.0000000 0.0000000 0.0000000
vn -1.0000000 0.0000000 0.0000000
vn -1.0000000 0.0000000 0.0000000
vn -1.0000000 0.0000000 0.0000000
vn -1.0000000 0.0000000 0.0000000
vn -1.0000000 0.0000000 0.0000000
vn -1.0000000 0.0000000 0.0000000
vn -1.0000000 0.0000000 0.0000000
vn -1.0000000 0.0000000 0.0000000
vn -1.0000000 0.0000000 0.0000000
vn -1.0000000 0.0000000 0.0000000
vn -1.0000000 0.0000000 0.0000000
vn -1.0000000 0.0000000 0.0000000
vn -1.0000000 0.0000000 0.0000000
vn -1.0000000 0.0000000 0.0000000
vn -1.0000000 0.0000000 0.0000000
vn -1.0000000 0.0000000 0.0000000
vn -1.0000000 0.0000000 0.0000000
vn -1.0000000 0.0000000 0.0000000
vn -1.0000000 0.0000000 0.0000000
vn -1.0000000 0.0000000 0.0000000
vn -1.0000000 0.0000000 0.0000000
vn -1.0000000 0.0000000 0.0000000
vn -1.0000000 0.0000000 0.0000000
vn -1.0000000 0.0000000 0.0000000
vn -1.0000000 0.0000000 0.0000000
vn -1.0000000 0.0000000 0.0000000
vn -1.0000000 0.0000000 0.0000000
vn -1.0000000 0.0000000 0.0000000
vn -1.0000000 0.0000000 0.0000000
vn -1.0000000 0.0000000 0.0000000
vn 0.0000000 0.0000000 1.0000000
vn 0.0000000 0.0000000 -1.0000000
vn 1.0000000 0.0000000 0.0000000
vn -1.0000000 0.0000000 0.0000000
vn -0.0000000 1.0000000 0.0000000
vn 0.0000000 -1.0000000 0.0000000
vn 0.0000000 0.0000000 1.0000000
vn 0.0000000 0.0000000 -1.0000000
vn 1.0000000 0.0000000 0.0000000
vn -1.0000000 0.0000000 0.0000000
vn -0.0000000 1.0000000 0.0000000
vn 0.0000000 -1.0000000 0.0000000
vn 0.0000000 0.0000000 1.0000000
vn 0.0000000 0.0000000 -1.0000000
vn 1.0000000 0.0000000 0.0000000
vn -1.0000000 0.0000000 0.0000000
vn -0.0000000 1.0000000 0.0000000
vn 0.0000000 -1.0000000 0.0000000
vn 0.0000000 0.0000000 1.0000000
vn 0.0000000 0.0000000 -1.0000000
vn 1.0000000 0.0000000 0.0000000
vn -1.0000000 0.0000000 0.0000000
vn -0.0000000 1.0000000 0.0000000
vn 0.0000000 -1.0000000 0.0000000
vn 0.0000000 0.0000000 1.0000000
vn 0.0000000 0.0000000 -1.0000000
vn 1.0000000 0.0000000 0.0000000
vn -1.0000000 0.0000000 0.0000000
vn -0.0000000 1.0000000 0.0000000
vn 0.0000000 -1.0000000 0.0000000
vn 0.0000000 0.0000000 1.0000000
vn 0.0000000 0.0000000 -1.0000000
vn 1.0000000 0.0000000 0.0000000
vn -1.0000000 0.0000000 0.0000000
vn -0.0000000 1.0000000 0.0000000
vn 0.0000000 -1.0000000 0.0000000
vn 0.0000000 0.0000000 1.0000000
vn 0.0000000 0.0000000 -1.0000000
vn 1.0000000 0.0000000 0.0000000
vn -1.0000000 0.0000000 0.0000000
vn -0.0000000 1.0000000 0.0000000
vn 0.0000000 -1.0000000 0.0000000
vn 0.0000000 0.0000000 1.0000000
vn 0.0000000 0.0000000 -1.0000000
vn 1.0000000 0.0000000 0.0000000
vn -1.0000000 0.0000000 0.0000000
vn -0.0000000 1.0000000 0.0000000
vn 0.0000000 -1.0000000 0.0000000
vn 0.0000000 0.0000000 1.0000000
vn 0.0000000 0.0000000 -1.0000000
vn 1.0000000 0.0000000 0.0000000
vn -1.0000000 0.0000000 0.0000000
vn -0.0000000 1.0000000 0.0000000
vn 0.0000000 -1.0000000 0.0000000
vn 0.0000000 0.0000000 1.0000000
vn 0.0000000 0.0000000 -1.0000000
vn 1.0000000 0.0000000 0.0000000
vn -1.0000000 0.0000000 0.0000000
vn -0.0000000 1.0000000 0.0000000
vn 0.0000000 -1.0000000 0.0000000
vn 0.0000000 0.0000000 1.0000000
vn 0.0000000 0.0000000 -1.0000000
vn 1.0000000 0.0000000 0.0000000
vn -1.0000000 0.0000000 0.0000000
vn -0.0000000 1.0000000 0.0000000
vn 0.0000000 -1.0000000 0.0000000
vn 0.0000000 0.0000000 1.0000000
vn 0.0000000 0.0000000 -1.0000000
vn 1.0000000 0.0000000 0.0000000
vn -1.0000000 0.0000000 0.0000000
vn -0.0000000 1.0000000 0.0000000
vn 0.0000000 -1.0000000 0.0000000
vn 0.0000000 0.0000000 1.0000000
vn 0.0000000 0.0000000 -1.0000000
vn 1.0000000 0.0000000 0.0000000
vn -1.0000000 0.0000000 0.0000000
vn -0.0000000 1.0000000 0.0000000
vn 0.0000000 -1.0000000 0.0000000
vn 0.0000000 0.0000000 1.0000000
vn 0.0000000 0.0000000 -1.0000000
vn 1.0000000 0.0000000 0.0000000
vn -1.0000000 0.0000000 0.0000000
vn -0.0000000 1.0000000 0.0000000
vn 0.0000000 -1.0000000 0.0000000
vn 0.0000000 0.0000000 1.0000000
vn 0.0000000 0.0000000 -1.0000000
vn 1.0000000 0.0000000 0.0000000
vn -1.0000000 0.0000000 0.0000000
vn -0.0000000 1.0000000 0.0000000
vn 0.0000000 -1.0000000 0.0000000
vn 0.0000000 0.0000000 1.0000000
vn 0.0000000 0.0000000 -1.0000000
vn 1.0000000 0.0000000 0.0000000
vn -1.0000000 0.0000000 0.0000000
vn -0.0000000 1.0000000 0.0000000
vn 0.0000000 -1.0000000 0.0000000
vn 0.0000000 -1.0000000 0.0000000
vn 0.0000000 0.0000000 1.0000000
vn 0.0000000 0.0000000 -1.0000000
vn 1.0000000 0.0000000 0.0000000
vn -1.0000000 0.0000000 0.0000000
vn -0.0000000 1.0000000 0.0000000
vn 0.0000000 -1.0000000 0.0000000
vn 0.0000000 0.0000000 1.0000000
vn 0.0000000 0.0000000 -1.0000000
vn 1.0000000 0.0000000 0.0000000
vn -1.0000000 0.0000000 0.0000000
vn -0.0000000 1.0000000 0.0000000
vn 0.0000000 -1.0000000 0.0000000
vn 0.0000000 0.0000000 1.0000000
vn 0.0000000 0.0000000 -1.0000000
vn 1.0000000 0.0000000 0.0000000
vn -1.0000000 0.0000000 0.0000000
vn -0.0000000 1.0000000 0.0000000
vn 0.0000000 -1.0000000 0.0000000
vn 0.0000000 0.0000000 1.0000000
vn 0.0000000 0.0000000 -1.0000000
vn 1.0000000 0.0000000 0.0000000
vn -1.0000000 0.0000000 0.0000000
vn -0.0000000 1.0000000 0.0000000
vn 0.0000000 -1.0000000 0.0000000
vn 0.0000000 0.0000000 1.0000000
vn 0.0000000 0.0000000 1.0000000
vn 0.0000000 0.0000000 1.0000000
vn 0.0000000 0.0000000 1.0000000
vn 0.0000000 0.0000000 1.0000000
vn 0.0000000 0.0000000 1.0000000
vn 0.0000000 0.0000000 1.0000000
vn 0.0000000 0.0000000 1.0000000
vn 0.0000000 0.0000000 1.0000000
vn 0.0000000 0.0000000 1.0000000
vn 0.0000000 0.0000000 1.0000000
vn 0.0000000 0.0000000 1.0000000
vn 0.0000000 0.0000000 1.0000000
vn 0.0000000 0.0000000 1.0000000
vn 0.0000000 0.0000000 1.0000000
vn 0.0000000 0.0000000 1.0000000
vn 0.0000000 0.0000000 1.0000000
vn 0.0000000 0.0000000 1.0000000
vn 0.0000000 0.0000000 1.0000000
vn 0.0000000 0.0000000 1.0000000
vn 0.0000000 0.0000000 1.0000000
vn 0.0000000 0.0000000 1.0000000
vn 0.0000000 0.0000000 1.0000000
vn 0.0000000 0.0000000 1.0000000
vn 0.0000000 0.0000000 1.0000000
vn 0.0000000 0.0000000 1.0000000
vn 0.0000000 0.0000000 1.0000000
vn 0.0000000 0.0000000 1.0000000
vn 0.0000000 0.0000000 1.0000000
vn 0.0000000 0.0000000 1.0000000
vn 0.0000000 0.0000000 1.0000000
vn 0.0000000 0.0000000 1.0000000
vn 0.0000000 0.0000000 1.0000000
vn 0.0000000 0.0000000 1.0000000
vn 0.0000000 0.0000000 1.0000000
vn 0.0000000 0.0000000 1.0000000
vn 0.0000000 0.0000000 1.0000000
vn 0.0000000 0.0000000 1.0000000
vn 0.0000000 0.0000000 1.0000000
vn 0.0000000 0.0000000 1.0000000
vn 0.0000000 0.0000000 -1.0000000
vn 0.0000000 0.0000000 -1.0000000
vn 0.0000000 0.0000000 -1.0000000
vn 0.0000000 0.0000000 -1.0000000
vn 0.0000000 0.0000000 -1.0000000
vn 0.0000000 0.0000000 -1.0000000
vn 0.0000000 0.0000000 -1.0000000
vn 0.0000000 0.0000000 -1.0000000
vn 0.0000000 0.0000000 -1.0000000
vn 0.0000000 0.0000000 -1.0000000
vn 0.0000000 0.0000000 -1.0000000
vn 0.0000000 0.0000000 -1.0000000
vn 0.0000000 0.0000000 -1.0000000
vn 0.0000000 0.0000000 -1.0000000
vn 0.0000000 0.0000000 -1.0000000
vn 0.0000000 0.0000000 -1.0000000
vn 0.0000000 0.0000000 -1.0000000
vn 0.0000000 0.0000000 -1.0000000
vn 0.0000000 0.0000000 -1.0000000
vn 0.0000000 0.0000000 -1.0000000
vn 0.0000000 0.0000000 -1.0000000
vn 0.0000000 0.0000000 -1.0000000
vn 0.0000000 0.0000000 -1.0000000
vn 0.0000000 0.0000000 -1.0000000
vn 0.0000000 0.0000000 -1.0000000
vn 0.0000000 0.0000000 -1.0000000
vn 0.0000000 0.0000000 -1.0000000
vn 0.0000000 0.0000000 -1.0000000
vn 0.0000000 0.0000000 -1.0000000
vn 0.0000000 0.0000000 -1.0000000
vn 0.0000000 0.0000000 -1.0000000
vn 0.0000000 0.0000000 -1.0000000
vn 0.0000000 0.0000000 -1.0000000
vn 0.0000000 0.0000000 -1.0000000
vn 0.0000000 0.0000000 -1.0000000
vn 0.0000000 0.0000000 -1.0000000
vn 0.0000000 0.0000000 -1.0000000
vn 0.0000000 0.0000000 -1.0000000
vn 0.0000000 0.0000000 -1.0000000
vn 0.0000000 0.0000000 -1.0000000
vn 1.0000000 0.0000000 0.0000000
vn 1.0000000 0.0000000 0.0000000
vn 1.0000000 0.0000000 0.0000000
vn 1.0000000 0.0000000 0.0000000
vn 1.0000000 0.0000000 0.0000000
vn 1.0000000 0.0000000 0.0000000
vn 1.0000000 0.0000000 0.0000000
vn 1.0000000 0.0000000 0.0000000
vn 1.0000000 0.0000000 0.0000000
vn 1.0000000 0.0000000 0.0000000
vn 1.0000000 0.0000000 0.0000000
vn 1.0000000 0.0000000 0.0000000
vn 1.0000000 0.0000000 0.0000000
vn 1.0000000 0.0000000 0.0000000
vn 1.0000000 0.0000000 0.0000000
vn 1.0000000 0.0000000 0.0000000
vn 1.0000000 0.0000000 0.0000000
vn 1.0000000 0.0000000 0.0000000
vn 1.0000000 0.0000000 0.0000000
vn 1.0000000 0.0000000 0.0000000
vn 1.0000000 0.0000000 0.0000000
vn 1.0000000 0.0000000 0.0000000
vn 1.0000000 0.0000000 0.0000000
vn 1.0000000 0.0000000 0.0000000
vn 1.0000000 0.0000000 0.0000000
vn 1.0000000 0.0000000 0.0000000
vn 1.0000000 0.0000000 0.0000000
vn 1.0000000 0.0000000 0.0000000
vn 1.0000000 0.0000000 0.0000000
vn 1.0000000 0.0000000 0.0000000
vn 1.0000000 0.0000000 0.0000000
vn 1.0000000 0.0000000 0.0000000
vn 1.0000000 0.0000000 0.0000000
vn 1.0000000 0.0000000 0.0000000
vn 1.0000000 0.0000000 0.0000000
vn 1.0000000 0.0000000 0.0000000
vn 1.0000000 0.0000000 0.0000000
vn 1.0000000 0.0000000 0.0000000
vn 1.0000000 0.0000000 0.0000000
vn 1.0000000 0.0000000 0.0000000
vn 1.0000000 0.0000000 0.0000000
vn 1.0000000 0.0000000 0.0000000
vn 1.0000000 0.0000000 0.0000000
vn 1.0000000 0.0000000 0.0000000
vn 1.0000000 0.0000000 0.0000000
vn 1.0000000 0.0000000 0.0000000
vn 1.0000000 0.0000000 0.0000000
vn 1.0000000 0.0000000 0.0000000
vn 1.0000000 0.0000000 0.0000000
vn 1.0000000 0.0000000 0.0000000
vn -1.0000000 0.0000000 0.0000000
vn -1.0000000 0.0000000 0.0000000
vn -1.0000000 0.0000000 0.0000000
vn -1.0000000 0.0000000 0.0000000
vn -1.0000000 0.0000000 0.0000000
vn -1.0000000 0.0000000 0.0000000
vn -1.0000000 0.0000000 0.0000000
vn -1.0000000 0.0000000 0.0000000
vn -1.0000000 0.0000000 0.0000000
vn -1.0000000 0.0000000 0.0000000
vn -1.0000000 0.0000000 0.0000000
vn -1.0000000 0.0000000 0.0000000
vn -1.0000000 0.0000000 0.0000000
vn -1.0000000 0.0000000 0.0000000
vn -1.0000000 0.0000000 0.0000000
vn -1.0000000 0.0000000 0.0000000
vn -1.0000000 0.0000000 0.0000000
vn -1.0000000 0.0000000 0.0000000
vn -1.0000000 0.0000000 0.0000000
vn -1.0000000 0.0000000 0.0000000
vn -1.0000000 0.0000000 0.0000000
vn -1.0000000 0.0000000 0.0000000
vn -1.0000000 0.0000000 0.0000000
vn -1.0000000 0.0000000 0.0000000
vn -1.0000000 0.0000000 0.0000000
vn -1.0000000 0.0000000 0.0000000
vn -1.0000000 0.0000000 0.0000000
vn -1.0000000 0.0000000 0.0000000
vn -1.0000000 0.0000000 0.0000000
vn -1.0000000 0.0000000 0.0000000
vn -1.0000000 0.0000000 0.0000000
vn -1.0000000 0.0000000 0.0000000
vn -1.0000000 0.0000000 0.0000000
vn -1.0000000 0.0000000 0.0000000
vn -1.0000000 0.0000000 0.0000000
vn -1.0000000 0.0000000 0.0000000
vn -1.0000000 0.0000000 0.0000000
vn -1.0000000 0.0000000 0.0000000
vn -1.0000000 0.0000000 0.0000000
vn -1.0000000 0.0000000 0.0000000
vn -1.0000000 0.0000000 0.0000000
vn -1.0000000 0.0000000 0.0000000
vn -1.0000000 0.0000000 0.0000000
vn -1.0000000 0.0000000 0.0000000
vn -1.0000000 0.0000000 0.0000000
vn -1.0000000 0.0000000 0.0000000
vn -1.0000000 0.0000000 0.0000000
vn -1.0000000 0.0000000 0.0000000
vn -1.0000000 0.0000000 0.0000000
vn -1.0000000 0.0000000 0.0000000
vn 0.0000000 0.0000000 1.0000000
vn 0.0000000 0.0000000 -1.0000000
vn 1.0000000 0.0000000 0.0000000
vn -1.0000000 0.0000000 0.0000000
vn -0.0000000 1.0000000 0.0000000
vn 0.0000000 -1.0000000 0.0000000
vn 0.0000000 -1.0000000 0.0000000
vn 0.0000000 0.0000000 1.0000000
vn 0.0000000 0.0000000 -1.0000000
vn 1.0000000 0.0000000 0.0000000
vn -1.0000000 0.0000000 0.0000000
vn -0.0000000 1.0000000 0.0000000
vn 0.0000000 -1.0000000 0.0000000
vn 0.0000000 0.0000000 1.0000000
vn 0.0000000 0.0000000 -1.0000000
vn 1.0000000 0.0000000 0.0000000
vn -1.0000000 0.0000000 0.0000000
vn -0.0000000 1.0000000 0.0000000
vn 0.0000000 -1.0000000 0.0000000
vn 0.0000000 0.0000000 1.0000000
vn 0.0000000 0.0000000 -1.0000000
vn 1.0000000 0.0000000 0.0000000
vn -1.0000000 0.0000000 0.0000000
vn -0.0000000 1.0000000 0.0000000
vn 0.0000000 -1.0000000 0.0000000
vn 0.0000000 0.0000000 1.0000000
vn 0.0000000 0.0000000 -1.0000000
vn 1.0000000 0.0000000 0.0000000
vn -1.0000000 0.0000000 0.0000000
vn -0.0000000 1.0000000 0.0000000
vn 0.0000000 -1.0000000 0.0000000
vn 0.0000000 0.0000000 1.0000000
vn 0.0000000 0.0000000 -1.0000000
vn 1.0000000 0.0000000 0.0000000
vn -1.0000000 0.0000000 0.0000000
vn -0.0000000 1.0000000 0.0000000
vn 0.0000000 -1.0000000 0.0000000
usemtl Building
f 1//1 2//1 3//1 4//1
f 5//2 6//2 7//2 8//2
f 9//3 10//3 11//3 12//3
f 13//4 14//4 15//4 16//4
usemtl Glass
f 17//5 18//5 19//5 20//5
usemtl Building
f 21//6 22//6 23//6 24//6
f 25//7 26//7 27//7 28//7
f 29//8 30//8 31//8 32//8
f 33//9 34//9 35//9 36//9
usemtl Glass
f 37//10 38//10 39//10 40//10
usemtl Building
f 41//11 42//11 43//11 44//11
f 45//12 46//12 47//12 48//12
f 49//13 50//13 51//13 52//13
f 53//14 54//14 55//14 56//14
usemtl Glass
f 57//15 58//15 59//15 60//15
usemtl Building
f 61//16 62//16 63//16 64//16
f 65//17 66//17 67//17 68//17
f 69//18 70//18 71//18 72//18
f 73//19 74//19 75//19 76//19
usemtl Glass
f 77//20 78//20 79//20 80//20
usemtl Building
f 81//21 82//21 83//21 84//21
f 85//22 86//22 87//22 88//22
f 89//23 90//23 91//23 92//23
f 93//24 94//24 95//24 96//24
usemtl Glass
f 97//25 98//25 99//25 100//25
usemtl Building
f 101//26 102//26 103//26 104//26
f 105//27 106//27 107//27 108//27
f 109//28 110//28 111//28 112//28
f 113//29 114//29 115//29 116//29
usemtl Glass
f 117//30 118//30 119//30 120//30
usemtl Building
f 121//31 122//31 123//31 124//31
f 125//32 126//32 127//32 128//32
f 129//33 130//33 131//33 132//33
f 133//34 134//34 135//34 136//34
usemtl Glass
f 137//35 138//35 139//35 140//35
usemtl Building
f 141//36 142//36 143//36 144//36
f 145//37 146//37 147//37 148//37
f 149//38 150//38 151//38 152//38
f 153//39 154//39 155//39 156//39
usemtl Glass
f 157//40 158//40 159//40 160//40
usemtl Building
f 161//41 162//41 163//41 164//41
f 165//42 166//42 167//42 168//42
f 169//43 170//43 171//43 172//43
f 173//44 174//44 175//44 176//44
usemtl Glass
f 177//45 178//45 179//45 180//45
usemtl Building
f 181//46 182//46 183//46 184//46
f 185//47 186//47 187//47 188//47
f 189//48 190//48 191//48 192//48
f 193//49 194//49 195//49 196//49
usemtl Glass
f 197//50 198//50 199//50 200//50
usemtl Building
f 201//51 202//51 203//51 204//51
f 205//52 206//52 207//52 208//52
f 209//53 210//53 211//53 212//53
f 213//54 214//54 215//54 216//54
usemtl Glass
f 217//55 218//55 219//55 220//55
usemtl Building
f 221//56 222//56 223//56 224//56
f 225//57 226//57 227//57 228//57
f 229//58 230//58 231//58 232//58
f 233//59 234//59 235//59 236//59
usemtl Glass
f 237//60 238//60 239//60 240//60
usemtl Building
f 241//61 242//61 243//61 244//61
f 245//62 246//62 247//62 248//62
f 249//63 250//63 251//63 252//63
f 253//64 254//64 255//64 256//64
usemtl Glass
f 257//65 258//65 259//65 260//65
usemtl Building
f 261//66 262//66 263//66 264//66
f 265//67 266//67 267//67 268//67
f 269//68 270//68 271//68 272//68
f 273//69 274//69 275//69 276//69
usemtl Glass
f 277//70 278//70 279//70 280//70
usemtl Building
f 281//71 282//71 283//71 284//71
f 285//72 286//72 287//72 288//72
f 289//73 290//73 291//73 292//73
f 293//74 294//74 295//74 296//74
usemtl Glass
f 297//75 298//75 299//75 300//75
usemtl Building
f 301//76 302//76 303//76 304//76
f 305//77 306//77 307//77 308//77
f 309//78 310//78 311//78 312//78
f 313//79 314//79 315//79 316//79
usemtl Glass
f 317//80 318//80 319//80 320//80
usemtl Building
f 321//81 322//81 323//81 324//81
f 325//82 326//82 327//82 328//82
f 329//83 330//83 331//83 332//83
f 333//84 334//84 335//84 336//84
usemtl Glass
f 337//85 338//85 339//85 340//85
usemtl Building
f 341//86 342//86 343//86 344//86
f 345//87 346//87 347//87 348//87
f 349//88 350//88 351//88 352//88
f 353//89 354//89 355//89 356//89
usemtl Glass
f 357//90 358//90 359//90 360//90
usemtl Building
f 361//91 362//91 363//91 364//91
f 365//92 366//92 367//92 368//92
f 369//93 370//93 371//93 372//93
f 373//94 374//94 375//94 376//94
usemtl Glass
f 377//95 378//95 379//95 380//95
usemtl Building
f 381//96 382//96 383//96 384//96
f 385//97 386//97 387//97 388//97
f 389//98 390//98 391//98 392//98
f 393//99 394//99 395//99 396//99
usemtl Glass
f 397//100 398//100 399//100 400//100
usemtl Building
f 401//101 402//101 403//101 404//101
f 405//102 406//102 407//102 408//102
f 409//103 410//103 411//103 412//103
f 413//104 414//104 415//104 416//104
usemtl Glass
f 417//105 418//105 419//105 420//105
usemtl Building
f 421//106 422//106 423//106 424//106
f 425//107 426//107 427//107 428//107
f 429//108 430//108 431//108 432//108
f 433//109 434//109 435//109 436//109
usemtl Glass
f 437//110 438//110 439//110 440//110
usemtl Building
f 441//111 442//111 443//111 444//111
f 445//112 446//112 447//112 448//112
f 449//113 450//113 451//113 452//113
f 453//114 454//114 455//114 456//114
usemtl Glass
f 457//115 458//115 459//115 460//115
usemtl Building
f 461//116 462//116 463//116 464//116
f 465//117 466//117 467//117 468//117
f 469//118 470//118 471//118 472//118
f 473//119 474//119 475//119 476//119
usemtl Glass
f 477//120 478//120 479//120 480//120
usemtl Building
f 481//121 482//121 483//121 484//121
f 485//122 486//122 487//122 488//122
f 489//123 490//123 491//123 492//123
f 493//124 494//124 495//124 496//124
usemtl Glass
f 497//125 498//125 499//125 500//125
usemtl Building
f 501//126 502//126 503//126 504//126
f 505//127 506//127 507//127 508//127
f 509//128 510//128 511//128 512//128
f 513//129 514//129 515//129 516//129
usemtl Glass
f 517//130 518//130 519//130 520//130
usemtl Building
f 521//131 522//131 523//131 524//131
f 525//132 526//132 527//132 528//132
f 529//133 530//133 531//133 532//133
f 533//134 534//134 535//134 536//134
usemtl Glass
f 537//135 538//135 539//135 540//135
usemtl Building
f 541//136 542//136 543//136 544//136
f 545//137 546//137 547//137 548//137
f 549//138 550//138 551//138 552//138
f 553//139 554//139 555//139 556//139
usemtl Glass
f 557//140 558//140 559//140 560//140
usemtl Building
f 561//141 562//141 563//141 564//141
f 565//142 566//142 567//142 568//142
f 569//143 570//143 571//143 572//143
f 573//144 574//144 575//144 576//144
usemtl Glass
f 577//145 578//145 579//145 580//145
usemtl Building
f 581//146 582//146 583//146 584//146
f 585//147 586//147 587//147 588//147
f 589//148 590//148 591//148 592//148
f 593//149 594//149 595//149 596//149
usemtl Glass
f 597//150 598//150 599//150 600//150
usemtl Building
f 601//151 602//151 603//151 604//151
f 605//152 606//152 607//152 608//152
f 609//153 610//153 611//153 612//153
f 613//154 614//154 615//154 616//154
usemtl Glass
f 617//155 618//155 619//155 620//155
usemtl Building
f 621//156 622//156 623//156 624//156
f 625//157 626//157 627//157 628//157
f 629//158 630//158 631//158 632//158
f 633//159 634//159 635//159 636//159
usemtl Glass
f 637//160 638//160 639//160 640//160
usemtl Building
f 641//161 642//161 643//161 644//161
f 645//162 646//162 647//162 648//162
f 649//163 650//163 651//163 652//163
f 653//164 654//164 655//164 656//164
usemtl Glass
f 657//165 658//165 659//165 660//165
usemtl Building
f 661//166 662//166 663//166 664//166
f 665//167 666//167 667//167 668//167
f 669//168 670//168 671//168 672//168
f 673//169 674//169 675//169 676//169
usemtl Glass
f 677//170 678//170 679//170 680//170
usemtl Building
f 681//171 682//171 683//171 684//171
f 685//172 686//172 687//172 688//172
f 689//173 690//173 691//173 692//173
f 693//174 694//174 695//174 696//174
usemtl Glass
f 697//175 698//175 699//175 700//175
usemtl Building
f 701//176 702//176 703//176 704//176
f 705//177 706//177 707//177 708//177
f 709//178 710//178 711//178 712//178
f 713//179 714//179 715//179 716//179
usemtl Glass
f 717//180 718//180 719//180 720//180
usemtl Building
f 721//181 722//181 723//181 724//181
f 725//182 726//182 727//182 728//182
f 729//183 730//183 731//183 732//183
f 733//184 734//184 735//184 736//184
usemtl Glass
f 737//185 738//185 739//185 740//185
usemtl Building
f 741//186 742//186 743//186 744//186
f 745//187 746//187 747//187 748//187
f 749//188 750//188 751//188 752//188
f 753//189 754//189 755//189 756//189
usemtl Glass
f 757//190 758//190 759//190 760//190
usemtl Building
f 761//191 762//191 763//191 764//191
f 765//192 766//192 767//192 768//192
f 769//193 770//193 771//193 772//193
f 773//194 774//194 775//194 776//194
usemtl Glass
f 777//195 778//195 779//195 780//195
usemtl Building
f 781//196 782//196 783//196 784//196
f 785//197 786//197 787//197 788//197
f 789//198 790//198 791//198 792//198
f 793//199 794//199 795//199 796//199
usemtl Glass
f 797//200 798//200 799//200 800//200
usemtl Building
f 801//201 802//201 803//201 804//201
f 805//202 806//202 807//202 808//202
f 809//203 810//203 811//203 812//203
f 813//204 814//204 815//204 816//204
usemtl Glass
f 817//205 818//205 819//205 820//205
usemtl Building
f 821//206 822//206 823//206 824//206
f 825//207 826//207 827//207 828//207
f 829//208 830//208 831//208 832//208
f 833//209 834//209 835//209 836//209
usemtl Glass
f 837//210 838//210 839//210 840//210
usemtl Building
f 841//211 842//211 843//211 844//211
f 845//212 846//212 847//212 848//212
f 849//213 850//213 851//213 852//213
f 853//214 854//214 855//214 856//214
usemtl Glass
f 857//215 858//215 859//215 860//215
usemtl Building
f 861//216 862//216 863//216 864//216
f 865//217 866//217 867//217 868//217
f 869//218 870//218 871//218 872//218
f 873//219 874//219 875//219 876//219
usemtl Glass
f 877//220 878//220 879//220 880//220
usemtl Building
f 881//221 882//221 883//221 884//221
f 885//222 886//222 887//222 888//222
f 889//223 890//223 891//223 892//223
f 893//224 894//224 895//224 896//224
usemtl Glass
f 897//225 898//225 899//225 900//225
usemtl Building
f 901//226 902//226 903//226 904//226
f 905//227 906//227 907//227 908//227
f 909//228 910//228 911//228 912//228
f 913//229 914//229 915//229 916//229
usemtl Glass
f 917//230 918//230 919//230 920//230
usemtl Building
f 921//231 922//231 923//231 924//231
f 925//232 926//232 927//232 928//232
f 929//233 930//233 931//233 932//233
f 933//234 934//234 935//234 936//234
usemtl Glass
f 937//235 938//235 939//235 940//235
usemtl Building
f 941//236 942//236 943//236 944//236
f 945//237 946//237 947//237 948//237
f 949//238 950//238 951//238 952//238
f 953//239 954//239 955//239 956//239
usemtl Glass
f 957//240 958//240 959//240 960//240
usemtl Building
f 961//241 962//241 963//241 964//241
f 965//242 966//242 967//242 968//242
f 969//243 970//243 971//243 972//243
f 973//244 974//244 975//244 976//244
usemtl Glass
f 977//245 978//245 979//245 980//245
usemtl Building
f 981//246 982//246 983//246 984//246
f 985//247 986//247 987//247 988//247
f 989//248 990//248 991//248 992//248
f 993//249 994//249 995//249 996//249
usemtl Glass
f 997//250 998//250 999//250 1000//250
usemtl Building
f 1001//251 1002//251 1003//251 1004//251
f 1005//252 1006//252 1007//252 1008//252
f 1009//253 1010//253 1011//253 1012//253
f 1013//254 1014//254 1015//254 1016//254
usemtl Glass
f 1017//255 1018//255 1019//255 1020//255
usemtl Building
f 1021//256 1022//256 1023//256 1024//256
f 1025//257 1026//257 1027//257 1028//257
f 1029//258 1030//258 1031//258 1032//258
f 1033//259 1034//259 1035//259 1036//259
usemtl Glass
f 1037//260 1038//260 1039//260 1040//260
usemtl Building
f 1041//261 1042//261 1043//261 1044//261
f 1045//262 1046//262 1047//262 1048//262
f 1049//263 1050//263 1051//263 1052//263
f 1053//264 1054//264 1055//264 1056//264
usemtl Glass
f 1057//265 1058//265 1059//265 1060//265
usemtl Building
f 1061//266 1062//266 1063//266 1064//266
f 1065//267 1066//267 1067//267 1068//267
f 1069//268 1070//268 1071//268 1072//268
f 1073//269 1074//269 1075//269 1076//269
usemtl Glass
f 1077//270 1078//270 1079//270 1080//270
usemtl Building
f 1081//271 1082//271 1083//271 1084//271
f 1085//272 1086//272 1087//272 1088//272
f 1089//273 1090//273 1091//273 1092//273
f 1093//274 1094//274 1095//274 1096//274
usemtl Glass
f 1097//275 1098//275 1099//275 1100//275
usemtl Building
f 1101//276 1102//276 1103//276 1104//276
f 1105//277 1106//277 1107//277 1108//277
f 1109//278 1110//278 1111//278 1112//278
f 1113//279 1114//279 1115//279 1116//279
usemtl Glass
f 1117//280 1118//280 1119//280 1120//280
usemtl Building
f 1121//281 1122//281 1123//281 1124//281
f 1125//282 1126//282 1127//282 1128//282
f 1129//283 1130//283 1131//283 1132//283
f 1133//284 1134//284 1135//284 1136//284
usemtl Glass
f 1137//285 1138//285 1139//285 1140//285
usemtl Building
f 1141//286 1142//286 1143//286 1144//286
f 1145//287 1146//287 1147//287 1148//287
f 1149//288 1150//288 1151//288 1152//288
f 1153//289 1154//289 1155//289 1156//289
usemtl Glass
f 1157//290 1158//290 1159//290 1160//290
usemtl Building
f 1161//291 1162//291 1163//291 1164//291
f 1165//292 1166//292 1167//292 1168//292
f 1169//293 1170//293 1171//293 1172//293
f 1173//294 1174//294 1175//294 1176//294
usemtl Glass
f 1177//295 1178//295 1179//295 1180//295
usemtl Building
f 1181//296 1182//296 1183//296 1184//296
f 1185//297 1186//297 1187//297 1188//297
f 1189//298 1190//298 1191//298 1192//298
f 1193//299 1194//299 1195//299 1196//299
usemtl Glass
f 1197//300 1198//300 1199//300 1200//300
usemtl Building
f 1201//301 1202//301 1203//301 1204//301
f 1205//302 1206//302 1207//302 1208//302
f 1209//303 1210//303 1211//303 1212//303
f 1213//304 1214//304 1215//304 1216//304
usemtl Glass
f 1217//305 1218//305 1219//305 1220//305
usemtl Building
f 1221//306 1222//306 1223//306 1224//306
f 1225//307 1226//307 1227//307 1228//307
f 1229//308 1230//308 1231//308 1232//308
f 1233//309 1234//309 1235//309 1236//309
usemtl Glass
f 1237//310 1238//310 1239//310 1240//310
usemtl Building
f 1241//311 1242//311 1243//311 1244//311
f 1245//312 1246//312 1247//312 1248//312
f 1249//313 1250//313 1251//313 1252//313
f 1253//314 1254//314 1255//314 1256//314
usemtl Glass
f 1257//315 1258//315 1259//315 1260//315
usemtl Building
f 1261//316 1262//316 1263//316 1264//316
f 1265//317 1266//317 1267//317 1268//317
f 1269//318 1270//318 1271//318 1272//318
f 1273//319 1274//319 1275//319 1276//319
usemtl Glass
f 1277//320 1278//320 1279//320 1280//320
usemtl Building
f 1281//321 1282//321 1283//321 1284//321
f 1285//322 1286//322 1287//322 1288//322
f 1289//323 1290//323 1291//323 1292//323
f 1293//324 1294//324 1295//324 1296//324
usemtl Glass
f 1297//325 1298//325 1299//325 1300//325
usemtl Building
f 1301//326 1302//326 1303//326 1304//326
f 1305//327 1306//327 1307//327 1308//327
f 1309//328 1310//328 1311//328 1312//328
f 1313//329 1314//329 1315//329 1316//329
usemtl Glass
f 1317//330 1318//330 1319//330 1320//330
usemtl Building
f 1321//331 1322//331 1323//331 1324//331
f 1325//332 1326//332 1327//332 1328//332
f 1329//333 1330//333 1331//333 1332//333
f 1333//334 1334//334 1335//334 1336//334
usemtl Glass
f 1337//335 1338//335 1339//335 1340//335
usemtl Building
f 1341//336 1342//336 1343//336 1344//336
f 1345//337 1346//337 1347//337 1348//337
f 1349//338 1350//338 1351//338 1352//338
f 1353//339 1354//339 1355//339 1356//339
usemtl Glass
f 1357//340 1358//340 1359//340 1360//340
usemtl Building
f 1361//341 1362//341 1363//341 1364//341
f 1365//342 1366//342 1367//342 1368//342
f 1369//343 1370//343 1371//343 1372//343
f 1373//344 1374//344 1375//344 1376//344
usemtl Glass
f 1377//345 1378//345 1379//345 1380//345
usemtl Building
f 1381//346 1382//346 1383//346 1384//346
f 1385//347 1386//347 1387//347 1388//347
f 1389//348 1390//348 1391//348 1392//348
f 1393//349 1394//349 1395//349 1396//349
usemtl Glass
f 1397//350 1398//350 1399//350 1400//350
usemtl Building
f 1401//351 1402//351 1403//351 1404//351
f 1405//352 1406//352 1407//352 1408//352
f 1409//353 1410//353 1411//353 1412//353
f 1413//354 1414//354 1415//354 1416//354
usemtl Glass
f 1417//355 1418//355 1419//355 1420//355
usemtl Building
f 1421//356 1422//356 1423//356 1424//356
f 1425//357 1426//357 1427//357 1428//357
f 1429//358 1430//358 1431//358 1432//358
f 1433//359 1434//359 1435//359 1436//359
usemtl Glass
f 1437//360 1438//360 1439//360 1440//360
usemtl Building
f 1441//361 1442//361 1443//361 1444//361
f 1445//362 1446//362 1447//362 1448//362
f 1449//363 1450//363 1451//363 1452//363
f 1453//364 1454//364 1455//364 1456//364
usemtl Glass
f 1457//365 1458//365 1459//365 1460//365
usemtl Building
f 1461//366 1462//366 1463//366 1464//366
f 1465//367 1466//367 1467//367 1468//367
f 1469//368 1470//368 1471//368 1472//368
f 1473//369 1474//369 1475//369 1476//369
usemtl Glass
f 1477//370 1478//370 1479//370 1480//370
usemtl Building
f 1481//371 1482//371 1483//371 1484//371
f 1485//372 1486//372 1487//372 1488//372
f 1489//373 1490//373 1491//373 1492//373
f 1493//374 1494//374 1495//374 1496//374
usemtl Glass
f 1497//375 1498//375 1499//375 1500//375
usemtl Building
f 1501//376 1502//376 1503//376 1504//376
f 1505//377 1506//377 1507//377 1508//377
f 1509//378 1510//378 1511//378 1512//378
f 1513//379 1514//379 1515//379 1516//379
usemtl Glass
f 1517//380 1518//380 1519//380 1520//380
usemtl Building
f 1521//381 1522//381 1523//381 1524//381
f 1525//382 1526//382 1527//382 1528//382
f 1529//383 1530//383 1531//383 1532//383
f 1533//384 1534//384 1535//384 1536//384
usemtl Glass
f 1537//385 1538//385 1539//385 1540//385
usemtl Building
f 1541//386 1542//386 1543//386 1544//386
f 1545//387 1546//387 1547//387 1548//387
f 1549//388 1550//388 1551//388 1552//388
f 1553//389 1554//389 1555//389 1556//389
usemtl Glass
f 1557//390 1558//390 1559//390 1560//390
usemtl Building
f 1561//391 1562//391 1563//391 1564//391
f 1565//392 1566//392 1567//392 1568//392
f 1569//393 1570//393 1571//393 1572//393
f 1573//394 1574//394 1575//394 1576//394
usemtl Glass
f 1577//395 1578//395 1579//395 1580//395
usemtl Building
f 1581//396 1582//396 1583//396 1584//396
f 1585//397 1586//397 1587//397 1588//397
f 1589//398 1590//398 1591//398 1592//398
f 1593//399 1594//399 1595//399 1596//399
usemtl Glass
f 1597//400 1598//400 1599//400 1600//400
usemtl Building
f 1601//401 1602//401 1603//401 1604//401
f 1605//402 1606//402 1607//402 1608//402
f 1609//403 1610//403 1611//403 1612//403
f 1613//404 1614//404 1615//404 1616//404
usemtl Glass
f 1617//405 1618//405 1619//405 1620//405
usemtl Building
f 1621//406 1622//406 1623//406 1624//406
f 1625//407 1626//407 1627//407 1628//407
f 1629//408 1630//408 1631//408 1632//408
f 1633//409 1634//409 1635//409 1636//409
usemtl Glass
f 1637//410 1638//410 1639//410 1640//410
usemtl Building
f 1641//411 1642//411 1643//411 1644//411
f 1645//412 1646//412 1647//412 1648//412
f 1649//413 1650//413 1651//413 1652//413
f 1653//414 1654//414 1655//414 1656//414
usemtl Glass
f 1657//415 1658//415 1659//415 1660//415
usemtl Building
f 1661//416 1662//416 1663//416 1664//416
f 1665//417 1666//417 1667//417 1668//417
f 1669//418 1670//418 1671//418 1672//418
f 1673//419 1674//419 1675//419 1676//419
usemtl Glass
f 1677//420 1678//420 1679//420 1680//420
usemtl Building
f 1681//421 1682//421 1683//421 1684//421
f 1685//422 1686//422 1687//422 1688//422
f 1689//423 1690//423 1691//423 1692//423
f 1693//424 1694//424 1695//424 1696//424
usemtl Glass
f 1697//425 1698//425 1699//425 1700//425
usemtl Building
f 1701//426 1702//426 1703//426 1704//426
f 1705//427 1706//427 1707//427 1708//427
f 1709//428 1710//428 1711//428 1712//428
f 1713//429 1714//429 1715//429 1716//429
usemtl Glass
f 1717//430 1718//430 1719//430 1720//430
usemtl Building
f 1721//431 1722//431 1723//431 1724//431
f 1725//432 1726//432 1727//432 1728//432
f 1729//433 1730//433 1731//433 1732//433
f 1733//434 1734//434 1735//434 1736//434
usemtl Glass
f 1737//435 1738//435 1739//435 1740//435
usemtl Building
f 1741//436 1742//436 1743//436 1744//436
f 1745//437 1746//437 1747//437 1748//437
f 1749//438 1750//438 1751//438 1752//438
f 1753//439 1754//439 1755//439 1756//439
usemtl Glass
f 1757//440 1758//440 1759//440 1760//440
usemtl Building
f 1761//441 1762//441 1763//441 1764//441
f 1765//442 1766//442 1767//442 1768//442
f 1769//443 1770//443 1771//443 1772//443
f 1773//444 1774//444 1775//444 1776//444
usemtl Glass
f 1777//445 1778//445 1779//445 1780//445
usemtl Building
f 1781//446 1782//446 1783//446 1784//446
f 1785//447 1786//447 1787//447 1788//447
f 1789//448 1790//448 1791//448 1792//448
f 1793//449 1794//449 1795//449 1796//449
usemtl Glass
f 1797//450 1798//450 1799//450 1800//450
usemtl Building
f 1801//451 1802//451 1803//451 1804//451
f 1805//452 1806//452 1807//452 1808//452
f 1809//453 1810//453 1811//453 1812//453
f 1813//454 1814//454 1815//454 1816//454
usemtl Glass
f 1817//455 1818//455 1819//455 1820//455
usemtl Building
f 1821//456 1822//456 1823//456 1824//456
f 1825//457 1826//457 1827//457 1828//457
f 1829//458 1830//458 1831//458 1832//458
f 1833//459 1834//459 1835//459 1836//459
usemtl Glass
f 1837//460 1838//460 1839//460 1840//460
usemtl Building
f 1841//461 1842//461 1843//461 1844//461
f 1845//462 1846//462 1847//462 1848//462
f 1849//463 1850//463 1851//463 1852//463
f 1853//464 1854//464 1855//464 1856//464
usemtl Glass
f 1857//465 1858//465 1859//465 1860//465
usemtl Building
f 1861//466 1862//466 1863//466 1864//466
f 1865//467 1866//467 1867//467 1868//467
f 1869//468 1870//468 1871//468 1872//468
f 1873//469 1874//469 1875//469 1876//469
usemtl Glass
f 1877//470 1878//470 1879//470 1880//470
usemtl Building
f 1881//471 1882//471 1883//471 1884//471
f 1885//472 1886//472 1887//472 1888//472
f 1889//473 1890//473 1891//473 1892//473
f 1893//474 1894//474 1895//474 1896//474
usemtl Glass
f 1897//475 1898//475 1899//475 1900//475
usemtl Building
f 1901//476 1902//476 1903//476 1904//476
f 1905//477 1906//477 1907//477 1908//477
f 1909//478 1910//478 1911//478 1912//478
f 1913//479 1914//479 1915//479 1916//479
usemtl Glass
f 1917//480 1918//480 1919//480 1920//480
usemtl Building
f 1921//481 1922//481 1923//481 1924//481
f 1925//482 1926//482 1927//482 1928//482
f 1929//483 1930//483 1931//483 1932//483
f 1933//484 1934//484 1935//484 1936//484
usemtl Glass
f 1937//485 1938//485 1939//485 1940//485
usemtl Building
f 1941//486 1942//486 1943//486 1944//486
f 1945//487 1946//487 1947//487 1948//487
f 1949//488 1950//488 1951//488 1952//488
f 1953//489 1954//489 1955//489 1956//489
usemtl Glass
f 1957//490 1958//490 1959//490 1960//490
usemtl Building
f 1961//491 1962//491 1963//491 1964//491
f 1965//492 1966//492 1967//492 1968//492
f 1969//493 1970//493 1971//493 1972//493
f 1973//494 1974//494 1975//494 1976//494
usemtl Glass
f 1977//495 1978//495 1979//495 1980//495
usemtl Building
f 1981//496 1982//496 1983//496 1984//496
f 1985//497 1986//497 1987//497 1988//497
f 1989//498 1990//498 1991//498 1992//498
f 1993//499 1994//499 1995//499 1996//499
usemtl Glass
f 1997//500 1998//500 1999//500 2000//500
usemtl Building
f 2001//501 2002//501 2003//501 2004//501
f 2005//502 2006//502 2007//502 2008//502
f 2009//503 2010//503 2011//503 2012//503
f 2013//504 2014//504 2015//504 2016//504
usemtl Glass
f 2017//505 2018//505 2019//505 2020//505
usemtl Building
f 2021//506 2022//506 2023//506 2024//506
f 2025//507 2026//507 2027//507 2028//507
f 2029//508 2030//508 2031//508 2032//508
f 2033//509 2034//509 2035//509 2036//509
usemtl Glass
f 2037//510 2038//510 2039//510 2040//510
usemtl Building
f 2041//511 2042//511 2043//511 2044//511
f 2045//512 2046//512 2047//512 2048//512
f 2049//513 2050//513 2051//513 2052//513
f 2053//514 2054//514 2055//514 2056//514
usemtl Glass
f 2057//515 2058//515 2059//515 2060//515
usemtl Building
f 2061//516 2062//516 2063//516 2064//516
f 2065//517 2066//517 2067//517 2068//517
f 2069//518 2070//518 2071//518 2072//518
f 2073//519 2074//519 2075//519 2076//519
usemtl Glass
f 2077//520 2078//520 2079//520 2080//520
usemtl Building
f 2081//521 2082//521 2083//521 2084//521
f 2085//522 2086//522 2087//522 2088//522
f 2089//523 2090//523 2091//523 2092//523
f 2093//524 2094//524 2095//524 2096//524
usemtl Glass
f 2097//525 2098//525 2099//525 2100//525
usemtl Building
f 2101//526 2102//526 2103//526 2104//526
f 2105//527 2106//527 2107//527 2108//527
f 2109//528 2110//528 2111//528 2112//528
f 2113//529 2114//529 2115//529 2116//529
usemtl Glass
f 2117//530 2118//530 2119//530 2120//530
usemtl Building
f 2121//531 2122//531 2123//531 2124//531
f 2125//532 2126//532 2127//532 2128//532
f 2129//533 2130//533 2131//533 2132//533
f 2133//534 2134//534 2135//534 2136//534
usemtl Glass
f 2137//535 2138//535 2139//535 2140//535
usemtl Building
f 2141//536 2142//536 2143//536 2144//536
f 2145//537 2146//537 2147//537 2148//537
f 2149//538 2150//538 2151//538 2152//538
f 2153//539 2154//539 2155//539 2156//539
usemtl Glass
f 2157//540 2158//540 2159//540 2160//540
usemtl Building
f 2161//541 2162//541 2163//541 2164//541
f 2165//542 2166//542 2167//542 2168//542
f 2169//543 2170//543 2171//543 2172//543
f 2173//544 2174//544 2175//544 2176//544
usemtl Glass
f 2177//545 2178//545 2179//545 2180//545
usemtl Building
f 2181//546 2182//546 2183//546 2184//546
f 2185//547 2186//547 2187//547 2188//547
f 2189//548 2190//548 2191//548 2192//548
f 2193//549 2194//549 2195//549 2196//549
usemtl Glass
f 2197//550 2198//550 2199//550 2200//550
usemtl Building
f 2201//551 2202//551 2203//551 2204//551
f 2205//552 2206//552 2207//552 2208//552
f 2209//553 2210//553 2211//553 2212//553
f 2213//554 2214//554 2215//554 2216//554
usemtl Glass
f 2217//555 2218//555 2219//555 2220//555
usemtl Building
f 2221//556 2222//556 2223//556 2224//556
f 2225//557 2226//557 2227//557 2228//557
f 2229//558 2230//558 2231//558 2232//558
f 2233//559 2234//559 2235//559 2236//559
usemtl Glass
f 2237//560 2238//560 2239//560 2240//560
usemtl Building
f 2241//561 2242//561 2243//561 2244//561
f 2245//562 2246//562 2247//562 2248//562
f 2249//563 2250//563 2251//563 2252//563
f 2253//564 2254//564 2255//564 2256//564
f 2257//565 2258//565 2259//565 2260//565
f 2261//566 2262//566 2263//566 2264//566
f 2265//567 2266//567 2267//567 2268//567
f 2269//568 2270//568 2271//568 2272//568
f 2273//569 2274//569 2275//569 2276//569
f 2277//570 2278//570 2279//570 2280//570
f 2281//571 2282//571 2283//571 2284//571
f 2285//572 2286//572 2287//572 2288//572
f 2289//573 2290//573 2291//573 2292//573
f 2293//574 2294//574 2295//574 2296//574
f 2297//575 2298//575 2299//575 2300//575
f 2301//576 2302//576 2303//576 2304//576
f 2305//577 2306//577 2307//577 2308//577
f 2309//578 2310//578 2311//578 2312//578
f 2313//579 2314//579 2315//579 2316//579
f 2317//580 2318//580 2319//580 2320//580
f 2321//581 2322//581 2323//581 2324//581
f 2325//582 2326//582 2327//582 2328//582
f 2329//583 2330//583 2331//583 2332//583
f 2333//584 2334//584 2335//584 2336//584
f 2337//585 2338//585 2339//585 2340//585
f 2341//586 2342//586 2343//586 2344//586
f 2345//587 2346//587 2347//587 2348//587
f 2349//588 2350//588 2351//588 2352//588
f 2353//589 2354//589 2355//589 2356//589
f 2357//590 2358//590 2359//590 2360//590
f 2361//591 2362//591 2363//591 2364//591
f 2365//592 2366//592 2367//592 2368//592
f 2369//593 2370//593 2371//593 2372//593
f 2373//594 2374//594 2375//594 2376//594
f 2377//595 2378//595 2379//595 2380//595
f 2381//596 2382//596 2383//596 2384//596
f 2385//597 2386//597 2387//597 2388//597
f 2389//598 2390//598 2391//598 2392//598
f 2393//599 2394//599 2395//599 2396//599
f 2397//600 2398//600 2399//600 2400//600
f 2401//601 2402//601 2403//601 2404//601
f 2405//602 2406//602 2407//602 2408//602
f 2409//603 2410//603 2411//603 2412//603
f 2413//604 2414//604 2415//604 2416//604
f 2417//605 2418//605 2419//605 2420//605
f 2421//606 2422//606 2423//606 2424//606
f 2425//607 2426//607 2427//607 2428//607
usemtl Glass
f 2429//608 2430//608 2431//608 2432//608
usemtl Building
f 2433//609 2434//609 2435//609 2436//609
f 2437//610 2438//610 2439//610 2440//610
f 2441//611 2442//611 2443//611 2444//611
f 2445//612 2446//612 2447//612 2448//612
usemtl Glass
f 2449//613 2450//613 2451//613 2452//613
usemtl Building
f 2453//614 2454//614 2455//614 2456//614
f 2457//615 2458//615 2459//615 2460//615
f 2461//616 2462//616 2463//616 2464//616
f 2465//617 2466//617 2467//617 2468//617
usemtl Glass
f 2469//618 2470//618 2471//618 2472//618
usemtl Building
f 2473//619 2474//619 2475//619 2476//619
f 2477//620 2478//620 2479//620 2480//620
f 2481//621 2482//621 2483//621 2484//621
f 2485//622 2486//622 2487//622 2488//622
usemtl Glass
f 2489//623 2490//623 2491//623 2492//623
usemtl Building
f 2493//624 2494//624 2495//624 2496//624
f 2497//625 2498//625 2499//625 2500//625
f 2501//626 2502//626 2503//626 2504//626
f 2505//627 2506//627 2507//627 2508//627
usemtl Glass
f 2509//628 2510//628 2511//628 2512//628
usemtl Building
f 2513//629 2514//629 2515//629 2516//629
f 2517//630 2518//630 2519//630 2520//630
f 2521//631 2522//631 2523//631 2524//631
f 2525//632 2526//632 2527//632 2528//632
usemtl Glass
f 2529//633 2530//633 2531//633 2532//633
usemtl Building
f 2533//634 2534//634 2535//634 2536//634
f 2537//635 2538//635 2539//635 2540//635
f 2541//636 2542//636 2543//636 2544//636
f 2545//637 2546//637 2547//637 2548//637
usemtl Glass
f 2549//638 2550//638 2551//638 2552//638
usemtl Building
f 2553//639 2554//639 2555//639 2556//639
f 2557//640 2558//640 2559//640 2560//640
f 2561//641 2562//641 2563//641 2564//641
f 2565//642 2566//642 2567//642 2568//642
usemtl Glass
f 2569//643 2570//643 2571//643 2572//643
usemtl Building
f 2573//644 2574//644 2575//644 2576//644
f 2577//645 2578//645 2579//645 2580//645
f 2581//646 2582//646 2583//646 2584//646
f 2585//647 2586//647 2587//647 2588//647
usemtl Glass
f 2589//648 2590//648 2591//648 2592//648
usemtl Building
f 2593//649 2594//649 2595//649 2596//649
f 2597//650 2598//650 2599//650 2600//650
f 2601//651 2602//651 2603//651 2604//651
f 2605//652 2606//652 2607//652 2608//652
usemtl Glass
f 2609//653 2610//653 2611//653 2612//653
usemtl Building
f 2613//654 2614//654 2615//654 2616//654
f 2617//655 2618//655 2619//655 2620//655
f 2621//656 2622//656 2623//656 2624//656
f 2625//657 2626//657 2627//657 2628//657
usemtl Glass
f 2629//658 2630//658 2631//658 2632//658
usemtl Building
f 2633//659 2634//659 2635//659 2636//659
f 2637//660 2638//660 2639//660 2640//660
f 2641//661 2642//661 2643//661 2644//661
f 2645//662 2646//662 2647//662 2648//662
usemtl Glass
f 2649//663 2650//663 2651//663 2652//663
usemtl Building
f 2653//664 2654//664 2655//664 2656//664
f 2657//665 2658//665 2659//665 2660//665
f 2661//666 2662//666 2663//666 2664//666
f 2665//667 2666//667 2667//667 2668//667
usemtl Glass
f 2669//668 2670//668 2671//668 2672//668
usemtl Building
f 2673//669 2674//669 2675//669 2676//669
f 2677//670 2678//670 2679//670 2680//670
f 2681//671 2682//671 2683//671 2684//671
f 2685//672 2686//672 2687//672 2688//672
usemtl Glass
f 2689//673 2690//673 2691//673 2692//673
usemtl Building
f 2693//674 2694//674 2695//674 2696//674
f 2697//675 2698//675 2699//675 2700//675
f 2701//676 2702//676 2703//676 2704//676
f 2705//677 2706//677 2707//677 2708//677
usemtl Glass
f 2709//678 2710//678 2711//678 2712//678
usemtl Building
f 2713//679 2714//679 2715//679 2716//679
f 2717//680 2718//680 2719//680 2720//680
f 2721//681 2722//681 2723//681 2724//681
f 2725//682 2726//682 2727//682 2728//682
usemtl Glass
f 2729//683 2730//683 2731//683 2732//683
usemtl Building
f 2733//684 2734//684 2735//684 2736//684
f 2737//685 2738//685 2739//685 2740//685
f 2741//686 2742//686 2743//686 2744//686
f 2745//687 2746//687 2747//687 2748//687
usemtl Glass
f 2749//688 2750//688 2751//688 2752//688
usemtl Building
f 2753//689 2754//689 2755//689 2756//689
f 2757//690 2758//690 2759//690 2760//690
f 2761//691 2762//691 2763//691 2764//691
f 2765//692 2766//692 2767//692 2768//692
usemtl Glass
f 2769//693 2770//693 2771//693 2772//693
usemtl Building
f 2773//694 2774//694 2775//694 2776//694
f 2777//695 2778//695 2779//695 2780//695
f 2781//696 2782//696 2783//696 2784//696
f 2785//697 2786//697 2787//697 2788//697
usemtl Glass
f 2789//698 2790//698 2791//698 2792//698
usemtl Building
f 2793//699 2794//699 2795//699 2796//699
f 2797//700 2798//700 2799//700 2800//700
f 2801//701 2802//701 2803//701 2804//701
f 2805//702 2806//702 2807//702 2808//702
usemtl Glass
f 2809//703 2810//703 2811//703 2812//703
usemtl Building
f 2813//704 2814//704 2815//704 2816//704
f 2817//705 2818//705 2819//705 2820//705
f 2821//706 2822//706 2823//706 2824//706
f 2825//707 2826//707 2827//707 2828//707
usemtl Glass
f 2829//708 2830//708 2831//708 2832//708
usemtl Building
f 2833//709 2834//709 2835//709 2836//709
f 2837//710 2838//710 2839//710 2840//710
f 2841//711 2842//711 2843//711 2844//711
f 2845//712 2846//712 2847//712 2848//712
usemtl Glass
f 2849//713 2850//713 2851//713 2852//713
usemtl Building
f 2853//714 2854//714 2855//714 2856//714
f 2857//715 2858//715 2859//715 2860//715
f 2861//716 2862//716 2863//716 2864//716
f 2865//717 2866//717 2867//717 2868//717
usemtl Glass
f 2869//718 2870//718 2871//718 2872//718
usemtl Building
f 2873//719 2874//719 2875//719 2876//719
f 2877//720 2878//720 2879//720 2880//720
f 2881//721 2882//721 2883//721 2884//721
f 2885//722 2886//722 2887//722 2888//722
usemtl Glass
f 2889//723 2890//723 2891//723 2892//723
usemtl Building
f 2893//724 2894//724 2895//724 2896//724
f 2897//725 2898//725 2899//725 2900//725
f 2901//726 2902//726 2903//726 2904//726
f 2905//727 2906//727 2907//727 2908//727
usemtl Glass
f 2909//728 2910//728 2911//728 2912//728
usemtl Building
f 2913//729 2914//729 2915//729 2916//729
f 2917//730 2918//730 2919//730 2920//730
f 2921//731 2922//731 2923//731 2924//731
f 2925//732 2926//732 2927//732 2928//732
usemtl Glass
f 2929//733 2930//733 2931//733 2932//733
usemtl Building
f 2933//734 2934//734 2935//734 2936//734
f 2937//735 2938//735 2939//735 2940//735
f 2941//736 2942//736 2943//736 2944//736
f 2945//737 2946//737 2947//737 2948//737
usemtl Glass
f 2949//738 2950//738 2951//738 2952//738
usemtl Building
f 2953//739 2954//739 2955//739 2956//739
f 2957//740 2958//740 2959//740 2960//740
f 2961//741 2962//741 2963//741 2964//741
f 2965//742 2966//742 2967//742 2968//742
usemtl Glass
f 2969//743 2970//743 2971//743 2972//743
usemtl Building
f 2973//744 2974//744 2975//744 2976//744
f 2977//745 2978//745 2979//745 2980//745
f 2981//746 2982//746 2983//746 2984//746
f 2985//747 2986//747 2987//747 2988//747
usemtl Glass
f 2989//748 2990//748 2991//748 2992//748
usemtl Building
f 2993//749 2994//749 2995//749 2996//749
f 2997//750 2998//750 2999//750 3000//750
f 3001//751 3002//751 3003//751 3004//751
f 3005//752 3006//752 3007//752 3008//752
usemtl Glass
f 3009//753 3010//753 3011//753 3012//753
usemtl Building
f 3013//754 3014//754 3015//754 3016//754
f 3017//755 3018//755 3019//755 3020//755
f 3021//756 3022//756 3023//756 3024//756
f 3025//757 3026//757 3027//757 3028//757
usemtl Glass
f 3029//758 3030//758 3031//758 3032//758
usemtl Building
f 3033//759 3034//759 3035//759 3036//759
f 3037//760 3038//760 3039//760 3040//760
f 3041//761 3042//761 3043//761 3044//761
f 3045//762 3046//762 3047//762 3048//762
usemtl Glass
f 3049//763 3050//763 3051//763 3052//763
usemtl Building
f 3053//764 3054//764 3055//764 3056//764
f 3057//765 3058//765 3059//765 3060//765
f 3061//766 3062//766 3063//766 3064//766
f 3065//767 3066//767 3067//767 3068//767
usemtl Glass
f 3069//768 3070//768 3071//768 3072//768
usemtl Building
f 3073//769 3074//769 3075//769 3076//769
f 3077//770 3078//770 3079//770 3080//770
f 3081//771 3082//771 3083//771 3084//771
f 3085//772 3086//772 3087//772 3088//772
usemtl Glass
f 3089//773 3090//773 3091//773 3092//773
usemtl Building
f 3093//774 3094//774 3095//774 3096//774
f 3097//775 3098//775 3099//775 3100//775
f 3101//776 3102//776 3103//776 3104//776
f 3105//777 3106//777 3107//777 3108//777
usemtl Glass
f 3109//778 3110//778 3111//778 3112//778
usemtl Building
f 3113//779 3114//779 3115//779 3116//779
f 3117//780 3118//780 3119//780 3120//780
f 3121//781 3122//781 3123//781 3124//781
f 3125//782 3126//782 3127//782 3128//782
usemtl Glass
f 3129//783 3130//783 3131//783 3132//783
usemtl Building
f 3133//784 3134//784 3135//784 3136//784
f 3137//785 3138//785 3139//785 3140//785
f 3141//786 3142//786 3143//786 3144//786
f 3145//787 3146//787 3147//787 3148//787
usemtl Glass
f 3149//788 3150//788 3151//788 3152//788
usemtl Building
f 3153//789 3154//789 3155//789 3156//789
f 3157//790 3158//790 3159//790 3160//790
f 3161//791 3162//791 3163//791 3164//791
f 3165//792 3166//792 3167//792 3168//792
usemtl Glass
f 3169//793 3170//793 3171//793 3172//793
usemtl Building
f 3173//794 3174//794 3175//794 3176//794
f 3177//795 3178//795 3179//795 3180//795
f 3181//796 3182//796 3183//796 3184//796
f 3185//797 3186//797 3187//797 3188//797
usemtl Glass
f 3189//798 3190//798 3191//798 3192//798
usemtl Building
f 3193//799 3194//799 3195//799 3196//799
f 3197//800 3198//800 3199//800 3200//800
f 3201//801 3202//801 3203//801 3204//801
f 3205//802 3206//802 3207//802 3208//802
usemtl Glass
f 3209//803 3210//803 3211//803 3212//803
usemtl Building
f 3213//804 3214//804 3215//804 3216//804
f 3217//805 3218//805 3219//805 3220//805
f 3221//806 3222//806 3223//806 3224//806
f 3225//807 3226//807 3227//807 3228//807
usemtl Glass
f 3229//808 3230//808 3231//808 3232//808
usemtl Building
f 3233//809 3234//809 3235//809 3236//809
f 3237//810 3238//810 3239//810 3240//810
f 3241//811 3242//811 3243//811 3244//811
f 3245//812 3246//812 3247//812 3248//812
usemtl Glass
f 3249//813 3250//813 3251//813 3252//813
usemtl Building
f 3253//814 3254//814 3255//814 3256//814
f 3257//815 3258//815 3259//815 3260//815
f 3261//816 3262//816 3263//816 3264//816
f 3265//817 3266//817 3267//817 3268//817
usemtl Glass
f 3269//818 3270//818 3271//818 3272//818
usemtl Building
f 3273//819 3274//819 3275//819 3276//819
f 3277//820 3278//820 3279//820 3280//820
f 3281//821 3282//821 3283//821 3284//821
f 3285//822 3286//822 3287//822 3288//822
usemtl Glass
f 3289//823 3290//823 3291//823 3292//823
usemtl Building
f 3293//824 3294//824 3295//824 3296//824
f 3297//825 3298//825 3299//825 3300//825
f 3301//826 3302//826 3303//826 3304//826
f 3305//827 3306//827 3307//827 3308//827
usemtl Glass
f 3309//828 3310//828 3311//828 3312//828
usemtl Building
f 3313//829 3314//829 3315//829 3316//829
f 3317//830 3318//830 3319//830 3320//830
f 3321//831 3322//831 3323//831 3324//831
f 3325//832 3326//832 3327//832 3328//832
usemtl Glass
f 3329//833 3330//833 3331//833 3332//833
usemtl Building
f 3333//834 3334//834 3335//834 3336//834
f 3337//835 3338//835 3339//835 3340//835
f 3341//836 3342//836 3343//836 3344//836
f 3345//837 3346//837 3347//837 3348//837
usemtl Glass
f 3349//838 3350//838 3351//838 3352//838
usemtl Building
f 3353//839 3354//839 3355//839 3356//839
f 3357//840 3358//840 3359//840 3360//840
f 3361//841 3362//841 3363//841 3364//841
f 3365//842 3366//842 3367//842 3368//842
usemtl Glass
f 3369//843 3370//843 3371//843 3372//843
usemtl Building
f 3373//844 3374//844 3375//844 3376//844
f 3377//845 3378//845 3379//845 3380//845
f 3381//846 3382//846 3383//846 3384//846
f 3385//847 3386//847 3387//847 3388//847
usemtl Glass
f 3389//848 3390//848 3391//848 3392//848
usemtl Building
f 3393//849 3394//849 3395//849 3396//849
f 3397//850 3398//850 3399//850 3400//850
f 3401//851 3402//851 3403//851 3404//851
f 3405//852 3406//852 3407//852 3408//852
usemtl Glass
f 3409//853 3410//853 3411//853 3412//853
usemtl Building
f 3413//854 3414//854 3415//854 3416//854
f 3417//855 3418//855 3419//855 3420//855
f 3421//856 3422//856 3423//856 3424//856
f 3425//857 3426//857 3427//857 3428//857
usemtl Glass
f 3429//858 3430//858 3431//858 3432//858
usemtl Building
f 3433//859 3434//859 3435//859 3436//859
f 3437//860 3438//860 3439//860 3440//860
f 3441//861 3442//861 3443//861 3444//861
f 3445//862 3446//862 3447//862 3448//862
usemtl Glass
f 3449//863 3450//863 3451//863 3452//863
usemtl Building
f 3453//864 3454//864 3455//864 3456//864
f 3457//865 3458//865 3459//865 3460//865
f 3461//866 3462//866 3463//866 3464//866
f 3465//867 3466//867 3467//867 3468//867
usemtl Glass
f 3469//868 3470//868 3471//868 3472//868
usemtl Building
f 3473//869 3474//869 3475//869 3476//869
f 3477//870 3478//870 3479//870 3480//870
f 3481//871 3482//871 3483//871 3484//871
f 3485//872 3486//872 3487//872 3488//872
usemtl Glass
f 3489//873 3490//873 3491//873 3492//873
usemtl Building
f 3493//874 3494//874 3495//874 3496//874
f 3497//875 3498//875 3499//875 3500//875
f 3501//876 3502//876 3503//876 3504//876
f 3505//877 3506//877 3507//877 3508//877
usemtl Glass
f 3509//878 3510//878 3511//878 3512//878
usemtl Building
f 3513//879 3514//879 3515//879 3516//879
f 3517//880 3518//880 3519//880 3520//880
f 3521//881 3522//881 3523//881 3524//881
f 3525//882 3526//882 3527//882 3528//882
usemtl Glass
f 3529//883 3530//883 3531//883 3532//883
usemtl Building
f 3533//884 3534//884 3535//884 3536//884
f 3537//885 3538//885 3539//885 3540//885
f 3541//886 3542//886 3543//886 3544//886
f 3545//887 3546//887 3547//887 3548//887
usemtl Glass
f 3549//888 3550//888 3551//888 3552//888
usemtl Building
f 3553//889 3554//889 3555//889 3556//889
f 3557//890 3558//890 3559//890 3560//890
f 3561//891 3562//891 3563//891 3564//891
f 3565//892 3566//892 3567//892 3568//892
usemtl Glass
f 3569//893 3570//893 3571//893 3572//893
usemtl Building
f 3573//894 3574//894 3575//894 3576//894
f 3577//895 3578//895 3579//895 3580//895
f 3581//896 3582//896 3583//896 3584//896
f 3585//897 3586//897 3587//897 3588//897
usemtl Glass
f 3589//898 3590//898 3591//898 3592//898
usemtl Building
f 3593//899 3594//899 3595//899 3596//899
f 3597//900 3598//900 3599//900 3600//900
f 3601//901 3602//901 3603//901 3604//901
f 3605//902 3606//902 3607//902 3608//902
usemtl Glass
f 3609//903 3610//903 3611//903 3612//903
usemtl Building
f 3613//904 3614//904 3615//904 3616//904
f 3617//905 3618//905 3619//905 3620//905
f 3621//906 3622//906 3623//906 3624//906
f 3625//907 3626//907 3627//907 3628//907
usemtl Glass
f 3629//908 3630//908 3631//908 3632//908
usemtl Building
f 3633//909 3634//909 3635//909 3636//909
f 3637//910 3638//910 3639//910 3640//910
f 3641//911 3642//911 3643//911 3644//911
f 3645//912 3646//912 3647//912 3648//912
usemtl Glass
f 3649//913 3650//913 3651//913 3652//913
usemtl Building
f 3653//914 3654//914 3655//914 3656//914
f 3657//915 3658//915 3659//915 3660//915
f 3661//916 3662//916 3663//916 3664//916
f 3665//917 3666//917 3667//917 3668//917
usemtl Glass
f 3669//918 3670//918 3671//918 3672//918
usemtl Building
f 3673//919 3674//919 3675//919 3676//919
f 3677//920 3678//920 3679//920 3680//920
f 3681//921 3682//921 3683//921 3684//921
f 3685//922 3686//922 3687//922 3688//922
usemtl Glass
f 3689//923 3690//923 3691//923 3692//923
usemtl Building
f 3693//924 3694//924 3695//924 3696//924
f 3697//925 3698//925 3699//925 3700//925
f 3701//926 3702//926 3703//926 3704//926
f 3705//927 3706//927 3707//927 3708//927
usemtl Glass
f 3709//928 3710//928 3711//928 3712//928
usemtl Building
f 3713//929 3714//929 3715//929 3716//929
f 3717//930 3718//930 3719//930 3720//930
f 3721//931 3722//931 3723//931 3724//931
f 3725//932 3726//932 3727//932 3728//932
usemtl Glass
f 3729//933 3730//933 3731//933 3732//933
usemtl Building
f 3733//934 3734//934 3735//934 3736//934
f 3737//935 3738//935 3739//935 3740//935
f 3741//936 3742//936 3743//936 3744//936
f 3745//937 3746//937 3747//937 3748//937
usemtl Glass
f 3749//938 3750//938 3751//938 3752//938
usemtl Building
f 3753//939 3754//939 3755//939 3756//939
f 3757//940 3758//940 3759//940 3760//940
f 3761//941 3762//941 3763//941 3764//941
f 3765//942 3766//942 3767//942 3768//942
usemtl Glass
f 3769//943 3770//943 3771//943 3772//943
usemtl Building
f 3773//944 3774//944 3775//944 3776//944
f 3777//945 3778//945 3779//945 3780//945
f 3781//946 3782//946 3783//946 3784//946
f 3785//947 3786//947 3787//947 3788//947
usemtl Glass
f 3789//948 3790//948 3791//948 3792//948
usemtl Building
f 3793//949 3794//949 3795//949 3796//949
f 3797//950 3798//950 3799//950 3800//950
f 3801//951 3802//951 3803//951 3804//951
f 3805//952 3806//952 3807//952 3808//952
usemtl Glass
f 3809//953 3810//953 3811//953 3812//953
usemtl Building
f 3813//954 3814//954 3815//954 3816//954
f 3817//955 3818//955 3819//955 3820//955
f 3821//956 3822//956 3823//956 3824//956
f 3825//957 3826//957 3827//957 3828//957
usemtl Glass
f 3829//958 3830//958 3831//958 3832//958
usemtl Building
f 3833//959 3834//959 3835//959 3836//959
f 3837//960 3838//960 3839//960 3840//960
f 3841//961 3842//961 3843//961 3844//961
f 3845//962 3846//962 3847//962 3848//962
usemtl Glass
f 3849//963 3850//963 3851//963 3852//963
usemtl Building
f 3853//964 3854//964 3855//964 3856//964
f 3857//965 3858//965 3859//965 3860//965
f 3861//966 3862//966 3863//966 3864//966
f 3865//967 3866//967 3867//967 3868//967
usemtl Glass
f 3869//968 3870//968 3871//968 3872//968
usemtl Building
f 3873//969 3874//969 3875//969 3876//969
f 3877//970 3878//970 3879//970 3880//970
f 3881//971 3882//971 3883//971 3884//971
f 3885//972 3886//972 3887//972 3888//972
usemtl Glass
f 3889//973 3890//973 3891//973 3892//973
usemtl Building
f 3893//974 3894//974 3895//974 3896//974
f 3897//975 3898//975 3899//975 3900//975
f 3901//976 3902//976 3903//976 3904//976
f 3905//977 3906//977 3907//977 3908//977
usemtl Glass
f 3909//978 3910//978 3911//978 3912//978
usemtl Building
f 3913//979 3914//979 3915//979 3916//979
f 3917//980 3918//980 3919//980 3920//980
f 3921//981 3922//981 3923//981 3924//981
f 3925//982 3926//982 3927//982 3928//982
usemtl Glass
f 3929//983 3930//983 3931//983 3932//983
usemtl Building
f 3933//984 3934//984 3935//984 3936//984
f 3937//985 3938//985 3939//985 3940//985
f 3941//986 3942//986 3943//986 3944//986
f 3945//987 3946//987 3947//987 3948//987
usemtl Glass
f 3949//988 3950//988 3951//988 3952//988
usemtl Building
f 3953//989 3954//989 3955//989 3956//989
f 3957//990 3958//990 3959//990 3960//990
f 3961//991 3962//991 3963//991 3964//991
f 3965//992 3966//992 3967//992 3968//992
usemtl Glass
f 3969//993 3970//993 3971//993 3972//993
usemtl Building
f 3973//994 3974//994 3975//994 3976//994
f 3977//995 3978//995 3979//995 3980//995
f 3981//996 3982//996 3983//996 3984//996
f 3985//997 3986//997 3987//997 3988//997
usemtl Glass
f 3989//998 3990//998 3991//998 3992//998
usemtl Building
f 3993//999 3994//999 3995//999 3996//999
f 3997//1000 3998//1000 3999//1000 4000//1000
f 4001//1001 4002//1001 4003//1001 4004//1001
f 4005//1002 4006//1002 4007//1002 4008//1002
usemtl Glass
f 4009//1003 4010//1003 4011//1003 4012//1003
usemtl Building
f 4013//1004 4014//1004 4015//1004 4016//1004
f 4017//1005 4018//1005 4019//1005 4020//1005
f 4021//1006 4022//1006 4023//1006 4024//1006
f 4025//1007 4026//1007 4027//1007 4028//1007
usemtl Glass
f 4029//1008 4030//1008 4031//1008 4032//1008
usemtl Building
f 4033//1009 4034//1009 4035//1009 4036//1009
f 4037//1010 4038//1010 4039//1010 4040//1010
f 4041//1011 4042//1011 4043//1011 4044//1011
f 4045//1012 4046//1012 4047//1012 4048//1012
usemtl Glass
f 4049//1013 4050//1013 4051//1013 4052//1013
usemtl Building
f 4053//1014 4054//1014 4055//1014 4056//1014
f 4057//1015 4058//1015 4059//1015 4060//1015
f 4061//1016 4062//1016 4063//1016 4064//1016
f 4065//1017 4066//1017 4067//1017 4068//1017
usemtl Glass
f 4069//1018 4070//1018 4071//1018 4072//1018
usemtl Building
f 4073//1019 4074//1019 4075//1019 4076//1019
f 4077//1020 4078//1020 4079//1020 4080//1020
f 4081//1021 4082//1021 4083//1021 4084//1021
f 4085//1022 4086//1022 4087//1022 4088//1022
usemtl Glass
f 4089//1023 4090//1023 4091//1023 4092//1023
usemtl Building
f 4093//1024 4094//1024 4095//1024 4096//1024
f 4097//1025 4098//1025 4099//1025 4100//1025
f 4101//1026 4102//1026 4103//1026 4104//1026
f 4105//1027 4106//1027 4107//1027 4108//1027
usemtl Glass
f 4109//1028 4110//1028 4111//1028 4112//1028
usemtl Building
f 4113//1029 4114//1029 4115//1029 4116//1029
f 4117//1030 4118//1030 4119//1030 4120//1030
f 4121//1031 4122//1031 4123//1031 4124//1031
f 4125//1032 4126//1032 4127//1032 4128//1032
usemtl Glass
f 4129//1033 4130//1033 4131//1033 4132//1033
usemtl Building
f 4133//1034 4134//1034 4135//1034 4136//1034
f 4137//1035 4138//1035 4139//1035 4140//1035
f 4141//1036 4142//1036 4143//1036 4144//1036
f 4145//1037 4146//1037 4147//1037 4148//1037
usemtl Glass
f 4149//1038 4150//1038 4151//1038 4152//1038
usemtl Building
f 4153//1039 4154//1039 4155//1039 4156//1039
f 4157//1040 4158//1040 4159//1040 4160//1040
f 4161//1041 4162//1041 4163//1041 4164//1041
f 4165//1042 4166//1042 4167//1042 4168//1042
usemtl Glass
f 4169//1043 4170//1043 4171//1043 4172//1043
usemtl Building
f 4173//1044 4174//1044 4175//1044 4176//1044
f 4177//1045 4178//1045 4179//1045 4180//1045
f 4181//1046 4182//1046 4183//1046 4184//1046
f 4185//1047 4186//1047 4187//1047 4188//1047
usemtl Glass
f 4189//1048 4190//1048 4191//1048 4192//1048
usemtl Building
f 4193//1049 4194//1049 4195//1049 4196//1049
f 4197//1050 4198//1050 4199//1050 4200//1050
f 4201//1051 4202//1051 4203//1051 4204//1051
f 4205//1052 4206//1052 4207//1052 4208//1052
usemtl Glass
f 4209//1053 4210//1053 4211//1053 4212//1053
usemtl Building
f 4213//1054 4214//1054 4215//1054 4216//1054
f 4217//1055 4218//1055 4219//1055 4220//1055
f 4221//1056 4222//1056 4223//1056 4224//1056
f 4225//1057 4226//1057 4227//1057 4228//1057
usemtl Glass
f 4229//1058 4230//1058 4231//1058 4232//1058
usemtl Building
f 4233//1059 4234//1059 4235//1059 4236//1059
f 4237//1060 4238//1060 4239//1060 4240//1060
f 4241//1061 4242//1061 4243//1061 4244//1061
f 4245//1062 4246//1062 4247//1062 4248//1062
usemtl Glass
f 4249//1063 4250//1063 4251//1063 4252//1063
usemtl Building
f 4253//1064 4254//1064 4255//1064 4256//1064
f 4257//1065 4258//1065 4259//1065 4260//1065
f 4261//1066 4262//1066 4263//1066 4264//1066
f 4265//1067 4266//1067 4267//1067 4268//1067
usemtl Glass
f 4269//1068 4270//1068 4271//1068 4272//1068
usemtl Building
f 4273//1069 4274//1069 4275//1069 4276//1069
f 4277//1070 4278//1070 4279//1070 4280//1070
f 4281//1071 4282//1071 4283//1071 4284//1071
f 4285//1072 4286//1072 4287//1072 4288//1072
usemtl Glass
f 4289//1073 4290//1073 4291//1073 4292//1073
usemtl Building
f 4293//1074 4294//1074 4295//1074 4296//1074
f 4297//1075 4298//1075 4299//1075 4300//1075
f 4301//1076 4302//1076 4303//1076 4304//1076
f 4305//1077 4306//1077 4307//1077 4308//1077
usemtl Glass
f 4309//1078 4310//1078 4311//1078 4312//1078
usemtl Building
f 4313//1079 4314//1079 4315//1079 4316//1079
f 4317//1080 4318//1080 4319//1080 4320//1080
f 4321//1081 4322//1081 4323//1081 4324//1081
f 4325//1082 4326//1082 4327//1082 4328//1082
usemtl Glass
f 4329//1083 4330//1083 4331//1083 4332//1083
usemtl Building
f 4333//1084 4334//1084 4335//1084 4336//1084
f 4337//1085 4338//1085 4339//1085 4340//1085
f 4341//1086 4342//1086 4343//1086 4344//1086
f 4345//1087 4346//1087 4347//1087 4348//1087
usemtl Glass
f 4349//1088 4350//1088 4351//1088 4352//1088
usemtl Building
f 4353//1089 4354//1089 4355//1089 4356//1089
f 4357//1090 4358//1090 4359//1090 4360//1090
f 4361//1091 4362//1091 4363//1091 4364//1091
f 4365//1092 4366//1092 4367//1092 4368//1092
usemtl Glass
f 4369//1093 4370//1093 4371//1093 4372//1093
usemtl Building
f 4373//1094 4374//1094 4375//1094 4376//1094
f 4377//1095 4378//1095 4379//1095 4380//1095
f 4381//1096 4382//1096 4383//1096 4384//1096
f 4385//1097 4386//1097 4387//1097 4388//1097
usemtl Glass
f 4389//1098 4390//1098 4391//1098 4392//1098
usemtl Building
f 4393//1099 4394//1099 4395//1099 4396//1099
f 4397//1100 4398//1100 4399//1100 4400//1100
f 4401//1101 4402//1101 4403//1101 4404//1101
f 4405//1102 4406//1102 4407//1102 4408//1102
usemtl Glass
f 4409//1103 4410//1103 4411//1103 4412//1103
usemtl Building
f 4413//1104 4414//1104 4415//1104 4416//1104
f 4417//1105 4418//1105 4419//1105 4420//1105
f 4421//1106 4422//1106 4423//1106 4424//1106
f 4425//1107 4426//1107 4427//1107 4428//1107
usemtl Glass
f 4429//1108 4430//1108 4431//1108 4432//1108
usemtl Building
f 4433//1109 4434//1109 4435//1109 4436//1109
f 4437//1110 4438//1110 4439//1110 4440//1110
f 4441//1111 4442//1111 4443//1111 4444//1111
f 4445//1112 4446//1112 4447//1112 4448//1112
usemtl Glass
f 4449//1113 4450//1113 4451//1113 4452//1113
usemtl Building
f 4453//1114 4454//1114 4455//1114 4456//1114
f 4457//1115 4458//1115 4459//1115 4460//1115
f 4461//1116 4462//1116 4463//1116 4464//1116
f 4465//1117 4466//1117 4467//1117 4468//1117
usemtl Glass
f 4469//1118 4470//1118 4471//1118 4472//1118
usemtl Building
f 4473//1119 4474//1119 4475//1119 4476//1119
f 4477//1120 4478//1120 4479//1120 4480//1120
f 4481//1121 4482//1121 4483//1121 4484//1121
f 4485//1122 4486//1122 4487//1122 4488//1122
usemtl Glass
f 4489//1123 4490//1123 4491//1123 4492//1123
usemtl Building
f 4493//1124 4494//1124 4495//1124 4496//1124
f 4497//1125 4498//1125 4499//1125 4500//1125
f 4501//1126 4502//1126 4503//1126 4504//1126
f 4505//1127 4506//1127 4507//1127 4508//1127
usemtl Glass
f 4509//1128 4510//1128 4511//1128 4512//1128
usemtl Building
f 4513//1129 4514//1129 4515//1129 4516//1129
f 4517//1130 4518//1130 4519//1130 4520//1130
f 4521//1131 4522//1131 4523//1131 4524//1131
f 4525//1132 4526//1132 4527//1132 4528//1132
usemtl Glass
f 4529//1133 4530//1133 4531//1133 4532//1133
usemtl Building
f 4533//1134 4534//1134 4535//1134 4536//1134
f 4537//1135 4538//1135 4539//1135 4540//1135
f 4541//1136 4542//1136 4543//1136 4544//1136
f 4545//1137 4546//1137 4547//1137 4548//1137
usemtl Glass
f 4549//1138 4550//1138 4551//1138 4552//1138
usemtl Building
f 4553//1139 4554//1139 4555//1139 4556//1139
f 4557//1140 4558//1140 4559//1140 4560//1140
f 4561//1141 4562//1141 4563//1141 4564//1141
f 4565//1142 4566//1142 4567//1142 4568//1142
usemtl Glass
f 4569//1143 4570//1143 4571//1143 4572//1143
usemtl Building
f 4573//1144 4574//1144 4575//1144 4576//1144
f 4577//1145 4578//1145 4579//1145 4580//1145
f 4581//1146 4582//1146 4583//1146 4584//1146
f 4585//1147 4586//1147 4587//1147 4588//1147
usemtl Glass
f 4589//1148 4590//1148 4591//1148 4592//1148
usemtl Building
f 4593//1149 4594//1149 4595//1149 4596//1149
f 4597//1150 4598//1150 4599//1150 4600//1150
f 4601//1151 4602//1151 4603//1151 4604//1151
f 4605//1152 4606//1152 4607//1152 4608//1152
usemtl Glass
f 4609//1153 4610//1153 4611//1153 4612//1153
usemtl Building
f 4613//1154 4614//1154 4615//1154 4616//1154
f 4617//1155 4618//1155 4619//1155 4620//1155
f 4621//1156 4622//1156 4623//1156 4624//1156
f 4625//1157 4626//1157 4627//1157 4628//1157
usemtl Glass
f 4629//1158 4630//1158 4631//1158 4632//1158
usemtl Building
f 4633//1159 4634//1159 4635//1159 4636//1159
f 4637//1160 4638//1160 4639//1160 4640//1160
f 4641//1161 4642//1161 4643//1161 4644//1161
f 4645//1162 4646//1162 4647//1162 4648//1162
usemtl Glass
f 4649//1163 4650//1163 4651//1163 4652//1163
usemtl Building
f 4653//1164 4654//1164 4655//1164 4656//1164
f 4657//1165 4658//1165 4659//1165 4660//1165
f 4661//1166 4662//1166 4663//1166 4664//1166
f 4665//1167 4666//1167 4667//1167 4668//1167
usemtl Glass
f 4669//1168 4670//1168 4671//1168 4672//1168
usemtl Building
f 4673//1169 4674//1169 4675//1169 4676//1169
f 4677//1170 4678//1170 4679//1170 4680//1170
f 4681//1171 4682//1171 4683//1171 4684//1171
f 4685//1172 4686//1172 4687//1172 4688//1172
usemtl Glass
f 4689//1173 4690//1173 4691//1173 4692//1173
usemtl Building
f 4693//1174 4694//1174 4695//1174 4696//1174
f 4697//1175 4698//1175 4699//1175 4700//1175
f 4701//1176 4702//1176 4703//1176 4704//1176
f 4705//1177 4706//1177 4707//1177 4708//1177
usemtl Glass
f 4709//1178 4710//1178 4711//1178 4712//1178
usemtl Building
f 4713//1179 4714//1179 4715//1179 4716//1179
f 4717//1180 4718//1180 4719//1180 4720//1180
f 4721//1181 4722//1181 4723//1181 4724//1181
f 4725//1182 4726//1182 4727//1182 4728//1182
usemtl Glass
f 4729//1183 4730//1183 4731//1183 4732//1183
usemtl Building
f 4733//1184 4734//1184 4735//1184 4736//1184
f 4737//1185 4738//1185 4739//1185 4740//1185
f 4741//1186 4742//1186 4743//1186 4744//1186
f 4745//1187 4746//1187 4747//1187 4748//1187
usemtl Glass
f 4749//1188 4750//1188 4751//1188 4752//1188
usemtl Building
f 4753//1189 4754//1189 4755//1189 4756//1189
f 4757//1190 4758//1190 4759//1190 4760//1190
f 4761//1191 4762//1191 4763//1191 4764//1191
f 4765//1192 4766//1192 4767//1192 4768//1192
usemtl Glass
f 4769//1193 4770//1193 4771//1193 4772//1193
usemtl Building
f 4773//1194 4774//1194 4775//1194 4776//1194
f 4777//1195 4778//1195 4779//1195 4780//1195
f 4781//1196 4782//1196 4783//1196 4784//1196
f 4785//1197 4786//1197 4787//1197 4788//1197
usemtl Glass
f 4789//1198 4790//1198 4791//1198 4792//1198
usemtl Building
f 4793//1199 4794//1199 4795//1199 4796//1199
f 4797//1200 4798//1200 4799//1200 4800//1200
f 4801//1201 4802//1201 4803//1201 4804//1201
f 4805//1202 4806//1202 4807//1202 4808//1202
usemtl Glass
f 4809//1203 4810//1203 4811//1203 4812//1203
usemtl Building
f 4813//1204 4814//1204 4815//1204 4816//1204
f 4817//1205 4818//1205 4819//1205 4820//1205
f 4821//1206 4822//1206 4823//1206 4824//1206
f 4825//1207 4826//1207 4827//1207 4828//1207
usemtl Glass
f 4829//1208 4830//1208 4831//1208 4832//1208
usemtl Building
f 4833//1209 4834//1209 4835//1209 4836//1209
f 4837//1210 4838//1210 4839//1210 4840//1210
f 4841//1211 4842//1211 4843//1211 4844//1211
f 4845//1212 4846//1212 4847//1212 4848//1212
usemtl Glass
f 4849//1213 4850//1213 4851//1213 4852//1213
usemtl Building
f 4853//1214 4854//1214 4855//1214 4856//1214
f 4857//1215 4858//1215 4859//1215 4860//1215
f 4861//1216 4862//1216 4863//1216 4864//1216
f 4865//1217 4866//1217 4867//1217 4868//1217
usemtl Glass
f 4869//1218 4870//1218 4871//1218 4872//1218
usemtl Building
f 4873//1219 4874//1219 4875//1219 4876//1219
f 4877//1220 4878//1220 4879//1220 4880//1220
f 4881//1221 4882//1221 4883//1221 4884//1221
f 4885//1222 4886//1222 4887//1222 4888//1222
usemtl Glass
f 4889//1223 4890//1223 4891//1223 4892//1223
usemtl Building
f 4893//1224 4894//1224 4895//1224 4896//1224
f 4897//1225 4898//1225 4899//1225 4900//1225
f 4901//1226 4902//1226 4903//1226 4904//1226
f 4905//1227 4906//1227 4907//1227 4908//1227
usemtl Glass
f 4909//1228 4910//1228 4911//1228 4912//1228
usemtl Building
f 4913//1229 4914//1229 4915//1229 4916//1229
f 4917//1230 4918//1230 4919//1230 4920//1230
f 4921//1231 4922//1231 4923//1231 4924//1231
f 4925//1232 4926//1232 4927//1232 4928//1232
usemtl Glass
f 4929//1233 4930//1233 4931//1233 4932//1233
usemtl Building
f 4933//1234 4934//1234 4935//1234 4936//1234
f 4937//1235 4938//1235 4939//1235 4940//1235
f 4941//1236 4942//1236 4943//1236 4944//1236
f 4945//1237 4946//1237 4947//1237 4948//1237
usemtl Glass
f 4949//1238 4950//1238 4951//1238 4952//1238
usemtl Building
f 4953//1239 4954//1239 4955//1239 4956//1239
f 4957//1240 4958//1240 4959//1240 4960//1240
f 4961//1241 4962//1241 4963//1241 4964//1241
f 4965//1242 4966//1242 4967//1242 4968//1242
usemtl Glass
f 4969//1243 4970//1243 4971//1243 4972//1243
usemtl Building
f 4973//1244 4974//1244 4975//1244 4976//1244
f 4977//1245 4978//1245 4979//1245 4980//1245
f 4981//1246 4982//1246 4983//1246 4984//1246
f 4985//1247 4986//1247 4987//1247 4988//1247
usemtl Glass
f 4989//1248 4990//1248 4991//1248 4992//1248
usemtl Building
f 4993//1249 4994//1249 4995//1249 4996//1249
f 4997//1250 4998//1250 4999//1250 5000//1250
f 5001//1251 5002//1251 5003//1251 5004//1251
f 5005//1252 5006//1252 5007//1252 5008//1252
usemtl Glass
f 5009//1253 5010//1253 5011//1253 5012//1253
usemtl Building
f 5013//1254 5014//1254 5015//1254 5016//1254
f 5017//1255 5018//1255 5019//1255 5020//1255
f 5021//1256 5022//1256 5023//1256 5024//1256
f 5025//1257 5026//1257 5027//1257 5028//1257
usemtl Glass
f 5029//1258 5030//1258 5031//1258 5032//1258
usemtl Building
f 5033//1259 5034//1259 5035//1259 5036//1259
f 5037//1260 5038//1260 5039//1260 5040//1260
f 5041//1261 5042//1261 5043//1261 5044//1261
f 5045//1262 5046//1262 5047//1262 5048//1262
usemtl Glass
f 5049//1263 5050//1263 5051//1263 5052//1263
usemtl Building
f 5053//1264 5054//1264 5055//1264 5056//1264
f 5057//1265 5058//1265 5059//1265 5060//1265
f 5061//1266 5062//1266 5063//1266 5064//1266
f 5065//1267 5066//1267 5067//1267 5068//1267
usemtl Glass
f 5069//1268 5070//1268 5071//1268 5072//1268
usemtl Building
f 5073//1269 5074//1269 5075//1269 5076//1269
f 5077//1270 5078//1270 5079//1270 5080//1270
f 5081//1271 5082//1271 5083//1271 5084//1271
f 5085//1272 5086//1272 5087//1272 5088//1272
usemtl Glass
f 5089//1273 5090//1273 5091//1273 5092//1273
usemtl Building
f 5093//1274 5094//1274 5095//1274 5096//1274
f 5097//1275 5098//1275 5099//1275 5100//1275
f 5101//1276 5102//1276 5103//1276 5104//1276
f 5105//1277 5106//1277 5107//1277 5108//1277
usemtl Glass
f 5109//1278 5110//1278 5111//1278 5112//1278
usemtl Building
f 5113//1279 5114//1279 5115//1279 5116//1279
f 5117//1280 5118//1280 5119//1280 5120//1280
f 5121//1281 5122//1281 5123//1281 5124//1281
f 5125//1282 5126//1282 5127//1282 5128//1282
usemtl Glass
f 5129//1283 5130//1283 5131//1283 5132//1283
usemtl Building
f 5133//1284 5134//1284 5135//1284 5136//1284
f 5137//1285 5138//1285 5139//1285 5140//1285
f 5141//1286 5142//1286 5143//1286 5144//1286
f 5145//1287 5146//1287 5147//1287 5148//1287
usemtl Glass
f 5149//1288 5150//1288 5151//1288 5152//1288
usemtl Building
f 5153//1289 5154//1289 5155//1289 5156//1289
f 5157//1290 5158//1290 5159//1290 5160//1290
f 5161//1291 5162//1291 5163//1291 5164//1291
f 5165//1292 5166//1292 5167//1292 5168//1292
usemtl Glass
f 5169//1293 5170//1293 5171//1293 5172//1293
usemtl Building
f 5173//1294 5174//1294 5175//1294 5176//1294
f 5177//1295 5178//1295 5179//1295 5180//1295
f 5181//1296 5182//1296 5183//1296 5184//1296
f 5185//1297 5186//1297 5187//1297 5188//1297
usemtl Glass
f 5189//1298 5190//1298 5191//1298 5192//1298
usemtl Building
f 5193//1299 5194//1299 5195//1299 5196//1299
f 5197//1300 5198//1300 5199//1300 5200//1300
f 5201//1301 5202//1301 5203//1301 5204//1301
f 5205//1302 5206//1302 5207//1302 5208//1302
usemtl Glass
f 5209//1303 5210//1303 5211//1303 5212//1303
usemtl Building
f 5213//1304 5214//1304 5215//1304 5216//1304
f 5217//1305 5218//1305 5219//1305 5220//1305
f 5221//1306 5222//1306 5223//1306 5224//1306
f 5225//1307 5226//1307 5227//1307 5228//1307
usemtl Glass
f 5229//1308 5230//1308 5231//1308 5232//1308
usemtl Building
f 5233//1309 5234//1309 5235//1309 5236//1309
f 5237//1310 5238//1310 5239//1310 5240//1310
f 5241//1311 5242//1311 5243//1311 5244//1311
f 5245//1312 5246//1312 5247//1312 5248//1312
usemtl Glass
f 5249//1313 5250//1313 5251//1313 5252//1313
usemtl Building
f 5253//1314 5254//1314 5255//1314 5256//1314
f 5257//1315 5258//1315 5259//1315 5260//1315
f 5261//1316 5262//1316 5263//1316 5264//1316
f 5265//1317 5266//1317 5267//1317 5268//1317
usemtl Glass
f 5269//1318 5270//1318 5271//1318 5272//1318
usemtl Building
f 5273//1319 5274//1319 5275//1319 5276//1319
f 5277//1320 5278//1320 5279//1320 5280//1320
f 5281//1321 5282//1321 5283//1321 5284//1321
f 5285//1322 5286//1322 5287//1322 5288//1322
usemtl Glass
f 5289//1323 5290//1323 5291//1323 5292//1323
usemtl Building
f 5293//1324 5294//1324 5295//1324 5296//1324
f 5297//1325 5298//1325 5299//1325 5300//1325
f 5301//1326 5302//1326 5303//1326 5304//1326
f 5305//1327 5306//1327 5307//1327 5308//1327
usemtl Glass
f 5309//1328 5310//1328 5311//1328 5312//1328
usemtl Building
f 5313//1329 5314//1329 5315//1329 5316//1329
f 5317//1330 5318//1330 5319//1330 5320//1330
f 5321//1331 5322//1331 5323//1331 5324//1331
f 5325//1332 5326//1332 5327//1332 5328//1332
usemtl Glass
f 5329//1333 5330//1333 5331//1333 5332//1333
usemtl Building
f 5333//1334 5334//1334 5335//1334 5336//1334
f 5337//1335 5338//1335 5339//1335 5340//1335
f 5341//1336 5342//1336 5343//1336 5344//1336
f 5345//1337 5346//1337 5347//1337 5348//1337
usemtl Glass
f 5349//1338 5350//1338 5351//1338 5352//1338
usemtl Building
f 5353//1339 5354//1339 5355//1339 5356//1339
f 5357//1340 5358//1340 5359//1340 5360//1340
f 5361//1341 5362//1341 5363//1341 5364//1341
f 5365//1342 5366//1342 5367//1342 5368//1342
usemtl Glass
f 5369//1343 5370//1343 5371//1343 5372//1343
usemtl Building
f 5373//1344 5374//1344 5375//1344 5376//1344
f 5377//1345 5378//1345 5379//1345 5380//1345
f 5381//1346 5382//1346 5383//1346 5384//1346
f 5385//1347 5386//1347 5387//1347 5388//1347
usemtl Glass
f 5389//1348 5390//1348 5391//1348 5392//1348
usemtl Building
f 5393//1349 5394//1349 5395//1349 5396//1349
f 5397//1350 5398//1350 5399//1350 5400//1350
f 5401//1351 5402//1351 5403//1351 5404//1351
f 5405//1352 5406//1352 5407//1352 5408//1352
usemtl Glass
f 5409//1353 5410//1353 5411//1353 5412//1353
usemtl Building
f 5413//1354 5414//1354 5415//1354 5416//1354
f 5417//1355 5418//1355 5419//1355 5420//1355
f 5421//1356 5422//1356 5423//1356 5424//1356
f 5425//1357 5426//1357 5427//1357 5428//1357
usemtl Glass
f 5429//1358 5430//1358 5431//1358 5432//1358
usemtl Building
f 5433//1359 5434//1359 5435//1359 5436//1359
f 5437//1360 5438//1360 5439//1360 5440//1360
f 5441//1361 5442//1361 5443//1361 5444//1361
f 5445//1362 5446//1362 5447//1362 5448//1362
usemtl Glass
f 5449//1363 5450//1363 5451//1363 5452//1363
usemtl Building
f 5453//1364 5454//1364 5455//1364 5456//1364
f 5457//1365 5458//1365 5459//1365 5460//1365
f 5461//1366 5462//1366 5463//1366 5464//1366
f 5465//1367 5466//1367 5467//1367 5468//1367
usemtl Glass
f 5469//1368 5470//1368 5471//1368 5472//1368
usemtl Building
f 5473//1369 5474//1369 5475//1369 5476//1369
f 5477//1370 5478//1370 5479//1370 5480//1370
f 5481//1371 5482//1371 5483//1371 5484//1371
f 5485//1372 5486//1372 5487//1372 5488//1372
usemtl Glass
f 5489//1373 5490//1373 5491//1373 5492//1373
usemtl Building
f 5493//1374 5494//1374 5495//1374 5496//1374
f 5497//1375 5498//1375 5499//1375 5500//1375
f 5501//1376 5502//1376 5503//1376 5504//1376
f 5505//1377 5506//1377 5507//1377 5508//1377
usemtl Glass
f 5509//1378 5510//1378 5511//1378 5512//1378
usemtl Building
f 5513//1379 5514//1379 5515//1379 5516//1379
f 5517//1380 5518//1380 5519//1380 5520//1380
f 5521//1381 5522//1381 5523//1381 5524//1381
f 5525//1382 5526//1382 5527//1382 5528//1382
usemtl Glass
f 5529//1383 5530//1383 5531//1383 5532//1383
usemtl Building
f 5533//1384 5534//1384 5535//1384 5536//1384
f 5537//1385 5538//1385 5539//1385 5540//1385
f 5541//1386 5542//1386 5543//1386 5544//1386
f 5545//1387 5546//1387 5547//1387 5548//1387
usemtl Glass
f 5549//1388 5550//1388 5551//1388 5552//1388
usemtl Building
f 5553//1389 5554//1389 5555//1389 5556//1389
f 5557//1390 5558//1390 5559//1390 5560//1390
f 5561//1391 5562//1391 5563//1391 5564//1391
f 5565//1392 5566//1392 5567//1392 5568//1392
usemtl Glass
f 5569//1393 5570//1393 5571//1393 5572//1393
usemtl Building
f 5573//1394 5574//1394 5575//1394 5576//1394
f 5577//1395 5578//1395 5579//1395 5580//1395
f 5581//1396 5582//1396 5583//1396 5584//1396
f 5585//1397 5586//1397 5587//1397 5588//1397
usemtl Glass
f 5589//1398 5590//1398 5591//1398 5592//1398
usemtl Building
f 5593//1399 5594//1399 5595//1399 5596//1399
f 5597//1400 5598//1400 5599//1400 5600//1400
f 5601//1401 5602//1401 5603//1401 5604//1401
f 5605//1402 5606//1402 5607//1402 5608//1402
usemtl Glass
f 5609//1403 5610//1403 5611//1403 5612//1403
usemtl Building
f 5613//1404 5614//1404 5615//1404 5616//1404
f 5617//1405 5618//1405 5619//1405 5620//1405
f 5621//1406 5622//1406 5623//1406 5624//1406
f 5625//1407 5626//1407 5627//1407 5628//1407
usemtl Glass
f 5629//1408 5630//1408 5631//1408 5632//1408
usemtl Building
f 5633//1409 5634//1409 5635//1409 5636//1409
f 5637//1410 5638//1410 5639//1410 5640//1410
f 5641//1411 5642//1411 5643//1411 5644//1411
f 5645//1412 5646//1412 5647//1412 5648//1412
usemtl Glass
f 5649//1413 5650//1413 5651//1413 5652//1413
usemtl Building
f 5653//1414 5654//1414 5655//1414 5656//1414
f 5657//1415 5658//1415 5659//1415 5660//1415
f 5661//1416 5662//1416 5663//1416 5664//1416
f 5665//1417 5666//1417 5667//1417 5668//1417
usemtl Glass
f 5669//1418 5670//1418 5671//1418 5672//1418
usemtl Building
f 5673//1419 5674//1419 5675//1419 5676//1419
f 5677//1420 5678//1420 5679//1420 5680//1420
f 5681//1421 5682//1421 5683//1421 5684//1421
f 5685//1422 5686//1422 5687//1422 5688//1422
usemtl Glass
f 5689//1423 5690//1423 5691//1423 5692//1423
usemtl Building
f 5693//1424 5694//1424 5695//1424 5696//1424
f 5697//1425 5698//1425 5699//1425 5700//1425
f 5701//1426 5702//1426 5703//1426 5704//1426
f 5705//1427 5706//1427 5707//1427 5708//1427
usemtl Glass
f 5709//1428 5710//1428 5711//1428 5712//1428
usemtl Building
f 5713//1429 5714//1429 5715//1429 5716//1429
f 5717//1430 5718//1430 5719//1430 5720//1430
f 5721//1431 5722//1431 5723//1431 5724//1431
f 5725//1432 5726//1432 5727//1432 5728//1432
usemtl Glass
f 5729//1433 5730//1433 5731//1433 5732//1433
usemtl Building
f 5733//1434 5734//1434 5735//1434 5736//1434
f 5737//1435 5738//1435 5739//1435 5740//1435
f 5741//1436 5742//1436 5743//1436 5744//1436
f 5745//1437 5746//1437 5747//1437 5748//1437
usemtl Glass
f 5749//1438 5750//1438 5751//1438 5752//1438
usemtl Building
f 5753//1439 5754//1439 5755//1439 5756//1439
f 5757//1440 5758//1440 5759//1440 5760//1440
f 5761//1441 5762//1441 5763//1441 5764//1441
f 5765//1442 5766//1442 5767//1442 5768//1442
usemtl Glass
f 5769//1443 5770//1443 5771//1443 5772//1443
usemtl Building
f 5773//1444 5774//1444 5775//1444 5776//1444
f 5777//1445 5778//1445 5779//1445 5780//1445
f 5781//1446 5782//1446 5783//1446 5784//1446
f 5785//1447 5786//1447 5787//1447 5788//1447
usemtl Glass
f 5789//1448 5790//1448 5791//1448 5792//1448
usemtl Building
f 5793//1449 5794//1449 5795//1449 5796//1449
f 5797//1450 5798//1450 5799//1450 5800//1450
f 5801//1451 5802//1451 5803//1451 5804//1451
f 5805//1452 5806//1452 5807//1452 5808//1452
usemtl Glass
f 5809//1453 5810//1453 5811//1453 5812//1453
usemtl Building
f 5813//1454 5814//1454 5815//1454 5816//1454
f 5817//1455 5818//1455 5819//1455 5820//1455
f 5821//1456 5822//1456 5823//1456 5824//1456
f 5825//1457 5826//1457 5827//1457 5828//1457
usemtl Glass
f 5829//1458 5830//1458 5831//1458 5832//1458
usemtl Building
f 5833//1459 5834//1459 5835//1459 5836//1459
f 5837//1460 5838//1460 5839//1460 5840//1460
f 5841//1461 5842//1461 5843//1461 5844//1461
f 5845//1462 5846//1462 5847//1462 5848//1462
usemtl Glass
f 5849//1463 5850//1463 5851//1463 5852//1463
usemtl Building
f 5853//1464 5854//1464 5855//1464 5856//1464
f 5857//1465 5858//1465 5859//1465 5860//1465
f 5861//1466 5862//1466 5863//1466 5864//1466
f 5865//1467 5866//1467 5867//1467 5868//1467
usemtl Glass
f 5869//1468 5870//1468 5871//1468 5872//1468
usemtl Building
f 5873//1469 5874//1469 5875//1469 5876//1469
f 5877//1470 5878//1470 5879//1470 5880//1470
f 5881//1471 5882//1471 5883//1471 5884//1471
f 5885//1472 5886//1472 5887//1472 5888//1472
usemtl Glass
f 5889//1473 5890//1473 5891//1473 5892//1473
usemtl Building
f 5893//1474 5894//1474 5895//1474 5896//1474
f 5897//1475 5898//1475 5899//1475 5900//1475
f 5901//1476 5902//1476 5903//1476 5904//1476
f 5905//1477 5906//1477 5907//1477 5908//1477
usemtl Glass
f 5909//1478 5910//1478 5911//1478 5912//1478
usemtl Building
f 5913//1479 5914//1479 5915//1479 5916//1479
f 5917//1480 5918//1480 5919//1480 5920//1480
f 5921//1481 5922//1481 5923//1481 5924//1481
f 5925//1482 5926//1482 5927//1482 5928//1482
usemtl Glass
f 5929//1483 5930//1483 5931//1483 5932//1483
usemtl Building
f 5933//1484 5934//1484 5935//1484 5936//1484
f 5937//1485 5938//1485 5939//1485 5940//1485
f 5941//1486 5942//1486 5943//1486 5944//1486
f 5945//1487 5946//1487 5947//1487 5948//1487
usemtl Glass
f 5949//1488 5950//1488 5951//1488 5952//1488
usemtl Building
f 5953//1489 5954//1489 5955//1489 5956//1489
f 5957//1490 5958//1490 5959//1490 5960//1490
f 5961//1491 5962//1491 5963//1491 5964//1491
f 5965//1492 5966//1492 5967//1492 5968//1492
usemtl Glass
f 5969//1493 5970//1493 5971//1493 5972//1493
usemtl Building
f 5973//1494 5974//1494 5975//1494 5976//1494
f 5977//1495 5978//1495 5979//1495 5980//1495
f 5981//1496 5982//1496 5983//1496 5984//1496
f 5985//1497 5986//1497 5987//1497 5988//1497
usemtl Glass
f 5989//1498 5990//1498 5991//1498 5992//1498
usemtl Building
f 5993//1499 5994//1499 5995//1499 5996//1499
f 5997//1500 5998//1500 5999//1500 6000//1500
f 6001//1501 6002//1501 6003//1501 6004//1501
f 6005//1502 6006//1502 6007//1502 6008//1502
usemtl Glass
f 6009//1503 6010//1503 6011//1503 6012//1503
usemtl Building
f 6013//1504 6014//1504 6015//1504 6016//1504
f 6017//1505 6018//1505 6019//1505 6020//1505
f 6021//1506 6022//1506 6023//1506 6024//1506
f 6025//1507 6026//1507 6027//1507 6028//1507
usemtl Glass
f 6029//1508 6030//1508 6031//1508 6032//1508
usemtl Building
f 6033//1509 6034//1509 6035//1509 6036//1509
f 6037//1510 6038//1510 6039//1510 6040//1510
f 6041//1511 6042//1511 6043//1511 6044//1511
f 6045//1512 6046//1512 6047//1512 6048//1512
usemtl Glass
f 6049//1513 6050//1513 6051//1513 6052//1513
usemtl Building
f 6053//1514 6054//1514 6055//1514 6056//1514
f 6057//1515 6058//1515 6059//1515 6060//1515
f 6061//1516 6062//1516 6063//1516 6064//1516
f 6065//1517 6066//1517 6067//1517 6068//1517
usemtl Glass
f 6069//1518 6070//1518 6071//1518 6072//1518
usemtl Building
f 6073//1519 6074//1519 6075//1519 6076//1519
f 6077//1520 6078//1520 6079//1520 6080//1520
f 6081//1521 6082//1521 6083//1521 6084//1521
f 6085//1522 6086//1522 6087//1522 6088//1522
usemtl Glass
f 6089//1523 6090//1523 6091//1523 6092//1523
usemtl Building
f 6093//1524 6094//1524 6095//1524 6096//1524
f 6097//1525 6098//1525 6099//1525 6100//1525
f 6101//1526 6102//1526 6103//1526 6104//1526
f 6105//1527 6106//1527 6107//1527 6108//1527
usemtl Glass
f 6109//1528 6110//1528 6111//1528 6112//1528
usemtl Building
f 6113//1529 6114//1529 6115//1529 6116//1529
f 6117//1530 6118//1530 6119//1530 6120//1530
f 6121//1531 6122//1531 6123//1531 6124//1531
f 6125//1532 6126//1532 6127//1532 6128//1532
usemtl Glass
f 6129//1533 6130//1533 6131//1533 6132//1533
usemtl Building
f 6133//1534 6134//1534 6135//1534 6136//1534
f 6137//1535 6138//1535 6139//1535 6140//1535
f 6141//1536 6142//1536 6143//1536 6144//1536
f 6145//1537 6146//1537 6147//1537 6148//1537
usemtl Glass
f 6149//1538 6150//1538 6151//1538 6152//1538
usemtl Building
f 6153//1539 6154//1539 6155//1539 6156//1539
f 6157//1540 6158//1540 6159//1540 6160//1540
f 6161//1541 6162//1541 6163//1541 6164//1541
f 6165//1542 6166//1542 6167//1542 6168//1542
usemtl Glass
f 6169//1543 6170//1543 6171//1543 6172//1543
usemtl Building
f 6173//1544 6174//1544 6175//1544 6176//1544
f 6177//1545 6178//1545 6179//1545 6180//1545
f 6181//1546 6182//1546 6183//1546 6184//1546
f 6185//1547 6186//1547 6187//1547 6188//1547
usemtl Glass
f 6189//1548 6190//1548 6191//1548 6192//1548
usemtl Building
f 6193//1549 6194//1549 6195//1549 6196//1549
f 6197//1550 6198//1550 6199//1550 6200//1550
f 6201//1551 6202//1551 6203//1551 6204//1551
f 6205//1552 6206//1552 6207//1552 6208//1552
usemtl Glass
f 6209//1553 6210//1553 6211//1553 6212//1553
usemtl Building
f 6213//1554 6214//1554 6215//1554 6216//1554
f 6217//1555 6218//1555 6219//1555 6220//1555
f 6221//1556 6222//1556 6223//1556 6224//1556
f 6225//1557 6226//1557 6227//1557 6228//1557
usemtl Glass
f 6229//1558 6230//1558 6231//1558 6232//1558
usemtl Building
f 6233//1559 6234//1559 6235//1559 6236//1559
f 6237//1560 6238//1560 6239//1560 6240//1560
f 6241//1561 6242//1561 6243//1561 6244//1561
f 6245//1562 6246//1562 6247//1562 6248//1562
usemtl Glass
f 6249//1563 6250//1563 6251//1563 6252//1563
usemtl Building
f 6253//1564 6254//1564 6255//1564 6256//1564
f 6257//1565 6258//1565 6259//1565 6260//1565
f 6261//1566 6262//1566 6263//1566 6264//1566
f 6265//1567 6266//1567 6267//1567 6268//1567
usemtl Glass
f 6269//1568 6270//1568 6271//1568 6272//1568
usemtl Building
f 6273//1569 6274//1569 6275//1569 6276//1569
f 6277//1570 6278//1570 6279//1570 6280//1570
f 6281//1571 6282//1571 6283//1571 6284//1571
f 6285//1572 6286//1572 6287//1572 6288//1572
usemtl Glass
f 6289//1573 6290//1573 6291//1573 6292//1573
usemtl Building
f 6293//1574 6294//1574 6295//1574 6296//1574
f 6297//1575 6298//1575 6299//1575 6300//1575
f 6301//1576 6302//1576 6303//1576 6304//1576
f 6305//1577 6306//1577 6307//1577 6308//1577
usemtl Glass
f 6309//1578 6310//1578 6311//1578 6312//1578
usemtl Building
f 6313//1579 6314//1579 6315//1579 6316//1579
f 6317//1580 6318//1580 6319//1580 6320//1580
f 6321//1581 6322//1581 6323//1581 6324//1581
f 6325//1582 6326//1582 6327//1582 6328//1582
usemtl Glass
f 6329//1583 6330//1583 6331//1583 6332//1583
usemtl Building
f 6333//1584 6334//1584 6335//1584 6336//1584
f 6337//1585 6338//1585 6339//1585 6340//1585
f 6341//1586 6342//1586 6343//1586 6344//1586
f 6345//1587 6346//1587 6347//1587 6348//1587
usemtl Glass
f 6349//1588 6350//1588 6351//1588 6352//1588
usemtl Building
f 6353//1589 6354//1589 6355//1589 6356//1589
f 6357//1590 6358//1590 6359//1590 6360//1590
f 6361//1591 6362//1591 6363//1591 6364//1591
f 6365//1592 6366//1592 6367//1592 6368//1592
usemtl Glass
f 6369//1593 6370//1593 6371//1593 6372//1593
usemtl Building
f 6373//1594 6374//1594 6375//1594 6376//1594
f 6377//1595 6378//1595 6379//1595 6380//1595
f 6381//1596 6382//1596 6383//1596 6384//1596
f 6385//1597 6386//1597 6387//1597 6388//1597
usemtl Glass
f 6389//1598 6390//1598 6391//1598 6392//1598
usemtl Building
f 6393//1599 6394//1599 6395//1599 6396//1599
f 6397//1600 6398//1600 6399//1600 6400//1600
f 6401//1601 6402//1601 6403//1601 6404//1601
f 6405//1602 6406//1602 6407//1602 6408//1602
usemtl Glass
f 6409//1603 6410//1603 6411//1603 6412//1603
usemtl Building
f 6413//1604 6414//1604 6415//1604 6416//1604
f 6417//1605 6418//1605 6419//1605 6420//1605
f 6421//1606 6422//1606 6423//1606 6424//1606
f 6425//1607 6426//1607 6427//1607 6428//1607
usemtl Glass
f 6429//1608 6430//1608 6431//1608 6432//1608
usemtl Building
f 6433//1609 6434//1609 6435//1609 6436//1609
f 6437//1610 6438//1610 6439//1610 6440//1610
f 6441//1611 6442//1611 6443//1611 6444//1611
f 6445//1612 6446//1612 6447//1612 6448//1612
usemtl Glass
f 6449//1613 6450//1613 6451//1613 6452//1613
usemtl Building
f 6453//1614 6454//1614 6455//1614 6456//1614
f 6457//1615 6458//1615 6459//1615 6460//1615
f 6461//1616 6462//1616 6463//1616 6464//1616
f 6465//1617 6466//1617 6467//1617 6468//1617
usemtl Glass
f 6469//1618 6470//1618 6471//1618 6472//1618
usemtl Building
f 6473//1619 6474//1619 6475//1619 6476//1619
f 6477//1620 6478//1620 6479//1620 6480//1620
f 6481//1621 6482//1621 6483//1621 6484//1621
f 6485//1622 6486//1622 6487//1622 6488//1622
usemtl Glass
f 6489//1623 6490//1623 6491//1623 6492//1623
usemtl Building
f 6493//1624 6494//1624 6495//1624 6496//1624
f 6497//1625 6498//1625 6499//1625 6500//1625
f 6501//1626 6502//1626 6503//1626 6504//1626
f 6505//1627 6506//1627 6507//1627 6508//1627
usemtl Glass
f 6509//1628 6510//1628 6511//1628 6512//1628
usemtl Building
f 6513//1629 6514//1629 6515//1629 6516//1629
f 6517//1630 6518//1630 6519//1630 6520//1630
f 6521//1631 6522//1631 6523//1631 6524//1631
f 6525//1632 6526//1632 6527//1632 6528//1632
usemtl Glass
f 6529//1633 6530//1633 6531//1633 6532//1633
usemtl Building
f 6533//1634 6534//1634 6535//1634 6536//1634
f 6537//1635 6538//1635 6539//1635 6540//1635
f 6541//1636 6542//1636 6543//1636 6544//1636
f 6545//1637 6546//1637 6547//1637 6548//1637
usemtl Glass
f 6549//1638 6550//1638 6551//1638 6552//1638
usemtl Building
f 6553//1639 6554//1639 6555//1639 6556//1639
f 6557//1640 6558//1640 6559//1640 6560//1640
f 6561//1641 6562//1641 6563//1641 6564//1641
f 6565//1642 6566//1642 6567//1642 6568//1642
usemtl Glass
f 6569//1643 6570//1643 6571//1643 6572//1643
usemtl Building
f 6573//1644 6574//1644 6575//1644 6576//1644
f 6577//1645 6578//1645 6579//1645 6580//1645
f 6581//1646 6582//1646 6583//1646 6584//1646
f 6585//1647 6586//1647 6587//1647 6588//1647
usemtl Glass
f 6589//1648 6590//1648 6591//1648 6592//1648
usemtl Building
f 6593//1649 6594//1649 6595//1649 6596//1649
f 6597//1650 6598//1650 6599//1650 6600//1650
f 6601//1651 6602//1651 6603//1651 6604//1651
f 6605//1652 6606//1652 6607//1652 6608//1652
usemtl Glass
f 6609//1653 6610//1653 6611//1653 6612//1653
usemtl Building
f 6613//1654 6614//1654 6615//1654 6616//1654
f 6617//1655 6618//1655 6619//1655 6620//1655
f 6621//1656 6622//1656 6623//1656 6624//1656
f 6625//1657 6626//1657 6627//1657 6628//1657
usemtl Glass
f 6629//1658 6630//1658 6631//1658 6632//1658
usemtl Building
f 6633//1659 6634//1659 6635//1659 6636//1659
f 6637//1660 6638//1660 6639//1660 6640//1660
f 6641//1661 6642//1661 6643//1661 6644//1661
f 6645//1662 6646//1662 6647//1662 6648//1662
usemtl Glass
f 6649//1663 6650//1663 6651//1663 6652//1663
usemtl Building
f 6653//1664 6654//1664 6655//1664 6656//1664
f 6657//1665 6658//1665 6659//1665 6660//1665
f 6661//1666 6662//1666 6663//1666 6664//1666
f 6665//1667 6666//1667 6667//1667 6668//1667
usemtl Glass
f 6669//1668 6670//1668 6671//1668 6672//1668
usemtl Building
f 6673//1669 6674//1669 6675//1669 6676//1669
f 6677//1670 6678//1670 6679//1670 6680//1670
f 6681//1671 6682//1671 6683//1671 6684//1671
f 6685//1672 6686//1672 6687//1672 6688//1672
usemtl Glass
f 6689//1673 6690//1673 6691//1673 6692//1673
usemtl Building
f 6693//1674 6694//1674 6695//1674 6696//1674
f 6697//1675 6698//1675 6699//1675 6700//1675
f 6701//1676 6702//1676 6703//1676 6704//1676
f 6705//1677 6706//1677 6707//1677 6708//1677
usemtl Glass
f 6709//1678 6710//1678 6711//1678 6712//1678
usemtl Building
f 6713//1679 6714//1679 6715//1679 6716//1679
f 6717//1680 6718//1680 6719//1680 6720//1680
f 6721//1681 6722//1681 6723//1681 6724//1681
f 6725//1682 6726//1682 6727//1682 6728//1682
usemtl Glass
f 6729//1683 6730//1683 6731//1683 6732//1683
usemtl Building
f 6733//1684 6734//1684 6735//1684 6736//1684
f 6737//1685 6738//1685 6739//1685 6740//1685
f 6741//1686 6742//1686 6743//1686 6744//1686
f 6745//1687 6746//1687 6747//1687 6748//1687
usemtl Glass
f 6749//1688 6750//1688 6751//1688 6752//1688
usemtl Building
f 6753//1689 6754//1689 6755//1689 6756//1689
f 6757//1690 6758//1690 6759//1690 6760//1690
f 6761//1691 6762//1691 6763//1691 6764//1691
f 6765//1692 6766//1692 6767//1692 6768//1692
usemtl Glass
f 6769//1693 6770//1693 6771//1693 6772//1693
usemtl Building
f 6773//1694 6774//1694 6775//1694 6776//1694
f 6777//1695 6778//1695 6779//1695 6780//1695
f 6781//1696 6782//1696 6783//1696 6784//1696
f 6785//1697 6786//1697 6787//1697 6788//1697
usemtl Glass
f 6789//1698 6790//1698 6791//1698 6792//1698
usemtl Building
f 6793//1699 6794//1699 6795//1699 6796//1699
f 6797//1700 6798//1700 6799//1700 6800//1700
f 6801//1701 6802//1701 6803//1701 6804//1701
f 6805//1702 6806//1702 6807//1702 6808//1702
usemtl Glass
f 6809//1703 6810//1703 6811//1703 6812//1703
usemtl Building
f 6813//1704 6814//1704 6815//1704 6816//1704
f 6817//1705 6818//1705 6819//1705 6820//1705
f 6821//1706 6822//1706 6823//1706 6824//1706
f 6825//1707 6826//1707 6827//1707 6828//1707
usemtl Glass
f 6829//1708 6830//1708 6831//1708 6832//1708
usemtl Building
f 6833//1709 6834//1709 6835//1709 6836//1709
f 6837//1710 6838//1710 6839//1710 6840//1710
f 6841//1711 6842//1711 6843//1711 6844//1711
f 6845//1712 6846//1712 6847//1712 6848//1712
usemtl Glass
f 6849//1713 6850//1713 6851//1713 6852//1713
usemtl Building
f 6853//1714 6854//1714 6855//1714 6856//1714
f 6857//1715 6858//1715 6859//1715 6860//1715
f 6861//1716 6862//1716 6863//1716 6864//1716
f 6865//1717 6866//1717 6867//1717 6868//1717
usemtl Glass
f 6869//1718 6870//1718 6871//1718 6872//1718
usemtl Building
f 6873//1719 6874//1719 6875//1719 6876//1719
f 6877//1720 6878//1720 6879//1720 6880//1720
f 6881//1721 6882//1721 6883//1721 6884//1721
f 6885//1722 6886//1722 6887//1722 6888//1722
usemtl Glass
f 6889//1723 6890//1723 6891//1723 6892//1723
usemtl Building
f 6893//1724 6894//1724 6895//1724 6896//1724
f 6897//1725 6898//1725 6899//1725 6900//1725
f 6901//1726 6902//1726 6903//1726 6904//1726
f 6905//1727 6906//1727 6907//1727 6908//1727
usemtl Glass
f 6909//1728 6910//1728 6911//1728 6912//1728
usemtl Building
f 6913//1729 6914//1729 6915//1729 6916//1729
f 6917//1730 6918//1730 6919//1730 6920//1730
f 6921//1731 6922//1731 6923//1731 6924//1731
f 6925//1732 6926//1732 6927//1732 6928//1732
usemtl Glass
f 6929//1733 6930//1733 6931//1733 6932//1733
usemtl Building
f 6933//1734 6934//1734 6935//1734 6936//1734
f 6937//1735 6938//1735 6939//1735 6940//1735
f 6941//1736 6942//1736 6943//1736 6944//1736
f 6945//1737 6946//1737 6947//1737 6948//1737
usemtl Glass
f 6949//1738 6950//1738 6951//1738 6952//1738
usemtl Building
f 6953//1739 6954//1739 6955//1739 6956//1739
f 6957//1740 6958//1740 6959//1740 6960//1740
f 6961//1741 6962//1741 6963//1741 6964//1741
f 6965//1742 6966//1742 6967//1742 6968//1742
usemtl Glass
f 6969//1743 6970//1743 6971//1743 6972//1743
usemtl Building
f 6973//1744 6974//1744 6975//1744 6976//1744
f 6977//1745 6978//1745 6979//1745 6980//1745
f 6981//1746 6982//1746 6983//1746 6984//1746
f 6985//1747 6986//1747 6987//1747 6988//1747
usemtl Glass
f 6989//1748 6990//1748 6991//1748 6992//1748
usemtl Building
f 6993//1749 6994//1749 6995//1749 6996//1749
f 6997//1750 6998//1750 6999//1750 7000//1750
f 7001//1751 7002//1751 7003//1751 7004//1751
f 7005//1752 7006//1752 7007//1752 7008//1752
usemtl Glass
f 7009//1753 7010//1753 7011//1753 7012//1753
usemtl Building
f 7013//1754 7014//1754 7015//1754 7016//1754
f 7017//1755 7018//1755 7019//1755 7020//1755
f 7021//1756 7022//1756 7023//1756 7024//1756
f 7025//1757 7026//1757 7027//1757 7028//1757
usemtl Glass
f 7029//1758 7030//1758 7031//1758 7032//1758
usemtl Building
f 7033//1759 7034//1759 7035//1759 7036//1759
f 7037//1760 7038//1760 7039//1760 7040//1760
f 7041//1761 7042//1761 7043//1761 7044//1761
f 7045//1762 7046//1762 7047//1762 7048//1762
usemtl Glass
f 7049//1763 7050//1763 7051//1763 7052//1763
usemtl Building
f 7053//1764 7054//1764 7055//1764 7056//1764
f 7057//1765 7058//1765 7059//1765 7060//1765
f 7061//1766 7062//1766 7063//1766 7064//1766
f 7065//1767 7066//1767 7067//1767 7068//1767
usemtl Glass
f 7069//1768 7070//1768 7071//1768 7072//1768
usemtl Building
f 7073//1769 7074//1769 7075//1769 7076//1769
f 7077//1770 7078//1770 7079//1770 7080//1770
f 7081//1771 7082//1771 7083//1771 7084//1771
f 7085//1772 7086//1772 7087//1772 7088//1772
usemtl Glass
f 7089//1773 7090//1773 7091//1773 7092//1773
usemtl Building
f 7093//1774 7094//1774 7095//1774 7096//1774
f 7097//1775 7098//1775 7099//1775 7100//1775
f 7101//1776 7102//1776 7103//1776 7104//1776
f 7105//1777 7106//1777 7107//1777 7108//1777
usemtl Glass
f 7109//1778 7110//1778 7111//1778 7112//1778
usemtl Building
f 7113//1779 7114//1779 7115//1779 7116//1779
f 7117//1780 7118//1780 7119//1780 7120//1780
f 7121//1781 7122//1781 7123//1781 7124//1781
f 7125//1782 7126//1782 7127//1782 7128//1782
usemtl Glass
f 7129//1783 7130//1783 7131//1783 7132//1783
usemtl Building
f 7133//1784 7134//1784 7135//1784 7136//1784
f 7137//1785 7138//1785 7139//1785 7140//1785
f 7141//1786 7142//1786 7143//1786 7144//1786
f 7145//1787 7146//1787 7147//1787 7148//1787
usemtl Glass
f 7149//1788 7150//1788 7151//1788 7152//1788
usemtl Building
f 7153//1789 7154//1789 7155//1789 7156//1789
f 7157//1790 7158//1790 7159//1790 7160//1790
f 7161//1791 7162//1791 7163//1791 7164//1791
f 7165//1792 7166//1792 7167//1792 7168//1792
usemtl Glass
f 7169//1793 7170//1793 7171//1793 7172//1793
usemtl Building
f 7173//1794 7174//1794 7175//1794 7176//1794
f 7177//1795 7178//1795 7179//1795 7180//1795
f 7181//1796 7182//1796 7183//1796 7184//1796
f 7185//1797 7186//1797 7187//1797 7188//1797
usemtl Glass
f 7189//1798 7190//1798 7191//1798 7192//1798
usemtl Building
f 7193//1799 7194//1799 7195//1799 7196//1799
f 7197//1800 7198//1800 7199//1800 7200//1800
f 7201//1801 7202//1801 7203//1801 7204//1801
f 7205//1802 7206//1802 7207//1802 7208//1802
usemtl Glass
f 7209//1803 7210//1803 7211//1803 7212//1803
usemtl Building
f 7213//1804 7214//1804 7215//1804 7216//1804
f 7217//1805 7218//1805 7219//1805 7220//1805
f 7221//1806 7222//1806 7223//1806 7224//1806
f 7225//1807 7226//1807 7227//1807 7228//1807
usemtl Glass
f 7229//1808 7230//1808 7231//1808 7232//1808
usemtl Building
f 7233//1809 7234//1809 7235//1809 7236//1809
f 7237//1810 7238//1810 7239//1810 7240//1810
f 7241//1811 7242//1811 7243//1811 7244//1811
f 7245//1812 7246//1812 7247//1812 7248//1812
usemtl Glass
f 7249//1813 7250//1813 7251//1813 7252//1813
usemtl Building
f 7253//1814 7254//1814 7255//1814 7256//1814
f 7257//1815 7258//1815 7259//1815 7260//1815
f 7261//1816 7262//1816 7263//1816 7264//1816
f 7265//1817 7266//1817 7267//1817 7268//1817
usemtl Glass
f 7269//1818 7270//1818 7271//1818 7272//1818
usemtl Building
f 7273//1819 7274//1819 7275//1819 7276//1819
f 7277//1820 7278//1820 7279//1820 7280//1820
f 7281//1821 7282//1821 7283//1821 7284//1821
f 7285//1822 7286//1822 7287//1822 7288//1822
usemtl Glass
f 7289//1823 7290//1823 7291//1823 7292//1823
usemtl Building
f 7293//1824 7294//1824 7295//1824 7296//1824
f 7297//1825 7298//1825 7299//1825 7300//1825
f 7301//1826 7302//1826 7303//1826 7304//1826
f 7305//1827 7306//1827 7307//1827 7308//1827
usemtl Glass
f 7309//1828 7310//1828 7311//1828 7312//1828
usemtl Building
f 7313//1829 7314//1829 7315//1829 7316//1829
f 7317//1830 7318//1830 7319//1830 7320//1830
f 7321//1831 7322//1831 7323//1831 7324//1831
f 7325//1832 7326//1832 7327//1832 7328//1832
usemtl Glass
f 7329//1833 7330//1833 7331//1833 7332//1833
usemtl Building
f 7333//1834 7334//1834 7335//1834 7336//1834
f 7337//1835 7338//1835 7339//1835 7340//1835
f 7341//1836 7342//1836 7343//1836 7344//1836
f 7345//1837 7346//1837 7347//1837 7348//1837
usemtl Glass
f 7349//1838 7350//1838 7351//1838 7352//1838
usemtl Building
f 7353//1839 7354//1839 7355//1839 7356//1839
f 7357//1840 7358//1840 7359//1840 7360//1840
f 7361//1841 7362//1841 7363//1841 7364//1841
f 7365//1842 7366//1842 7367//1842 7368//1842
usemtl Glass
f 7369//1843 7370//1843 7371//1843 7372//1843
usemtl Building
f 7373//1844 7374//1844 7375//1844 7376//1844
f 7377//1845 7378//1845 7379//1845 7380//1845
f 7381//1846 7382//1846 7383//1846 7384//1846
f 7385//1847 7386//1847 7387//1847 7388//1847
usemtl Glass
f 7389//1848 7390//1848 7391//1848 7392//1848
usemtl Building
f 7393//1849 7394//1849 7395//1849 7396//1849
f 7397//1850 7398//1850 7399//1850 7400//1850
f 7401//1851 7402//1851 7403//1851 7404//1851
f 7405//1852 7406//1852 7407//1852 7408//1852
usemtl Glass
f 7409//1853 7410//1853 7411//1853 7412//1853
usemtl Building
f 7413//1854 7414//1854 7415//1854 7416//1854
f 7417//1855 7418//1855 7419//1855 7420//1855
f 7421//1856 7422//1856 7423//1856 7424//1856
f 7425//1857 7426//1857 7427//1857 7428//1857
usemtl Glass
f 7429//1858 7430//1858 7431//1858 7432//1858
usemtl Building
f 7433//1859 7434//1859 7435//1859 7436//1859
f 7437//1860 7438//1860 7439//1860 7440//1860
f 7441//1861 7442//1861 7443//1861 7444//1861
f 7445//1862 7446//1862 7447//1862 7448//1862
usemtl Glass
f 7449//1863 7450//1863 7451//1863 7452//1863
usemtl Building
f 7453//1864 7454//1864 7455//1864 7456//1864
f 7457//1865 7458//1865 7459//1865 7460//1865
f 7461//1866 7462//1866 7463//1866 7464//1866
f 7465//1867 7466//1867 7467//1867 7468//1867
usemtl Glass
f 7469//1868 7470//1868 7471//1868 7472//1868
usemtl Building
f 7473//1869 7474//1869 7475//1869 7476//1869
f 7477//1870 7478//1870 7479//1870 7480//1870
f 7481//1871 7482//1871 7483//1871 7484//1871
f 7485//1872 7486//1872 7487//1872 7488//1872
usemtl Glass
f 7489//1873 7490//1873 7491//1873 7492//1873
usemtl Building
f 7493//1874 7494//1874 7495//1874 7496//1874
f 7497//1875 7498//1875 7499//1875 7500//1875
f 7501//1876 7502//1876 7503//1876 7504//1876
f 7505//1877 7506//1877 7507//1877 7508//1877
usemtl Glass
f 7509//1878 7510//1878 7511//1878 7512//1878
usemtl Building
f 7513//1879 7514//1879 7515//1879 7516//1879
f 7517//1880 7518//1880 7519//1880 7520//1880
f 7521//1881 7522//1881 7523//1881 7524//1881
f 7525//1882 7526//1882 7527//1882 7528//1882
usemtl Glass
f 7529//1883 7530//1883 7531//1883 7532//1883
usemtl Building
f 7533//1884 7534//1884 7535//1884 7536//1884
f 7537//1885 7538//1885 7539//1885 7540//1885
f 7541//1886 7542//1886 7543//1886 7544//1886
f 7545//1887 7546//1887 7547//1887 7548//1887
usemtl Glass
f 7549//1888 7550//1888 7551//1888 7552//1888
usemtl Building
f 7553//1889 7554//1889 7555//1889 7556//1889
f 7557//1890 7558//1890 7559//1890 7560//1890
f 7561//1891 7562//1891 7563//1891 7564//1891
f 7565//1892 7566//1892 7567//1892 7568//1892
usemtl Glass
f 7569//1893 7570//1893 7571//1893 7572//1893
usemtl Building
f 7573//1894 7574//1894 7575//1894 7576//1894
f 7577//1895 7578//1895 7579//1895 7580//1895
f 7581//1896 7582//1896 7583//1896 7584//1896
f 7585//1897 7586//1897 7587//1897 7588//1897
usemtl Glass
f 7589//1898 7590//1898 7591//1898 7592//1898
usemtl Building
f 7593//1899 7594//1899 7595//1899 7596//1899
f 7597//1900 7598//1900 7599//1900 7600//1900
f 7601//1901 7602//1901 7603//1901 7604//1901
f 7605//1902 7606//1902 7607//1902 7608//1902
usemtl Glass
f 7609//1903 7610//1903 7611//1903 7612//1903
usemtl Building
f 7613//1904 7614//1904 7615//1904 7616//1904
f 7617//1905 7618//1905 7619//1905 7620//1905
f 7621//1906 7622//1906 7623//1906 7624//1906
f 7625//1907 7626//1907 7627//1907 7628//1907
usemtl Glass
f 7629//1908 7630//1908 7631//1908 7632//1908
usemtl Building
f 7633//1909 7634//1909 7635//1909 7636//1909
f 7637//1910 7638//1910 7639//1910 7640//1910
f 7641//1911 7642//1911 7643//1911 7644//1911
f 7645//1912 7646//1912 7647//1912 7648//1912
usemtl Glass
f 7649//1913 7650//1913 7651//1913 7652//1913
usemtl Building
f 7653//1914 7654//1914 7655//1914 7656//1914
f 7657//1915 7658//1915 7659//1915 7660//1915
f 7661//1916 7662//1916 7663//1916 7664//1916
f 7665//1917 7666//1917 7667//1917 7668//1917
usemtl Glass
f 7669//1918 7670//1918 7671//1918 7672//1918
usemtl Building
f 7673//1919 7674//1919 7675//1919 7676//1919
f 7677//1920 7678//1920 7679//1920 7680//1920
f 7681//1921 7682//1921 7683//1921 7684//1921
f 7685//1922 7686//1922 7687//1922 7688//1922
usemtl Glass
f 7689//1923 7690//1923 7691//1923 7692//1923
usemtl Building
f 7693//1924 7694//1924 7695//1924 7696//1924
f 7697//1925 7698//1925 7699//1925 7700//1925
f 7701//1926 7702//1926 7703//1926 7704//1926
f 7705//1927 7706//1927 7707//1927 7708//1927
usemtl Glass
f 7709//1928 7710//1928 7711//1928 7712//1928
usemtl Building
f 7713//1929 7714//1929 7715//1929 7716//1929
f 7717//1930 7718//1930 7719//1930 7720//1930
f 7721//1931 7722//1931 7723//1931 7724//1931
f 7725//1932 7726//1932 7727//1932 7728//1932
usemtl Glass
f 7729//1933 7730//1933 7731//1933 7732//1933
usemtl Building
f 7733//1934 7734//1934 7735//1934 7736//1934
f 7737//1935 7738//1935 7739//1935 7740//1935
f 7741//1936 7742//1936 7743//1936 7744//1936
f 7745//1937 7746//1937 7747//1937 7748//1937
usemtl Glass
f 7749//1938 7750//1938 7751//1938 7752//1938
usemtl Building
f 7753//1939 7754//1939 7755//1939 7756//1939
f 7757//1940 7758//1940 7759//1940 7760//1940
f 7761//1941 7762//1941 7763//1941 7764//1941
f 7765//1942 7766//1942 7767//1942 7768//1942
usemtl Glass
f 7769//1943 7770//1943 7771//1943 7772//1943
usemtl Building
f 7773//1944 7774//1944 7775//1944 7776//1944
f 7777//1945 7778//1945 7779//1945 7780//1945
f 7781//1946 7782//1946 7783//1946 7784//1946
f 7785//1947 7786//1947 7787//1947 7788//1947
usemtl Glass
f 7789//1948 7790//1948 7791//1948 7792//1948
usemtl Building
f 7793//1949 7794//1949 7795//1949 7796//1949
f 7797//1950 7798//1950 7799//1950 7800//1950
f 7801//1951 7802//1951 7803//1951 7804//1951
f 7805//1952 7806//1952 7807//1952 7808//1952
usemtl Glass
f 7809//1953 7810//1953 7811//1953 7812//1953
usemtl Building
f 7813//1954 7814//1954 7815//1954 7816//1954
f 7817//1955 7818//1955 7819//1955 7820//1955
f 7821//1956 7822//1956 7823//1956 7824//1956
f 7825//1957 7826//1957 7827//1957 7828//1957
usemtl Glass
f 7829//1958 7830//1958 7831//1958 7832//1958
usemtl Building
f 7833//1959 7834//1959 7835//1959 7836//1959
f 7837//1960 7838//1960 7839//1960 7840//1960
f 7841//1961 7842//1961 7843//1961 7844//1961
f 7845//1962 7846//1962 7847//1962 7848//1962
usemtl Glass
f 7849//1963 7850//1963 7851//1963 7852//1963
usemtl Building
f 7853//1964 7854//1964 7855//1964 7856//1964
f 7857//1965 7858//1965 7859//1965 7860//1965
f 7861//1966 7862//1966 7863//1966 7864//1966
f 7865//1967 7866//1967 7867//1967 7868//1967
usemtl Glass
f 7869//1968 7870//1968 7871//1968 7872//1968
usemtl Building
f 7873//1969 7874//1969 7875//1969 7876//1969
f 7877//1970 7878//1970 7879//1970 7880//1970
f 7881//1971 7882//1971 7883//1971 7884//1971
f 7885//1972 7886//1972 7887//1972 7888//1972
usemtl Glass
f 7889//1973 7890//1973 7891//1973 7892//1973
usemtl Building
f 7893//1974 7894//1974 7895//1974 7896//1974
f 7897//1975 7898//1975 7899//1975 7900//1975
f 7901//1976 7902//1976 7903//1976 7904//1976
f 7905//1977 7906//1977 7907//1977 7908//1977
usemtl Glass
f 7909//1978 7910//1978 7911//1978 7912//1978
usemtl Building
f 7913//1979 7914//1979 7915//1979 7916//1979
f 7917//1980 7918//1980 7919//1980 7920//1980
f 7921//1981 7922//1981 7923//1981 7924//1981
f 7925//1982 7926//1982 7927//1982 7928//1982
usemtl Glass
f 7929//1983 7930//1983 7931//1983 7932//1983
usemtl Building
f 7933//1984 7934//1984 7935//1984 7936//1984
f 7937//1985 7938//1985 7939//1985 7940//1985
f 7941//1986 7942//1986 7943//1986 7944//1986
f 7945//1987 7946//1987 7947//1987 7948//1987
usemtl Glass
f 7949//1988 7950//1988 7951//1988 7952//1988
usemtl Building
f 7953//1989 7954//1989 7955//1989 7956//1989
f 7957//1990 7958//1990 7959//1990 7960//1990
f 7961//1991 7962//1991 7963//1991 7964//1991
f 7965//1992 7966//1992 7967//1992 7968//1992
usemtl Glass
f 7969//1993 7970//1993 7971//1993 7972//1993
usemtl Building
f 7973//1994 7974//1994 7975//1994 7976//1994
f 7977//1995 7978//1995 7979//1995 7980//1995
f 7981//1996 7982//1996 7983//1996 7984//1996
f 7985//1997 7986//1997 7987//1997 7988//1997
usemtl Glass
f 7989//1998 7990//1998 7991//1998 7992//1998
usemtl Building
f 7993//1999 7994//1999 7995//1999 7996//1999
f 7997//2000 7998//2000 7999//2000 8000//2000
f 8001//2001 8002//2001 8003//2001 8004//2001
f 8005//2002 8006//2002 8007//2002 8008//2002
usemtl Glass
f 8009//2003 8010//2003 8011//2003 8012//2003
usemtl Building
f 8013//2004 8014//2004 8015//2004 8016//2004
f 8017//2005 8018//2005 8019//2005 8020//2005
f 8021//2006 8022//2006 8023//2006 8024//2006
f 8025//2007 8026//2007 8027//2007 8028//2007
usemtl Glass
f 8029//2008 8030//2008 8031//2008 8032//2008
usemtl Building
f 8033//2009 8034//2009 8035//2009 8036//2009
f 8037//2010 8038//2010 8039//2010 8040//2010
f 8041//2011 8042//2011 8043//2011 8044//2011
f 8045//2012 8046//2012 8047//2012 8048//2012
usemtl Glass
f 8049//2013 8050//2013 8051//2013 8052//2013
usemtl Building
f 8053//2014 8054//2014 8055//2014 8056//2014
f 8057//2015 8058//2015 8059//2015 8060//2015
f 8061//2016 8062//2016 8063//2016 8064//2016
f 8065//2017 8066//2017 8067//2017 8068//2017
usemtl Glass
f 8069//2018 8070//2018 8071//2018 8072//2018
usemtl Building
f 8073//2019 8074//2019 8075//2019 8076//2019
f 8077//2020 8078//2020 8079//2020 8080//2020
f 8081//2021 8082//2021 8083//2021 8084//2021
f 8085//2022 8086//2022 8087//2022 8088//2022
usemtl Glass
f 8089//2023 8090//2023 8091//2023 8092//2023
usemtl Building
f 8093//2024 8094//2024 8095//2024 8096//2024
f 8097//2025 8098//2025 8099//2025 8100//2025
f 8101//2026 8102//2026 8103//2026 8104//2026
f 8105//2027 8106//2027 8107//2027 8108//2027
usemtl Glass
f 8109//2028 8110//2028 8111//2028 8112//2028
usemtl Building
f 8113//2029 8114//2029 8115//2029 8116//2029
f 8117//2030 8118//2030 8119//2030 8120//2030
f 8121//2031 8122//2031 8123//2031 8124//2031
f 8125//2032 8126//2032 8127//2032 8128//2032
usemtl Glass
f 8129//2033 8130//2033 8131//2033 8132//2033
usemtl Building
f 8133//2034 8134//2034 8135//2034 8136//2034
f 8137//2035 8138//2035 8139//2035 8140//2035
f 8141//2036 8142//2036 8143//2036 8144//2036
f 8145//2037 8146//2037 8147//2037 8148//2037
usemtl Glass
f 8149//2038 8150//2038 8151//2038 8152//2038
usemtl Building
f 8153//2039 8154//2039 8155//2039 8156//2039
f 8157//2040 8158//2040 8159//2040 8160//2040
f 8161//2041 8162//2041 8163//2041 8164//2041
f 8165//2042 8166//2042 8167//2042 8168//2042
usemtl Glass
f 8169//2043 8170//2043 8171//2043 8172//2043
usemtl Building
f 8173//2044 8174//2044 8175//2044 8176//2044
f 8177//2045 8178//2045 8179//2045 8180//2045
f 8181//2046 8182//2046 8183//2046 8184//2046
f 8185//2047 8186//2047 8187//2047 8188//2047
usemtl Glass
f 8189//2048 8190//2048 8191//2048 8192//2048
usemtl Building
f 8193//2049 8194//2049 8195//2049 8196//2049
f 8197//2050 8198//2050 8199//2050 8200//2050
f 8201//2051 8202//2051 8203//2051 8204//2051
f 8205//2052 8206//2052 8207//2052 8208//2052
usemtl Glass
f 8209//2053 8210//2053 8211//2053 8212//2053
usemtl Building
f 8213//2054 8214//2054 8215//2054 8216//2054
f 8217//2055 8218//2055 8219//2055 8220//2055
f 8221//2056 8222//2056 8223//2056 8224//2056
f 8225//2057 8226//2057 8227//2057 8228//2057
usemtl Glass
f 8229//2058 8230//2058 8231//2058 8232//2058
usemtl Building
f 8233//2059 8234//2059 8235//2059 8236//2059
f 8237//2060 8238//2060 8239//2060 8240//2060
f 8241//2061 8242//2061 8243//2061 8244//2061
f 8245//2062 8246//2062 8247//2062 8248//2062
usemtl Glass
f 8249//2063 8250//2063 8251//2063 8252//2063
usemtl Building
f 8253//2064 8254//2064 8255//2064 8256//2064
f 8257//2065 8258//2065 8259//2065 8260//2065
f 8261//2066 8262//2066 8263//2066 8264//2066
f 8265//2067 8266//2067 8267//2067 8268//2067
usemtl Glass
f 8269//2068 8270//2068 8271//2068 8272//2068
usemtl Building
f 8273//2069 8274//2069 8275//2069 8276//2069
f 8277//2070 8278//2070 8279//2070 8280//2070
f 8281//2071 8282//2071 8283//2071 8284//2071
f 8285//2072 8286//2072 8287//2072 8288//2072
usemtl Glass
f 8289//2073 8290//2073 8291//2073 8292//2073
usemtl Building
f 8293//2074 8294//2074 8295//2074 8296//2074
f 8297//2075 8298//2075 8299//2075 8300//2075
f 8301//2076 8302//2076 8303//2076 8304//2076
f 8305//2077 8306//2077 8307//2077 8308//2077
usemtl Glass
f 8309//2078 8310//2078 8311//2078 8312//2078
usemtl Building
f 8313//2079 8314//2079 8315//2079 8316//2079
f 8317//2080 8318//2080 8319//2080 8320//2080
f 8321//2081 8322//2081 8323//2081 8324//2081
f 8325//2082 8326//2082 8327//2082 8328//2082
usemtl Glass
f 8329//2083 8330//2083 8331//2083 8332//2083
usemtl Building
f 8333//2084 8334//2084 8335//2084 8336//2084
f 8337//2085 8338//2085 8339//2085 8340//2085
f 8341//2086 8342//2086 8343//2086 8344//2086
f 8345//2087 8346//2087 8347//2087 8348//2087
usemtl Glass
f 8349//2088 8350//2088 8351//2088 8352//2088
usemtl Building
f 8353//2089 8354//2089 8355//2089 8356//2089
f 8357//2090 8358//2090 8359//2090 8360//2090
f 8361//2091 8362//2091 8363//2091 8364//2091
f 8365//2092 8366//2092 8367//2092 8368//2092
usemtl Glass
f 8369//2093 8370//2093 8371//2093 8372//2093
usemtl Building
f 8373//2094 8374//2094 8375//2094 8376//2094
f 8377//2095 8378//2095 8379//2095 8380//2095
f 8381//2096 8382//2096 8383//2096 8384//2096
f 8385//2097 8386//2097 8387//2097 8388//2097
usemtl Glass
f 8389//2098 8390//2098 8391//2098 8392//2098
usemtl Building
f 8393//2099 8394//2099 8395//2099 8396//2099
f 8397//2100 8398//2100 8399//2100 8400//2100
f 8401//2101 8402//2101 8403//2101 8404//2101
f 8405//2102 8406//2102 8407//2102 8408//2102
usemtl Glass
f 8409//2103 8410//2103 8411//2103 8412//2103
usemtl Building
f 8413//2104 8414//2104 8415//2104 8416//2104
f 8417//2105 8418//2105 8419//2105 8420//2105
f 8421//2106 8422//2106 8423//2106 8424//2106
f 8425//2107 8426//2107 8427//2107 8428//2107
usemtl Glass
f 8429//2108 8430//2108 8431//2108 8432//2108
usemtl Building
f 8433//2109 8434//2109 8435//2109 8436//2109
f 8437//2110 8438//2110 8439//2110 8440//2110
f 8441//2111 8442//2111 8443//2111 8444//2111
f 8445//2112 8446//2112 8447//2112 8448//2112
usemtl Glass
f 8449//2113 8450//2113 8451//2113 8452//2113
usemtl Building
f 8453//2114 8454//2114 8455//2114 8456//2114
f 8457//2115 8458//2115 8459//2115 8460//2115
f 8461//2116 8462//2116 8463//2116 8464//2116
f 8465//2117 8466//2117 8467//2117 8468//2117
usemtl Glass
f 8469//2118 8470//2118 8471//2118 8472//2118
usemtl Building
f 8473//2119 8474//2119 8475//2119 8476//2119
f 8477//2120 8478//2120 8479//2120 8480//2120
f 8481//2121 8482//2121 8483//2121 8484//2121
f 8485//2122 8486//2122 8487//2122 8488//2122
usemtl Glass
f 8489//2123 8490//2123 8491//2123 8492//2123
usemtl Building
f 8493//2124 8494//2124 8495//2124 8496//2124
f 8497//2125 8498//2125 8499//2125 8500//2125
f 8501//2126 8502//2126 8503//2126 8504//2126
f 8505//2127 8506//2127 8507//2127 8508//2127
usemtl Glass
f 8509//2128 8510//2128 8511//2128 8512//2128
usemtl Building
f 8513//2129 8514//2129 8515//2129 8516//2129
f 8517//2130 8518//2130 8519//2130 8520//2130
f 8521//2131 8522//2131 8523//2131 8524//2131
f 8525//2132 8526//2132 8527//2132 8528//2132
usemtl Glass
f 8529//2133 8530//2133 8531//2133 8532//2133
usemtl Building
f 8533//2134 8534//2134 8535//2134 8536//2134
f 8537//2135 8538//2135 8539//2135 8540//2135
f 8541//2136 8542//2136 8543//2136 8544//2136
f 8545//2137 8546//2137 8547//2137 8548//2137
usemtl Glass
f 8549//2138 8550//2138 8551//2138 8552//2138
usemtl Building
f 8553//2139 8554//2139 8555//2139 8556//2139
f 8557//2140 8558//2140 8559//2140 8560//2140
f 8561//2141 8562//2141 8563//2141 8564//2141
f 8565//2142 8566//2142 8567//2142 8568//2142
usemtl Glass
f 8569//2143 8570//2143 8571//2143 8572//2143
usemtl Building
f 8573//2144 8574//2144 8575//2144 8576//2144
f 8577//2145 8578//2145 8579//2145 8580//2145
f 8581//2146 8582//2146 8583//2146 8584//2146
f 8585//2147 8586//2147 8587//2147 8588//2147
usemtl Glass
f 8589//2148 8590//2148 8591//2148 8592//2148
usemtl Building
f 8593//2149 8594//2149 8595//2149 8596//2149
f 8597//2150 8598//2150 8599//2150 8600//2150
f 8601//2151 8602//2151 8603//2151 8604//2151
f 8605//2152 8606//2152 8607//2152 8608//2152
usemtl Glass
f 8609//2153 8610//2153 8611//2153 8612//2153
usemtl Building
f 8613//2154 8614//2154 8615//2154 8616//2154
f 8617//2155 8618//2155 8619//2155 8620//2155
f 8621//2156 8622//2156 8623//2156 8624//2156
f 8625//2157 8626//2157 8627//2157 8628//2157
usemtl Glass
f 8629//2158 8630//2158 8631//2158 8632//2158
usemtl Building
f 8633//2159 8634//2159 8635//2159 8636//2159
f 8637//2160 8638//2160 8639//2160 8640//2160
f 8641//2161 8642//2161 8643//2161 8644//2161
f 8645//2162 8646//2162 8647//2162 8648//2162
usemtl Glass
f 8649//2163 8650//2163 8651//2163 8652//2163
usemtl Building
f 8653//2164 8654//2164 8655//2164 8656//2164
f 8657//2165 8658//2165 8659//2165 8660//2165
f 8661//2166 8662//2166 8663//2166 8664//2166
f 8665//2167 8666//2167 8667//2167 8668//2167
usemtl Glass
f 8669//2168 8670//2168 8671//2168 8672//2168
usemtl Building
f 8673//2169 8674//2169 8675//2169 8676//2169
f 8677//2170 8678//2170 8679//2170 8680//2170
f 8681//2171 8682//2171 8683//2171 8684//2171
f 8685//2172 8686//2172 8687//2172 8688//2172
usemtl Glass
f 8689//2173 8690//2173 8691//2173 8692//2173
usemtl Building
f 8693//2174 8694//2174 8695//2174 8696//2174
f 8697//2175 8698//2175 8699//2175 8700//2175
f 8701//2176 8702//2176 8703//2176 8704//2176
f 8705//2177 8706//2177 8707//2177 8708//2177
usemtl Glass
f 8709//2178 8710//2178 8711//2178 8712//2178
usemtl Building
f 8713//2179 8714//2179 8715//2179 8716//2179
f 8717//2180 8718//2180 8719//2180 8720//2180
f 8721//2181 8722//2181 8723//2181 8724//2181
f 8725//2182 8726//2182 8727//2182 8728//2182
usemtl Glass
f 8729//2183 8730//2183 8731//2183 8732//2183
usemtl Building
f 8733//2184 8734//2184 8735//2184 8736//2184
f 8737//2185 8738//2185 8739//2185 8740//2185
f 8741//2186 8742//2186 8743//2186 8744//2186
f 8745//2187 8746//2187 8747//2187 8748//2187
usemtl Glass
f 8749//2188 8750//2188 8751//2188 8752//2188
usemtl Building
f 8753//2189 8754//2189 8755//2189 8756//2189
f 8757//2190 8758//2190 8759//2190 8760//2190
f 8761//2191 8762//2191 8763//2191 8764//2191
f 8765//2192 8766//2192 8767//2192 8768//2192
usemtl Glass
f 8769//2193 8770//2193 8771//2193 8772//2193
usemtl Building
f 8773//2194 8774//2194 8775//2194 8776//2194
f 8777//2195 8778//2195 8779//2195 8780//2195
f 8781//2196 8782//2196 8783//2196 8784//2196
f 8785//2197 8786//2197 8787//2197 8788//2197
usemtl Glass
f 8789//2198 8790//2198 8791//2198 8792//2198
usemtl Building
f 8793//2199 8794//2199 8795//2199 8796//2199
f 8797//2200 8798//2200 8799//2200 8800//2200
f 8801//2201 8802//2201 8803//2201 8804//2201
f 8805//2202 8806//2202 8807//2202 8808//2202
usemtl Glass
f 8809//2203 8810//2203 8811//2203 8812//2203
usemtl Building
f 8813//2204 8814//2204 8815//2204 8816//2204
f 8817//2205 8818//2205 8819//2205 8820//2205
f 8821//2206 8822//2206 8823//2206 8824//2206
f 8825//2207 8826//2207 8827//2207 8828//2207
usemtl Glass
f 8829//2208 8830//2208 8831//2208 8832//2208
usemtl Building
f 8833//2209 8834//2209 8835//2209 8836//2209
f 8837//2210 8838//2210 8839//2210 8840//2210
f 8841//2211 8842//2211 8843//2211 8844//2211
f 8845//2212 8846//2212 8847//2212 8848//2212
usemtl Glass
f 8849//2213 8850//2213 8851//2213 8852//2213
usemtl Building
f 8853//2214 8854//2214 8855//2214 8856//2214
f 8857//2215 8858//2215 8859//2215 8860//2215
f 8861//2216 8862//2216 8863//2216 8864//2216
f 8865//2217 8866//2217 8867//2217 8868//2217
usemtl Glass
f 8869//2218 8870//2218 8871//2218 8872//2218
usemtl Building
f 8873//2219 8874//2219 8875//2219 8876//2219
f 8877//2220 8878//2220 8879//2220 8880//2220
f 8881//2221 8882//2221 8883//2221 8884//2221
f 8885//2222 8886//2222 8887//2222 8888//2222
usemtl Glass
f 8889//2223 8890//2223 8891//2223 8892//2223
usemtl Building
f 8893//2224 8894//2224 8895//2224 8896//2224
f 8897//2225 8898//2225 8899//2225 8900//2225
f 8901//2226 8902//2226 8903//2226 8904//2226
f 8905//2227 8906//2227 8907//2227 8908//2227
usemtl Glass
f 8909//2228 8910//2228 8911//2228 8912//2228
usemtl Building
f 8913//2229 8914//2229 8915//2229 8916//2229
f 8917//2230 8918//2230 8919//2230 8920//2230
f 8921//2231 8922//2231 8923//2231 8924//2231
f 8925//2232 8926//2232 8927//2232 8928//2232
usemtl Glass
f 8929//2233 8930//2233 8931//2233 8932//2233
usemtl Building
f 8933//2234 8934//2234 8935//2234 8936//2234
f 8937//2235 8938//2235 8939//2235 8940//2235
f 8941//2236 8942//2236 8943//2236 8944//2236
f 8945//2237 8946//2237 8947//2237 8948//2237
usemtl Glass
f 8949//2238 8950//2238 8951//2238 8952//2238
usemtl Building
f 8953//2239 8954//2239 8955//2239 8956//2239
f 8957//2240 8958//2240 8959//2240 8960//2240
f 8961//2241 8962//2241 8963//2241 8964//2241
f 8965//2242 8966//2242 8967//2242 8968//2242
usemtl Glass
f 8969//2243 8970//2243 8971//2243 8972//2243
usemtl Building
f 8973//2244 8974//2244 8975//2244 8976//2244
f 8977//2245 8978//2245 8979//2245 8980//2245
f 8981//2246 8982//2246 8983//2246 8984//2246
f 8985//2247 8986//2247 8987//2247 8988//2247
usemtl Glass
f 8989//2248 8990//2248 8991//2248 8992//2248
usemtl Building
f 8993//2249 8994//2249 8995//2249 8996//2249
f 8997//2250 8998//2250 8999//2250 9000//2250
f 9001//2251 9002//2251 9003//2251 9004//2251
f 9005//2252 9006//2252 9007//2252 9008//2252
usemtl Glass
f 9009//2253 9010//2253 9011//2253 9012//2253
usemtl Building
f 9013//2254 9014//2254 9015//2254 9016//2254
f 9017//2255 9018//2255 9019//2255 9020//2255
f 9021//2256 9022//2256 9023//2256 9024//2256
f 9025//2257 9026//2257 9027//2257 9028//2257
usemtl Glass
f 9029//2258 9030//2258 9031//2258 9032//2258
usemtl Building
f 9033//2259 9034//2259 9035//2259 9036//2259
f 9037//2260 9038//2260 9039//2260 9040//2260
f 9041//2261 9042//2261 9043//2261 9044//2261
f 9045//2262 9046//2262 9047//2262 9048//2262
usemtl Glass
f 9049//2263 9050//2263 9051//2263 9052//2263
usemtl Building
f 9053//2264 9054//2264 9055//2264 9056//2264
f 9057//2265 9058//2265 9059//2265 9060//2265
f 9061//2266 9062//2266 9063//2266 9064//2266
f 9065//2267 9066//2267 9067//2267 9068//2267
usemtl Glass
f 9069//2268 9070//2268 9071//2268 9072//2268
usemtl Building
f 9073//2269 9074//2269 9075//2269 9076//2269
f 9077//2270 9078//2270 9079//2270 9080//2270
f 9081//2271 9082//2271 9083//2271 9084//2271
f 9085//2272 9086//2272 9087//2272 9088//2272
usemtl Glass
f 9089//2273 9090//2273 9091//2273 9092//2273
usemtl Building
f 9093//2274 9094//2274 9095//2274 9096//2274
f 9097//2275 9098//2275 9099//2275 9100//2275
f 9101//2276 9102//2276 9103//2276 9104//2276
f 9105//2277 9106//2277 9107//2277 9108//2277
usemtl Glass
f 9109//2278 9110//2278 9111//2278 9112//2278
usemtl Building
f 9113//2279 9114//2279 9115//2279 9116//2279
f 9117//2280 9118//2280 9119//2280 9120//2280
f 9121//2281 9122//2281 9123//2281 9124//2281
f 9125//2282 9126//2282 9127//2282 9128//2282
usemtl Glass
f 9129//2283 9130//2283 9131//2283 9132//2283
usemtl Building
f 9133//2284 9134//2284 9135//2284 9136//2284
f 9137//2285 9138//2285 9139//2285 9140//2285
f 9141//2286 9142//2286 9143//2286 9144//2286
f 9145//2287 9146//2287 9147//2287 9148//2287
usemtl Glass
f 9149//2288 9150//2288 9151//2288 9152//2288
usemtl Building
f 9153//2289 9154//2289 9155//2289 9156//2289
f 9157//2290 9158//2290 9159//2290 9160//2290
f 9161//2291 9162//2291 9163//2291 9164//2291
f 9165//2292 9166//2292 9167//2292 9168//2292
usemtl Glass
f 9169//2293 9170//2293 9171//2293 9172//2293
usemtl Building
f 9173//2294 9174//2294 9175//2294 9176//2294
f 9177//2295 9178//2295 9179//2295 9180//2295
f 9181//2296 9182//2296 9183//2296 9184//2296
f 9185//2297 9186//2297 9187//2297 9188//2297
usemtl Glass
f 9189//2298 9190//2298 9191//2298 9192//2298
usemtl Building
f 9193//2299 9194//2299 9195//2299 9196//2299
f 9197//2300 9198//2300 9199//2300 9200//2300
f 9201//2301 9202//2301 9203//2301 9204//2301
f 9205//2302 9206//2302 9207//2302 9208//2302
usemtl Glass
f 9209//2303 9210//2303 9211//2303 9212//2303
usemtl Building
f 9213//2304 9214//2304 9215//2304 9216//2304
f 9217//2305 9218//2305 9219//2305 9220//2305
f 9221//2306 9222//2306 9223//2306 9224//2306
f 9225//2307 9226//2307 9227//2307 9228//2307
f 9229//2308 9230//2308 9231//2308 9232//2308
f 9233//2309 9234//2309 9235//2309 9236//2309
f 9237//2310 9238//2310 9239//2310 9240//2310
f 9241//2311 9242//2311 9243//2311 9244//2311
f 9245//2312 9246//2312 9247//2312 9248//2312
f 9249//2313 9250//2313 9251//2313 9252//2313
f 9253//2314 9254//2314 9255//2314 9256//2314
f 9257//2315 9258//2315 9259//2315 9260//2315
f 9261//2316 9262//2316 9263//2316 9264//2316
f 9265//2317 9266//2317 9267//2317 9268//2317
f 9269//2318 9270//2318 9271//2318 9272//2318
f 9273//2319 9274//2319 9275//2319 9276//2319
f 9277//2320 9278//2320 9279//2320 9280//2320
f 9281//2321 9282//2321 9283//2321 9284//2321
f 9285//2322 9286//2322 9287//2322 9288//2322
f 9289//2323 9290//2323 9291//2323 9292//2323
f 9293//2324 9294//2324 9295//2324 9296//2324
f 9297//2325 9298//2325 9299//2325 9300//2325
f 9301//2326 9302//2326 9303//2326 9304//2326
f 9305//2327 9306//2327 9307//2327 9308//2327
f 9309//2328 9310//2328 9311//2328 9312//2328
f 9313//2329 9314//2329 9315//2329 9316//2329
f 9317//2330 9318//2330 9319//2330 9320//2330
f 9321//2331 9322//2331 9323//2331 9324//2331
f 9325//2332 9326//2332 9327//2332 9328//2332
f 9329//2333 9330//2333 9331//2333 9332//2333
f 9333//2334 9334//2334 9335//2334 9336//2334
f 9337//2335 9338//2335 9339//2335 9340//2335
f 9341//2336 9342//2336 9343//2336 9344//2336
f 9345//2337 9346//2337 9347//2337 9348//2337
f 9349//2338 9350//2338 9351//2338 9352//2338
f 9353//2339 9354//2339 9355//2339 9356//2339
f 9357//2340 9358//2340 9359//2340 9360//2340
f 9361//2341 9362//2341 9363//2341 9364//2341
f 9365//2342 9366//2342 9367//2342 9368//2342
f 9369//2343 9370//2343 9371//2343 9372//2343
f 9373//2344 9374//2344 9375//2344 9376//2344
f 9377//2345 9378//2345 9379//2345 9380//2345
f 9381//2346 9382//2346 9383//2346 9384//2346
f 9385//2347 9386//2347 9387//2347 9388//2347
f 9389//2348 9390//2348 9391//2348 9392//2348
f 9393//2349 9394//2349 9395//2349 9396//2349
f 9397//2350 9398//2350 9399//2350 9400//2350
f 9401//2351 9402//2351 9403//2351 9404//2351
f 9405//2352 9406//2352 9407//2352 9408//2352
f 9409//2353 9410//2353 9411//2353 9412//2353
f 9413//2354 9414//2354 9415//2354 9416//2354
f 9417//2355 9418//2355 9419//2355 9420//2355
f 9421//2356 9422//2356 9423//2356 9424//2356
f 9425//2357 9426//2357 9427//2357 9428//2357
f 9429//2358 9430//2358 9431//2358 9432//2358
f 9433//2359 9434//2359 9435//2359 9436//2359
f 9437//2360 9438//2360 9439//2360 9440//2360
f 9441//2361 9442//2361 9443//2361 9444//2361
f 9445//2362 9446//2362 9447//2362 9448//2362
f 9449//2363 9450//2363 9451//2363 9452//2363
f 9453//2364 9454//2364 9455//2364 9456//2364
f 9457//2365 9458//2365 9459//2365 9460//2365
f 9461//2366 9462//2366 9463//2366 9464//2366
f 9465//2367 9466//2367 9467//2367 9468//2367
f 9469//2368 9470//2368 9471//2368 9472//2368
f 9473//2369 9474//2369 9475//2369 9476//2369
f 9477//2370 9478//2370 9479//2370 9480//2370
f 9481//2371 9482//2371 9483//2371 9484//2371
f 9485//2372 9486//2372 9487//2372 9488//2372
f 9489//2373 9490//2373 9491//2373 9492//2373
f 9493//2374 9494//2374 9495//2374 9496//2374
f 9497//2375 9498//2375 9499//2375 9500//2375
f 9501//2376 9502//2376 9503//2376 9504//2376
f 9505//2377 9506//2377 9507//2377 9508//2377
f 9509//2378 9510//2378 9511//2378 9512//2378
f 9513//2379 9514//2379 9515//2379 9516//2379
f 9517//2380 9518//2380 9519//2380 9520//2380
f 9521//2381 9522//2381 9523//2381 9524//2381
f 9525//2382 9526//2382 9527//2382 9528//2382
f 9529//2383 9530//2383 9531//2383 9532//2383
f 9533//2384 9534//2384 9535//2384 9536//2384
f 9537//2385 9538//2385 9539//2385 9540//2385
f 9541//2386 9542//2386 9543//2386 9544//2386
f 9545//2387 9546//2387 9547//2387 9548//2387
f 9549//2388 9550//2388 9551//2388 9552//2388
f 9553//2389 9554//2389 9555//2389 9556//2389
f 9557//2390 9558//2390 9559//2390 9560//2390
f 9561//2391 9562//2391 9563//2391 9564//2391
f 9565//2392 9566//2392 9567//2392 9568//2392
f 9569//2393 9570//2393 9571//2393 9572//2393
f 9573//2394 9574//2394 9575//2394 9576//2394
f 9577//2395 9578//2395 9579//2395 9580//2395
f 9581//2396 9582//2396 9583//2396 9584//2396
f 9585//2397 9586//2397 9587//2397 9588//2397
f 9589//2398 9590//2398 9591//2398 9592//2398
f 9593//2399 9594//2399 9595//2399 9596//2399
f 9597//2400 9598//2400 9599//2400 9600//2400
f 9601//2401 9602//2401 9603//2401 9604//2401
f 9605//2402 9606//2402 9607//2402 9608//2402
f 9609//2403 9610//2403 9611//2403 9612//2403
f 9613//2404 9614//2404 9615//2404 9616//2404
f 9617//2405 9618//2405 9619//2405 9620//2405
f 9621//2406 9622//2406 9623//2406 9624//2406
f 9625//2407 9626//2407 9627//2407 9628//2407
f 9629//2408 9630//2408 9631//2408 9632//2408
f 9633//2409 9634//2409 9635//2409 9636//2409
f 9637//2410 9638//2410 9639//2410 9640//2410
f 9641//2411 9642//2411 9643//2411 9644//2411
f 9645//2412 9646//2412 9647//2412 9648//2412
f 9649//2413 9650//2413 9651//2413 9652//2413
f 9653//2414 9654//2414 9655//2414 9656//2414
f 9657//2415 9658//2415 9659//2415 9660//2415
f 9661//2416 9662//2416 9663//2416 9664//2416
f 9665//2417 9666//2417 9667//2417 9668//2417
f 9669//2418 9670//2418 9671//2418 9672//2418
f 9673//2419 9674//2419 9675//2419 9676//2419
f 9677//2420 9678//2420 9679//2420 9680//2420
f 9681//2421 9682//2421 9683//2421 9684//2421
f 9685//2422 9686//2422 9687//2422 9688//2422
f 9689//2423 9690//2423 9691//2423 9692//2423
f 9693//2424 9694//2424 9695//2424 9696//2424
f 9697//2425 9698//2425 9699//2425 9700//2425
f 9701//2426 9702//2426 9703//2426 9704//2426
f 9705//2427 9706//2427 9707//2427 9708//2427
f 9709//2428 9710//2428 9711//2428 9712//2428
usemtl Glass
f 9713//2429 9714//2429 9715//2429 9716//2429
usemtl Building
f 9717//2430 9718//2430 9719//2430 9720//2430
f 9721//2431 9722//2431 9723//2431 9724//2431
f 9725//2432 9726//2432 9727//2432 9728//2432
f 9729//2433 9730//2433 9731//2433 9732//2433
usemtl Glass
f 9733//2434 9734//2434 9735//2434 9736//2434
usemtl Building
f 9737//2435 9738//2435 9739//2435 9740//2435
f 9741//2436 9742//2436 9743//2436 9744//2436
f 9745//2437 9746//2437 9747//2437 9748//2437
f 9749//2438 9750//2438 9751//2438 9752//2438
usemtl Glass
f 9753//2439 9754//2439 9755//2439 9756//2439
usemtl Building
f 9757//2440 9758//2440 9759//2440 9760//2440
f 9761//2441 9762//2441 9763//2441 9764//2441
f 9765//2442 9766//2442 9767//2442 9768//2442
f 9769//2443 9770//2443 9771//2443 9772//2443
usemtl Glass
f 9773//2444 9774//2444 9775//2444 9776//2444
usemtl Building
f 9777//2445 9778//2445 9779//2445 9780//2445
f 9781//2446 9782//2446 9783//2446 9784//2446
f 9785//2447 9786//2447 9787//2447 9788//2447
f 9789//2448 9790//2448 9791//2448 9792//2448
usemtl Glass
f 9793//2449 9794//2449 9795//2449 9796//2449
usemtl Building
f 9797//2450 9798//2450 9799//2450 9800//2450
f 9801//2451 9802//2451 9803//2451 9804//2451
f 9805//2452 9806//2452 9807//2452 9808//2452
f 9809//2453 9810//2453 9811//2453 9812//2453
usemtl Glass
f 9813//2454 9814//2454 9815//2454 9816//2454
usemtl Building
f 9817//2455 9818//2455 9819//2455 9820//2455
f 9821//2456 9822//2456 9823//2456 9824//2456
f 9825//2457 9826//2457 9827//2457 9828//2457
f 9829//2458 9830//2458 9831//2458 9832//2458
usemtl Glass
f 9833//2459 9834//2459 9835//2459 9836//2459
usemtl Building
f 9837//2460 9838//2460 9839//2460 9840//2460
f 9841//2461 9842//2461 9843//2461 9844//2461
f 9845//2462 9846//2462 9847//2462 9848//2462
f 9849//2463 9850//2463 9851//2463 9852//2463
usemtl Glass
f 9853//2464 9854//2464 9855//2464 9856//2464
usemtl Building
f 9857//2465 9858//2465 9859//2465 9860//2465
f 9861//2466 9862//2466 9863//2466 9864//2466
f 9865//2467 9866//2467 9867//2467 9868//2467
f 9869//2468 9870//2468 9871//2468 9872//2468
usemtl Glass
f 9873//2469 9874//2469 9875//2469 9876//2469
usemtl Building
f 9877//2470 9878//2470 9879//2470 9880//2470
f 9881//2471 9882//2471 9883//2471 9884//2471
f 9885//2472 9886//2472 9887//2472 9888//2472
f 9889//2473 9890//2473 9891//2473 9892//2473
usemtl Glass
f 9893//2474 9894//2474 9895//2474 9896//2474
usemtl Building
f 9897//2475 9898//2475 9899//2475 9900//2475
f 9901//2476 9902//2476 9903//2476 9904//2476
f 9905//2477 9906//2477 9907//2477 9908//2477
f 9909//2478 9910//2478 9911//2478 9912//2478
usemtl Glass
f 9913//2479 9914//2479 9915//2479 9916//2479
usemtl Building
f 9917//2480 9918//2480 9919//2480 9920//2480
f 9921//2481 9922//2481 9923//2481 9924//2481
f 9925//2482 9926//2482 9927//2482 9928//2482
f 9929//2483 9930//2483 9931//2483 9932//2483
usemtl Glass
f 9933//2484 9934//2484 9935//2484 9936//2484
usemtl Building
f 9937//2485 9938//2485 9939//2485 9940//2485
f 9941//2486 9942//2486 9943//2486 9944//2486
f 9945//2487 9946//2487 9947//2487 9948//2487
f 9949//2488 9950//2488 9951//2488 9952//2488
usemtl Glass
f 9953//2489 9954//2489 9955//2489 9956//2489
usemtl Building
f 9957//2490 9958//2490 9959//2490 9960//2490
f 9961//2491 9962//2491 9963//2491 9964//2491
f 9965//2492 9966//2492 9967//2492 9968//2492
f 9969//2493 9970//2493 9971//2493 9972//2493
usemtl Glass
f 9973//2494 9974//2494 9975//2494 9976//2494
usemtl Building
f 9977//2495 9978//2495 9979//2495 9980//2495
f 9981//2496 9982//2496 9983//2496 9984//2496
f 9985//2497 9986//2497 9987//2497 9988//2497
f 9989//2498 9990//2498 9991//2498 9992//2498
usemtl Glass
f 9993//2499 9994//2499 9995//2499 9996//2499
usemtl Building
f 9997//2500 9998//2500 9999//2500 10000//2500
f 10001//2501 10002//2501 10003//2501 10004//2501
f 10005//2502 10006//2502 10007//2502 10008//2502
f 10009//2503 10010//2503 10011//2503 10012//2503
usemtl Glass
f 10013//2504 10014//2504 10015//2504 10016//2504
usemtl Building
f 10017//2505 10018//2505 10019//2505 10020//2505
f 10021//2506 10022//2506 10023//2506 10024//2506
f 10025//2507 10026//2507 10027//2507 10028//2507
f 10029//2508 10030//2508 10031//2508 10032//2508
usemtl Glass
f 10033//2509 10034//2509 10035//2509 10036//2509
usemtl Building
f 10037//2510 10038//2510 10039//2510 10040//2510
f 10041//2511 10042//2511 10043//2511 10044//2511
f 10045//2512 10046//2512 10047//2512 10048//2512
f 10049//2513 10050//2513 10051//2513 10052//2513
usemtl Glass
f 10053//2514 10054//2514 10055//2514 10056//2514
usemtl Building
f 10057//2515 10058//2515 10059//2515 10060//2515
f 10061//2516 10062//2516 10063//2516 10064//2516
f 10065//2517 10066//2517 10067//2517 10068//2517
f 10069//2518 10070//2518 10071//2518 10072//2518
usemtl Glass
f 10073//2519 10074//2519 10075//2519 10076//2519
usemtl Building
f 10077//2520 10078//2520 10079//2520 10080//2520
f 10081//2521 10082//2521 10083//2521 10084//2521
f 10085//2522 10086//2522 10087//2522 10088//2522
f 10089//2523 10090//2523 10091//2523 10092//2523
usemtl Glass
f 10093//2524 10094//2524 10095//2524 10096//2524
usemtl Building
f 10097//2525 10098//2525 10099//2525 10100//2525
f 10101//2526 10102//2526 10103//2526 10104//2526
f 10105//2527 10106//2527 10107//2527 10108//2527
f 10109//2528 10110//2528 10111//2528 10112//2528
usemtl Glass
f 10113//2529 10114//2529 10115//2529 10116//2529
usemtl Building
f 10117//2530 10118//2530 10119//2530 10120//2530
f 10121//2531 10122//2531 10123//2531 10124//2531
f 10125//2532 10126//2532 10127//2532 10128//2532
f 10129//2533 10130//2533 10131//2533 10132//2533
usemtl Glass
f 10133//2534 10134//2534 10135//2534 10136//2534
usemtl Building
f 10137//2535 10138//2535 10139//2535 10140//2535
f 10141//2536 10142//2536 10143//2536 10144//2536
f 10145//2537 10146//2537 10147//2537 10148//2537
f 10149//2538 10150//2538 10151//2538 10152//2538
usemtl Glass
f 10153//2539 10154//2539 10155//2539 10156//2539
usemtl Building
f 10157//2540 10158//2540 10159//2540 10160//2540
f 10161//2541 10162//2541 10163//2541 10164//2541
f 10165//2542 10166//2542 10167//2542 10168//2542
f 10169//2543 10170//2543 10171//2543 10172//2543
usemtl Glass
f 10173//2544 10174//2544 10175//2544 10176//2544
usemtl Building
f 10177//2545 10178//2545 10179//2545 10180//2545
f 10181//2546 10182//2546 10183//2546 10184//2546
f 10185//2547 10186//2547 10187//2547 10188//2547
f 10189//2548 10190//2548 10191//2548 10192//2548
usemtl Glass
f 10193//2549 10194//2549 10195//2549 10196//2549
usemtl Building
f 10197//2550 10198//2550 10199//2550 10200//2550
f 10201//2551 10202//2551 10203//2551 10204//2551
f 10205//2552 10206//2552 10207//2552 10208//2552
f 10209//2553 10210//2553 10211//2553 10212//2553
usemtl Glass
f 10213//2554 10214//2554 10215//2554 10216//2554
usemtl Building
f 10217//2555 10218//2555 10219//2555 10220//2555
f 10221//2556 10222//2556 10223//2556 10224//2556
f 10225//2557 10226//2557 10227//2557 10228//2557
f 10229//2558 10230//2558 10231//2558 10232//2558
usemtl Glass
f 10233//2559 10234//2559 10235//2559 10236//2559
usemtl Building
f 10237//2560 10238//2560 10239//2560 10240//2560
f 10241//2561 10242//2561 10243//2561 10244//2561
f 10245//2562 10246//2562 10247//2562 10248//2562
f 10249//2563 10250//2563 10251//2563 10252//2563
usemtl Glass
f 10253//2564 10254//2564 10255//2564 10256//2564
usemtl Building
f 10257//2565 10258//2565 10259//2565 10260//2565
f 10261//2566 10262//2566 10263//2566 10264//2566
f 10265//2567 10266//2567 10267//2567 10268//2567
f 10269//2568 10270//2568 10271//2568 10272//2568
usemtl Glass
f 10273//2569 10274//2569 10275//2569 10276//2569
usemtl Building
f 10277//2570 10278//2570 10279//2570 10280//2570
f 10281//2571 10282//2571 10283//2571 10284//2571
f 10285//2572 10286//2572 10287//2572 10288//2572
f 10289//2573 10290//2573 10291//2573 10292//2573
usemtl Glass
f 10293//2574 10294//2574 10295//2574 10296//2574
usemtl Building
f 10297//2575 10298//2575 10299//2575 10300//2575
f 10301//2576 10302//2576 10303//2576 10304//2576
f 10305//2577 10306//2577 10307//2577 10308//2577
f 10309//2578 10310//2578 10311//2578 10312//2578
usemtl Glass
f 10313//2579 10314//2579 10315//2579 10316//2579
usemtl Building
f 10317//2580 10318//2580 10319//2580 10320//2580
f 10321//2581 10322//2581 10323//2581 10324//2581
f 10325//2582 10326//2582 10327//2582 10328//2582
f 10329//2583 10330//2583 10331//2583 10332//2583
usemtl Glass
f 10333//2584 10334//2584 10335//2584 10336//2584
usemtl Building
f 10337//2585 10338//2585 10339//2585 10340//2585
f 10341//2586 10342//2586 10343//2586 10344//2586
f 10345//2587 10346//2587 10347//2587 10348//2587
f 10349//2588 10350//2588 10351//2588 10352//2588
usemtl Glass
f 10353//2589 10354//2589 10355//2589 10356//2589
usemtl Building
f 10357//2590 10358//2590 10359//2590 10360//2590
f 10361//2591 10362//2591 10363//2591 10364//2591
f 10365//2592 10366//2592 10367//2592 10368//2592
f 10369//2593 10370//2593 10371//2593 10372//2593
usemtl Glass
f 10373//2594 10374//2594 10375//2594 10376//2594
usemtl Building
f 10377//2595 10378//2595 10379//2595 10380//2595
f 10381//2596 10382//2596 10383//2596 10384//2596
f 10385//2597 10386//2597 10387//2597 10388//2597
f 10389//2598 10390//2598 10391//2598 10392//2598
usemtl Glass
f 10393//2599 10394//2599 10395//2599 10396//2599
usemtl Building
f 10397//2600 10398//2600 10399//2600 10400//2600
f 10401//2601 10402//2601 10403//2601 10404//2601
f 10405//2602 10406//2602 10407//2602 10408//2602
f 10409//2603 10410//2603 10411//2603 10412//2603
usemtl Glass
f 10413//2604 10414//2604 10415//2604 10416//2604
usemtl Building
f 10417//2605 10418//2605 10419//2605 10420//2605
f 10421//2606 10422//2606 10423//2606 10424//2606
f 10425//2607 10426//2607 10427//2607 10428//2607
f 10429//2608 10430//2608 10431//2608 10432//2608
f 10433//2609 10434//2609 10435//2609 10436//2609
f 10437//2610 10438//2610 10439//2610 10440//2610
f 10441//2611 10442//2611 10443//2611 10444//2611
f 10445//2612 10446//2612 10447//2612 10448//2612
f 10449//2613 10450//2613 10451//2613 10452//2613
f 10453//2614 10454//2614 10455//2614 10456//2614
f 10457//2615 10458//2615 10459//2615 10460//2615
f 10461//2616 10462//2616 10463//2616 10464//2616
f 10465//2617 10466//2617 10467//2617 10468//2617
f 10469//2618 10470//2618 10471//2618 10472//2618
f 10473//2619 10474//2619 10475//2619 10476//2619
f 10477//2620 10478//2620 10479//2620 10480//2620
f 10481//2621 10482//2621 10483//2621 10484//2621
f 10485//2622 10486//2622 10487//2622 10488//2622
f 10489//2623 10490//2623 10491//2623 10492//2623
f 10493//2624 10494//2624 10495//2624 10496//2624
f 10497//2625 10498//2625 10499//2625 10500//2625
f 10501//2626 10502//2626 10503//2626 10504//2626
f 10505//2627 10506//2627 10507//2627 10508//2627
f 10509//2628 10510//2628 10511//2628 10512//2628
f 10513//2629 10514//2629 10515//2629 10516//2629
f 10517//2630 10518//2630 10519//2630 10520//2630
f 10521//2631 10522//2631 10523//2631 10524//2631
f 10525//2632 10526//2632 10527//2632 10528//2632
f 10529//2633 10530//2633 10531//2633 10532//2633
f 10533//2634 10534//2634 10535//2634 10536//2634
f 10537//2635 10538//2635 10539//2635 10540//2635
f 10541//2636 10542//2636 10543//2636 10544//2636
f 10545//2637 10546//2637 10547//2637 10548//2637
f 10549//2638 10550//2638 10551//2638 10552//2638
f 10553//2639 10554//2639 10555//2639 10556//2639
f 10557//2640 10558//2640 10559//2640 10560//2640
f 10561//2641 10562//2641 10563//2641 10564//2641
