mtllib CityBuildings.mtl
o Residential
g Residential
s off
v -5.484795 0.000000 11.049999
v -5.132140 0.000000 11.049999
v -5.132140 3.075989 11.049999
v -5.484795 3.075989 11.049999
v -3.318485 0.000000 11.049999
v -2.965830 0.000000 11.049999
v -2.965830 3.075989 11.049999
v -3.318485 3.075989 11.049999
v -5.132140 0.000000 11.049999
v -3.318485 0.000000 11.049999
v -3.318485 0.480000 11.049999
v -5.132140 0.480000 11.049999
v -5.132140 2.695989 11.049999
v -3.318485 2.695989 11.049999
v -3.318485 3.075989 11.049999
v -5.132140 3.075989 11.049999
v -5.132140 0.480000 10.979999
v -3.318485 0.480000 10.979999
v -3.318485 2.695989 10.979999
v -5.132140 2.695989 10.979999
v -2.965830 0.000000 11.049999
v -2.613175 0.000000 11.049999
v -2.613175 3.075989 11.049999
v -2.965830 3.075989 11.049999
v -0.799520 0.000000 11.049999
v -0.446865 0.000000 11.049999
v -0.446865 3.075989 11.049999
v -0.799520 3.075989 11.049999
v -2.613175 0.000000 11.049999
v -0.799520 0.000000 11.049999
v -0.799520 0.480000 11.049999
v -2.613175 0.480000 11.049999
v -2.613175 2.695989 11.049999
v -0.799520 2.695989 11.049999
v -0.799520 3.075989 11.049999
v -2.613175 3.075989 11.049999
v -2.613175 0.480000 10.979999
v -0.799520 0.480000 10.979999
v -0.799520 2.695989 10.979999
v -2.613175 2.695989 10.979999
v -0.446865 0.000000 11.049999
v -0.094209 0.000000 11.049999
v -0.094209 3.075989 11.049999
v -0.446865 3.075989 11.049999
v 1.719445 0.000000 11.049999
v 2.072101 0.000000 11.049999
v 2.072101 3.075989 11.049999
v 1.719445 3.075989 11.049999
v -0.094209 0.000000 11.049999
v 1.719445 0.000000 11.049999
v 1.719445 0.480000 11.049999
v -0.094209 0.480000 11.049999
v -0.094209 2.695989 11.049999
v 1.719445 2.695989 11.049999
v 1.719445 3.075989 11.049999
v -0.094209 3.075989 11.049999
v -0.094209 0.480000 10.979999
v 1.719445 0.480000 10.979999
v 1.719445 2.695989 10.979999
v -0.094209 2.695989 10.979999
v 2.072101 0.000000 11.049999
v 2.424756 0.000000 11.049999
v 2.424756 3.075989 11.049999
v 2.072101 3.075989 11.049999
v 4.238411 0.000000 11.049999
v 4.591066 0.000000 11.049999
v 4.591066 3.075989 11.049999
v 4.238411 3.075989 11.049999
v 2.424756 0.000000 11.049999
v 4.238411 0.000000 11.049999
v 4.238411 0.480000 11.049999
v 2.424756 0.480000 11.049999
v 2.424756 2.695989 11.049999
v 4.238411 2.695989 11.049999
v 4.238411 3.075989 11.049999
v 2.424756 3.075989 11.049999
v 2.424756 0.480000 10.979999
v 4.238411 0.480000 10.979999
v 4.238411 2.695989 10.979999
v 2.424756 2.695989 10.979999
v 4.591066 0.000000 11.049999
v 4.943721 0.000000 11.049999
v 4.943721 3.075989 11.049999
v 4.591066 3.075989 11.049999
v 6.757376 0.000000 11.049999
v 7.110031 0.000000 11.049999
v 7.110031 3.075989 11.049999
v 6.757376 3.075989 11.049999
v 4.943721 0.000000 11.049999
v 6.757376 0.000000 11.049999
v 6.757376 0.480000 11.049999
v 4.943721 0.480000 11.049999
v 4.943721 2.695989 11.049999
v 6.757376 2.695989 11.049999
v 6.757376 3.075989 11.049999
v 4.943721 3.075989 11.049999
v 4.943721 0.480000 10.979999
v 6.757376 0.480000 10.979999
v 6.757376 2.695989 10.979999
v 4.943721 2.695989 10.979999
v -5.484795 3.075989 11.049999
v -5.132140 3.075989 11.049999
v -5.132140 6.151978 11.049999
v -5.484795 6.151978 11.049999
v -3.318485 3.075989 11.049999
v -2.965830 3.075989 11.049999
v -2.965830 6.151978 11.049999
v -3.318485 6.151978 11.049999
v -5.132140 3.075989 11.049999
v -3.318485 3.075989 11.049999
v -3.318485 3.555989 11.049999
v -5.132140 3.555989 11.049999
v -5.132140 5.771978 11.049999
v -3.318485 5.771978 11.049999
v -3.318485 6.151978 11.049999
v -5.132140 6.151978 11.049999
v -5.132140 3.555989 10.979999
v -3.318485 3.555989 10.979999
v -3.318485 5.771978 10.979999
v -5.132140 5.771978 10.979999
v -2.965830 3.075989 11.049999
v -2.613175 3.075989 11.049999
v -2.613175 6.151978 11.049999
v -2.965830 6.151978 11.049999
v -0.799520 3.075989 11.049999
v -0.446865 3.075989 11.049999
v -0.446865 6.151978 11.049999
v -0.799520 6.151978 11.049999
v -2.613175 3.075989 11.049999
v -0.799520 3.075989 11.049999
v -0.799520 3.555989 11.049999
v -2.613175 3.555989 11.049999
v -2.613175 5.771978 11.049999
v -0.799520 5.771978 11.049999
v -0.799520 6.151978 11.049999
v -2.613175 6.151978 11.049999
v -2.613175 3.555989 10.979999
v -0.799520 3.555989 10.979999
v -0.799520 5.771978 10.979999
v -2.613175 5.771978 10.979999
v -0.446865 3.075989 11.049999
v -0.094209 3.075989 11.049999
v -0.094209 6.151978 11.049999
v -0.446865 6.151978 11.049999
v 1.719445 3.075989 11.049999
v 2.072101 3.075989 11.049999
v 2.072101 6.151978 11.049999
v 1.719445 6.151978 11.049999
v -0.094209 3.075989 11.049999
v 1.719445 3.075989 11.049999
v 1.719445 3.555989 11.049999
v -0.094209 3.555989 11.049999
v -0.094209 5.771978 11.049999
v 1.719445 5.771978 11.049999
v 1.719445 6.151978 11.049999
v -0.094209 6.151978 11.049999
v -0.094209 3.555989 10.979999
v 1.719445 3.555989 10.979999
v 1.719445 5.771978 10.979999
v -0.094209 5.771978 10.979999
v 2.072101 3.075989 11.049999
v 2.424756 3.075989 11.049999
v 2.424756 6.151978 11.049999
v 2.072101 6.151978 11.049999
v 4.238411 3.075989 11.049999
v 4.591066 3.075989 11.049999
v 4.591066 6.151978 11.049999
v 4.238411 6.151978 11.049999
v 2.424756 3.075989 11.049999
v 4.238411 3.075989 11.049999
v 4.238411 3.555989 11.049999
v 2.424756 3.555989 11.049999
v 2.424756 5.771978 11.049999
v 4.238411 5.771978 11.049999
v 4.238411 6.151978 11.049999
v 2.424756 6.151978 11.049999
v 2.424756 3.555989 10.979999
v 4.238411 3.555989 10.979999
v 4.238411 5.771978 10.979999
v 2.424756 5.771978 10.979999
v 4.591066 3.075989 11.049999
v 4.943721 3.075989 11.049999
v 4.943721 6.151978 11.049999
v 4.591066 6.151978 11.049999
v 6.757376 3.075989 11.049999
v 7.110031 3.075989 11.049999
v 7.110031 6.151978 11.049999
v 6.757376 6.151978 11.049999
v 4.943721 3.075989 11.049999
v 6.757376 3.075989 11.049999
v 6.757376 3.555989 11.049999
v 4.943721 3.555989 11.049999
v 4.943721 5.771978 11.049999
v 6.757376 5.771978 11.049999
v 6.757376 6.151978 11.049999
v 4.943721 6.151978 11.049999
v 4.943721 3.555989 10.979999
v 6.757376 3.555989 10.979999
v 6.757376 5.771978 10.979999
v 4.943721 5.771978 10.979999
v 7.110031 0.000000 -12.046616
v 6.757376 0.000000 -12.046616
v 6.757376 3.075989 -12.046616
v 7.110031 3.075989 -12.046616
v 4.943721 0.000000 -12.046616
v 4.591066 0.000000 -12.046616
v 4.591066 3.075989 -12.046616
v 4.943721 3.075989 -12.046616
v 6.757376 0.000000 -12.046616
v 4.943721 0.000000 -12.046616
v 4.943721 0.480000 -12.046616
v 6.757376 0.480000 -12.046616
v 6.757376 2.695989 -12.046616
v 4.943721 2.695989 -12.046616
v 4.943721 3.075989 -12.046616
v 6.757376 3.075989 -12.046616
v 6.757376 0.480000 -11.976616
v 4.943721 0.480000 -11.976616
v 4.943721 2.695989 -11.976616
v 6.757376 2.695989 -11.976616
v 4.591066 0.000000 -12.046616
v 4.238411 0.000000 -12.046616
v 4.238411 3.075989 -12.046616
v 4.591066 3.075989 -12.046616
v 2.424756 0.000000 -12.046616
v 2.072101 0.000000 -12.046616
v 2.072101 3.075989 -12.046616
v 2.424756 3.075989 -12.046616
v 4.238411 0.000000 -12.046616
v 2.424756 0.000000 -12.046616
v 2.424756 0.480000 -12.046616
v 4.238411 0.480000 -12.046616
v 4.238411 2.695989 -12.046616
v 2.424756 2.695989 -12.046616
v 2.424756 3.075989 -12.046616
v 4.238411 3.075989 -12.046616
v 4.238411 0.480000 -11.976616
v 2.424756 0.480000 -11.976616
v 2.424756 2.695989 -11.976616
v 4.238411 2.695989 -11.976616
v 2.072101 0.000000 -12.046616
v 1.719445 0.000000 -12.046616
v 1.719445 3.075989 -12.046616
v 2.072101 3.075989 -12.046616
v -0.094209 0.000000 -12.046616
v -0.446865 0.000000 -12.046616
v -0.446865 3.075989 -12.046616
v -0.094209 3.075989 -12.046616
v 1.719445 0.000000 -12.046616
v -0.094209 0.000000 -12.046616
v -0.094209 0.480000 -12.046616
v 1.719445 0.480000 -12.046616
v 1.719445 2.695989 -12.046616
v -0.094209 2.695989 -12.046616
v -0.094209 3.075989 -12.046616
v 1.719445 3.075989 -12.046616
v 1.719445 0.480000 -11.976616
v -0.094209 0.480000 -11.976616
v -0.094209 2.695989 -11.976616
v 1.719445 2.695989 -11.976616
v -0.446865 0.000000 -12.046616
v -0.799520 0.000000 -12.046616
v -0.799520 3.075989 -12.046616
v -0.446865 3.075989 -12.046616
v -2.613175 0.000000 -12.046616
v -2.965830 0.000000 -12.046616
v -2.965830 3.075989 -12.046616
v -2.613175 3.075989 -12.046616
v -0.799520 0.000000 -12.046616
v -2.613175 0.000000 -12.046616
v -2.613175 0.480000 -12.046616
v -0.799520 0.480000 -12.046616
v -0.799520 2.695989 -12.046616
v -2.613175 2.695989 -12.046616
v -2.613175 3.075989 -12.046616
v -0.799520 3.075989 -12.046616
v -0.799520 0.480000 -11.976616
v -2.613175 0.480000 -11.976616
v -2.613175 2.695989 -11.976616
v -0.799520 2.695989 -11.976616
v -2.965830 0.000000 -12.046616
v -3.318485 0.000000 -12.046616
v -3.318485 3.075989 -12.046616
v -2.965830 3.075989 -12.046616
v -5.132140 0.000000 -12.046616
v -5.484795 0.000000 -12.046616
v -5.484795 3.075989 -12.046616
v -5.132140 3.075989 -12.046616
v -3.318485 0.000000 -12.046616
v -5.132140 0.000000 -12.046616
v -5.132140 0.480000 -12.046616
v -3.318485 0.480000 -12.046616
v -3.318485 2.695989 -12.046616
v -5.132140 2.695989 -12.046616
v -5.132140 3.075989 -12.046616
v -3.318485 3.075989 -12.046616
v -3.318485 0.480000 -11.976616
v -5.132140 0.480000 -11.976616
v -5.132140 2.695989 -11.976616
v -3.318485 2.695989 -11.976616
v 7.110031 3.075989 -12.046616
v 6.757376 3.075989 -12.046616
v 6.757376 6.151978 -12.046616
v 7.110031 6.151978 -12.046616
v 4.943721 3.075989 -12.046616
v 4.591066 3.075989 -12.046616
v 4.591066 6.151978 -12.046616
v 4.943721 6.151978 -12.046616
v 6.757376 3.075989 -12.046616
v 4.943721 3.075989 -12.046616
v 4.943721 3.555989 -12.046616
v 6.757376 3.555989 -12.046616
v 6.757376 5.771978 -12.046616
v 4.943721 5.771978 -12.046616
v 4.943721 6.151978 -12.046616
v 6.757376 6.151978 -12.046616
v 6.757376 3.555989 -11.976616
v 4.943721 3.555989 -11.976616
v 4.943721 5.771978 -11.976616
v 6.757376 5.771978 -11.976616
v 4.591066 3.075989 -12.046616
v 4.238411 3.075989 -12.046616
v 4.238411 6.151978 -12.046616
v 4.591066 6.151978 -12.046616
v 2.424756 3.075989 -12.046616
v 2.072101 3.075989 -12.046616
v 2.072101 6.151978 -12.046616
v 2.424756 6.151978 -12.046616
v 4.238411 3.075989 -12.046616
v 2.424756 3.075989 -12.046616
v 2.424756 3.555989 -12.046616
v 4.238411 3.555989 -12.046616
v 4.238411 5.771978 -12.046616
v 2.424756 5.771978 -12.046616
v 2.424756 6.151978 -12.046616
v 4.238411 6.151978 -12.046616
v 4.238411 3.555989 -11.976616
v 2.424756 3.555989 -11.976616
v 2.424756 5.771978 -11.976616
v 4.238411 5.771978 -11.976616
v 2.072101 3.075989 -12.046616
v 1.719445 3.075989 -12.046616
v 1.719445 6.151978 -12.046616
v 2.072101 6.151978 -12.046616
v -0.094209 3.075989 -12.046616
v -0.446865 3.075989 -12.046616
v -0.446865 6.151978 -12.046616
v -0.094209 6.151978 -12.046616
v 1.719445 3.075989 -12.046616
v -0.094209 3.075989 -12.046616
v -0.094209 3.555989 -12.046616
v 1.719445 3.555989 -12.046616
v 1.719445 5.771978 -12.046616
v -0.094209 5.771978 -12.046616
v -0.094209 6.151978 -12.046616
v 1.719445 6.151978 -12.046616
v 1.719445 3.555989 -11.976616
v -0.094209 3.555989 -11.976616
v -0.094209 5.771978 -11.976616
v 1.719445 5.771978 -11.976616
v -0.446865 3.075989 -12.046616
v -0.799520 3.075989 -12.046616
v -0.799520 6.151978 -12.046616
v -0.446865 6.151978 -12.046616
v -2.613175 3.075989 -12.046616
v -2.965830 3.075989 -12.046616
v -2.965830 6.151978 -12.046616
v -2.613175 6.151978 -12.046616
v -0.799520 3.075989 -12.046616
v -2.613175 3.075989 -12.046616
v -2.613175 3.555989 -12.046616
v -0.799520 3.555989 -12.046616
v -0.799520 5.771978 -12.046616
v -2.613175 5.771978 -12.046616
v -2.613175 6.151978 -12.046616
v -0.799520 6.151978 -12.046616
v -0.799520 3.555989 -11.976616
v -2.613175 3.555989 -11.976616
v -2.613175 5.771978 -11.976616
v -0.799520 5.771978 -11.976616
v -2.965830 3.075989 -12.046616
v -3.318485 3.075989 -12.046616
v -3.318485 6.151978 -12.046616
v -2.965830 6.151978 -12.046616
v -5.132140 3.075989 -12.046616
v -5.484795 3.075989 -12.046616
v -5.484795 6.151978 -12.046616
v -5.132140 6.151978 -12.046616
v -3.318485 3.075989 -12.046616
v -5.132140 3.075989 -12.046616
v -5.132140 3.555989 -12.046616
v -3.318485 3.555989 -12.046616
v -3.318485 5.771978 -12.046616
v -5.132140 5.771978 -12.046616
v -5.132140 6.151978 -12.046616
v -3.318485 6.151978 -12.046616
v -3.318485 3.555989 -11.976616
v -5.132140 3.555989 -11.976616
v -5.132140 5.771978 -11.976616
v -3.318485 5.771978 -11.976616
v 7.110031 0.000000 11.049999
v 7.110031 0.000000 10.690719
v 7.110031 3.075989 10.690719
v 7.110031 3.075989 11.049999
v 7.110031 0.000000 8.842989
v 7.110031 0.000000 8.483709
v 7.110031 3.075989 8.483709
v 7.110031 3.075989 8.842989
v 7.110031 0.000000 10.690719
v 7.110031 0.000000 8.842989
v 7.110031 0.480000 8.842989
v 7.110031 0.480000 10.690719
v 7.110031 2.695989 10.690719
v 7.110031 2.695989 8.842989
v 7.110031 3.075989 8.842989
v 7.110031 3.075989 10.690719
v 7.040031 0.480000 10.690719
v 7.040031 0.480000 8.842989
v 7.040031 2.695989 8.842989
v 7.040031 2.695989 10.690719
v 7.110031 0.000000 8.483709
v 7.110031 0.000000 8.124428
v 7.110031 3.075989 8.124428
v 7.110031 3.075989 8.483709
v 7.110031 0.000000 6.276699
v 7.110031 0.000000 5.917418
v 7.110031 3.075989 5.917418
v 7.110031 3.075989 6.276699
v 7.110031 0.000000 8.124428
v 7.110031 0.000000 6.276699
v 7.110031 0.480000 6.276699
v 7.110031 0.480000 8.124428
v 7.110031 2.695989 8.124428
v 7.110031 2.695989 6.276699
v 7.110031 3.075989 6.276699
v 7.110031 3.075989 8.124428
v 7.040031 0.480000 8.124428
v 7.040031 0.480000 6.276699
v 7.040031 2.695989 6.276699
v 7.040031 2.695989 8.124428
v 7.110031 0.000000 5.917418
v 7.110031 0.000000 5.558138
v 7.110031 3.075989 5.558138
v 7.110031 3.075989 5.917418
v 7.110031 0.000000 3.710408
v 7.110031 0.000000 3.351128
v 7.110031 3.075989 3.351128
v 7.110031 3.075989 3.710408
v 7.110031 0.000000 5.558138
v 7.110031 0.000000 3.710408
v 7.110031 0.480000 3.710408
v 7.110031 0.480000 5.558138
v 7.110031 2.695989 5.558138
v 7.110031 2.695989 3.710408
v 7.110031 3.075989 3.710408
v 7.110031 3.075989 5.558138
v 7.040031 0.480000 5.558138
v 7.040031 0.480000 3.710408
v 7.040031 2.695989 3.710408
v 7.040031 2.695989 5.558138
v 7.110031 0.000000 3.351128
v 7.110031 0.000000 2.991847
v 7.110031 3.075989 2.991847
v 7.110031 3.075989 3.351128
v 7.110031 0.000000 1.144118
v 7.110031 0.000000 0.784837
v 7.110031 3.075989 0.784837
v 7.110031 3.075989 1.144118
v 7.110031 0.000000 2.991847
v 7.110031 0.000000 1.144118
v 7.110031 0.480000 1.144118
v 7.110031 0.480000 2.991847
v 7.110031 2.695989 2.991847
v 7.110031 2.695989 1.144118
v 7.110031 3.075989 1.144118
v 7.110031 3.075989 2.991847
v 7.040031 0.480000 2.991847
v 7.040031 0.480000 1.144118
v 7.040031 2.695989 1.144118
v 7.040031 2.695989 2.991847
v 7.110031 0.000000 0.784837
v 7.110031 0.000000 0.425556
v 7.110031 3.075989 0.425556
v 7.110031 3.075989 0.784837
v 7.110031 0.000000 -1.422173
v 7.110031 0.000000 -1.781453
v 7.110031 3.075989 -1.781453
v 7.110031 3.075989 -1.422173
v 7.110031 0.000000 0.425556
v 7.110031 0.000000 -1.422173
v 7.110031 0.480000 -1.422173
v 7.110031 0.480000 0.425556
v 7.110031 2.695989 0.425556
v 7.110031 2.695989 -1.422173
v 7.110031 3.075989 -1.422173
v 7.110031 3.075989 0.425556
v 7.040031 0.480000 0.425556
v 7.040031 0.480000 -1.422173
v 7.040031 2.695989 -1.422173
v 7.040031 2.695989 0.425556
v 7.110031 0.000000 -1.781453
v 7.110031 0.000000 -2.140734
v 7.110031 3.075989 -2.140734
v 7.110031 3.075989 -1.781453
v 7.110031 0.000000 -3.988463
v 7.110031 0.000000 -4.347744
v 7.110031 3.075989 -4.347744
v 7.110031 3.075989 -3.988463
v 7.110031 0.000000 -2.140734
v 7.110031 0.000000 -3.988463
v 7.110031 0.480000 -3.988463
v 7.110031 0.480000 -2.140734
v 7.110031 2.695989 -2.140734
v 7.110031 2.695989 -3.988463
v 7.110031 3.075989 -3.988463
v 7.110031 3.075989 -2.140734
v 7.040031 0.480000 -2.140734
v 7.040031 0.480000 -3.988463
v 7.040031 2.695989 -3.988463
v 7.040031 2.695989 -2.140734
v 7.110031 0.000000 -4.347744
v 7.110031 0.000000 -4.707025
v 7.110031 3.075989 -4.707025
v 7.110031 3.075989 -4.347744
v 7.110031 0.000000 -6.554754
v 7.110031 0.000000 -6.914035
v 7.110031 3.075989 -6.914035
v 7.110031 3.075989 -6.554754
v 7.110031 0.000000 -4.707025
v 7.110031 0.000000 -6.554754
v 7.110031 0.480000 -6.554754
v 7.110031 0.480000 -4.707025
v 7.110031 2.695989 -4.707025
v 7.110031 2.695989 -6.554754
v 7.110031 3.075989 -6.554754
v 7.110031 3.075989 -4.707025
v 7.040031 0.480000 -4.707025
v 7.040031 0.480000 -6.554754
v 7.040031 2.695989 -6.554754
v 7.040031 2.695989 -4.707025
v 7.110031 0.000000 -6.914035
v 7.110031 0.000000 -7.273315
v 7.110031 3.075989 -7.273315
v 7.110031 3.075989 -6.914035
v 7.110031 0.000000 -9.121044
v 7.110031 0.000000 -9.480325
v 7.110031 3.075989 -9.480325
v 7.110031 3.075989 -9.121044
v 7.110031 0.000000 -7.273315
v 7.110031 0.000000 -9.121044
v 7.110031 0.480000 -9.121044
v 7.110031 0.480000 -7.273315
v 7.110031 2.695989 -7.273315
v 7.110031 2.695989 -9.121044
v 7.110031 3.075989 -9.121044
v 7.110031 3.075989 -7.273315
v 7.040031 0.480000 -7.273315
v 7.040031 0.480000 -9.121044
v 7.040031 2.695989 -9.121044
v 7.040031 2.695989 -7.273315
v 7.110031 0.000000 -9.480325
v 7.110031 0.000000 -9.839606
v 7.110031 3.075989 -9.839606
v 7.110031 3.075989 -9.480325
v 7.110031 0.000000 -11.687335
v 7.110031 0.000000 -12.046616
v 7.110031 3.075989 -12.046616
v 7.110031 3.075989 -11.687335
v 7.110031 0.000000 -9.839606
v 7.110031 0.000000 -11.687335
v 7.110031 0.480000 -11.687335
v 7.110031 0.480000 -9.839606
v 7.110031 2.695989 -9.839606
v 7.110031 2.695989 -11.687335
v 7.110031 3.075989 -11.687335
v 7.110031 3.075989 -9.839606
v 7.040031 0.480000 -9.839606
v 7.040031 0.480000 -11.687335
v 7.040031 2.695989 -11.687335
v 7.040031 2.695989 -9.839606
v 7.110031 3.075989 11.049999
v 7.110031 3.075989 10.690719
v 7.110031 6.151978 10.690719
v 7.110031 6.151978 11.049999
v 7.110031 3.075989 8.842989
v 7.110031 3.075989 8.483709
v 7.110031 6.151978 8.483709
v 7.110031 6.151978 8.842989
v 7.110031 3.075989 10.690719
v 7.110031 3.075989 8.842989
v 7.110031 3.555989 8.842989
v 7.110031 3.555989 10.690719
v 7.110031 5.771978 10.690719
v 7.110031 5.771978 8.842989
v 7.110031 6.151978 8.842989
v 7.110031 6.151978 10.690719
v 7.040031 3.555989 10.690719
v 7.040031 3.555989 8.842989
v 7.040031 5.771978 8.842989
v 7.040031 5.771978 10.690719
v 7.110031 3.075989 8.483709
v 7.110031 3.075989 8.124428
v 7.110031 6.151978 8.124428
v 7.110031 6.151978 8.483709
v 7.110031 3.075989 6.276699
v 7.110031 3.075989 5.917418
v 7.110031 6.151978 5.917418
v 7.110031 6.151978 6.276699
v 7.110031 3.075989 8.124428
v 7.110031 3.075989 6.276699
v 7.110031 3.555989 6.276699
v 7.110031 3.555989 8.124428
v 7.110031 5.771978 8.124428
v 7.110031 5.771978 6.276699
v 7.110031 6.151978 6.276699
v 7.110031 6.151978 8.124428
v 7.040031 3.555989 8.124428
v 7.040031 3.555989 6.276699
v 7.040031 5.771978 6.276699
v 7.040031 5.771978 8.124428
v 7.110031 3.075989 5.917418
v 7.110031 3.075989 5.558138
v 7.110031 6.151978 5.558138
v 7.110031 6.151978 5.917418
v 7.110031 3.075989 3.710408
v 7.110031 3.075989 3.351128
v 7.110031 6.151978 3.351128
v 7.110031 6.151978 3.710408
v 7.110031 3.075989 5.558138
v 7.110031 3.075989 3.710408
v 7.110031 3.555989 3.710408
v 7.110031 3.555989 5.558138
v 7.110031 5.771978 5.558138
v 7.110031 5.771978 3.710408
v 7.110031 6.151978 3.710408
v 7.110031 6.151978 5.558138
v 7.040031 3.555989 5.558138
v 7.040031 3.555989 3.710408
v 7.040031 5.771978 3.710408
v 7.040031 5.771978 5.558138
v 7.110031 3.075989 3.351128
v 7.110031 3.075989 2.991847
v 7.110031 6.151978 2.991847
v 7.110031 6.151978 3.351128
v 7.110031 3.075989 1.144118
v 7.110031 3.075989 0.784837
v 7.110031 6.151978 0.784837
v 7.110031 6.151978 1.144118
v 7.110031 3.075989 2.991847
v 7.110031 3.075989 1.144118
v 7.110031 3.555989 1.144118
v 7.110031 3.555989 2.991847
v 7.110031 5.771978 2.991847
v 7.110031 5.771978 1.144118
v 7.110031 6.151978 1.144118
v 7.110031 6.151978 2.991847
v 7.040031 3.555989 2.991847
v 7.040031 3.555989 1.144118
v 7.040031 5.771978 1.144118
v 7.040031 5.771978 2.991847
v 7.110031 3.075989 0.784837
v 7.110031 3.075989 0.425556
v 7.110031 6.151978 0.425556
v 7.110031 6.151978 0.784837
v 7.110031 3.075989 -1.422173
v 7.110031 3.075989 -1.781453
v 7.110031 6.151978 -1.781453
v 7.110031 6.151978 -1.422173
v 7.110031 3.075989 0.425556
v 7.110031 3.075989 -1.422173
v 7.110031 3.555989 -1.422173
v 7.110031 3.555989 0.425556
v 7.110031 5.771978 0.425556
v 7.110031 5.771978 -1.422173
v 7.110031 6.151978 -1.422173
v 7.110031 6.151978 0.425556
v 7.040031 3.555989 0.425556
v 7.040031 3.555989 -1.422173
v 7.040031 5.771978 -1.422173
v 7.040031 5.771978 0.425556
v 7.110031 3.075989 -1.781453
v 7.110031 3.075989 -2.140734
v 7.110031 6.151978 -2.140734
v 7.110031 6.151978 -1.781453
v 7.110031 3.075989 -3.988463
v 7.110031 3.075989 -4.347744
v 7.110031 6.151978 -4.347744
v 7.110031 6.151978 -3.988463
v 7.110031 3.075989 -2.140734
v 7.110031 3.075989 -3.988463
v 7.110031 3.555989 -3.988463
v 7.110031 3.555989 -2.140734
v 7.110031 5.771978 -2.140734
v 7.110031 5.771978 -3.988463
v 7.110031 6.151978 -3.988463
v 7.110031 6.151978 -2.140734
v 7.040031 3.555989 -2.140734
v 7.040031 3.555989 -3.988463
v 7.040031 5.771978 -3.988463
v 7.040031 5.771978 -2.140734
v 7.110031 3.075989 -4.347744
v 7.110031 3.075989 -4.707025
v 7.110031 6.151978 -4.707025
v 7.110031 6.151978 -4.347744
v 7.110031 3.075989 -6.554754
v 7.110031 3.075989 -6.914035
v 7.110031 6.151978 -6.914035
v 7.110031 6.151978 -6.554754
v 7.110031 3.075989 -4.707025
v 7.110031 3.075989 -6.554754
v 7.110031 3.555989 -6.554754
v 7.110031 3.555989 -4.707025
v 7.110031 5.771978 -4.707025
v 7.110031 5.771978 -6.554754
v 7.110031 6.151978 -6.554754
v 7.110031 6.151978 -4.707025
v 7.040031 3.555989 -4.707025
v 7.040031 3.555989 -6.554754
v 7.040031 5.771978 -6.554754
v 7.040031 5.771978 -4.707025
v 7.110031 3.075989 -6.914035
v 7.110031 3.075989 -7.273315
v 7.110031 6.151978 -7.273315
v 7.110031 6.151978 -6.914035
v 7.110031 3.075989 -9.121044
v 7.110031 3.075989 -9.480325
v 7.110031 6.151978 -9.480325
v 7.110031 6.151978 -9.121044
v 7.110031 3.075989 -7.273315
v 7.110031 3.075989 -9.121044
v 7.110031 3.555989 -9.121044
v 7.110031 3.555989 -7.273315
v 7.110031 5.771978 -7.273315
v 7.110031 5.771978 -9.121044
v 7.110031 6.151978 -9.121044
v 7.110031 6.151978 -7.273315
v 7.040031 3.555989 -7.273315
v 7.040031 3.555989 -9.121044
v 7.040031 5.771978 -9.121044
v 7.040031 5.771978 -7.273315
v 7.110031 3.075989 -9.480325
v 7.110031 3.075989 -9.839606
v 7.110031 6.151978 -9.839606
v 7.110031 6.151978 -9.480325
v 7.110031 3.075989 -11.687335
v 7.110031 3.075989 -12.046616
v 7.110031 6.151978 -12.046616
v 7.110031 6.151978 -11.687335
v 7.110031 3.075989 -9.839606
v 7.110031 3.075989 -11.687335
v 7.110031 3.555989 -11.687335
v 7.110031 3.555989 -9.839606
v 7.110031 5.771978 -9.839606
v 7.110031 5.771978 -11.687335
v 7.110031 6.151978 -11.687335
v 7.110031 6.151978 -9.839606
v 7.040031 3.555989 -9.839606
v 7.040031 3.555989 -11.687335
v 7.040031 5.771978 -11.687335
v 7.040031 5.771978 -9.839606
v -5.484795 0.000000 -12.046616
v -5.484795 0.000000 -11.687335
v -5.484795 3.075989 -11.687335
v -5.484795 3.075989 -12.046616
v -5.484795 0.000000 -9.839606
v -5.484795 0.000000 -9.480325
v -5.484795 3.075989 -9.480325
v -5.484795 3.075989 -9.839606
v -5.484795 0.000000 -11.687335
v -5.484795 0.000000 -9.839606
v -5.484795 0.480000 -9.839606
v -5.484795 0.480000 -11.687335
v -5.484795 2.695989 -11.687335
v -5.484795 2.695989 -9.839606
v -5.484795 3.075989 -9.839606
v -5.484795 3.075989 -11.687335
v -5.414795 0.480000 -11.687335
v -5.414795 0.480000 -9.839606
v -5.414795 2.695989 -9.839606
v -5.414795 2.695989 -11.687335
v -5.484795 0.000000 -9.480325
v -5.484795 0.000000 -9.121044
v -5.484795 3.075989 -9.121044
v -5.484795 3.075989 -9.480325
v -5.484795 0.000000 -7.273315
v -5.484795 0.000000 -6.914035
v -5.484795 3.075989 -6.914035
v -5.484795 3.075989 -7.273315
v -5.484795 0.000000 -9.121044
v -5.484795 0.000000 -7.273315
v -5.484795 0.480000 -7.273315
v -5.484795 0.480000 -9.121044
v -5.484795 2.695989 -9.121044
v -5.484795 2.695989 -7.273315
v -5.484795 3.075989 -7.273315
v -5.484795 3.075989 -9.121044
v -5.414795 0.480000 -9.121044
v -5.414795 0.480000 -7.273315
v -5.414795 2.695989 -7.273315
v -5.414795 2.695989 -9.121044
v -5.484795 0.000000 -6.914035
v -5.484795 0.000000 -6.554754
v -5.484795 3.075989 -6.554754
v -5.484795 3.075989 -6.914035
v -5.484795 0.000000 -4.707025
v -5.484795 0.000000 -4.347744
v -5.484795 3.075989 -4.347744
v -5.484795 3.075989 -4.707025
v -5.484795 0.000000 -6.554754
v -5.484795 0.000000 -4.707025
v -5.484795 0.480000 -4.707025
v -5.484795 0.480000 -6.554754
v -5.484795 2.695989 -6.554754
v -5.484795 2.695989 -4.707025
v -5.484795 3.075989 -4.707025
v -5.484795 3.075989 -6.554754
v -5.414795 0.480000 -6.554754
v -5.414795 0.480000 -4.707025
v -5.414795 2.695989 -4.707025
v -5.414795 2.695989 -6.554754
v -5.484795 0.000000 -4.347744
v -5.484795 0.000000 -3.988463
v -5.484795 3.075989 -3.988463
v -5.484795 3.075989 -4.347744
v -5.484795 0.000000 -2.140734
v -5.484795 0.000000 -1.781453
v -5.484795 3.075989 -1.781453
v -5.484795 3.075989 -2.140734
v -5.484795 0.000000 -3.988463
v -5.484795 0.000000 -2.140734
v -5.484795 0.480000 -2.140734
v -5.484795 0.480000 -3.988463
v -5.484795 2.695989 -3.988463
v -5.484795 2.695989 -2.140734
v -5.484795 3.075989 -2.140734
v -5.484795 3.075989 -3.988463
v -5.414795 0.480000 -3.988463
v -5.414795 0.480000 -2.140734
v -5.414795 2.695989 -2.140734
v -5.414795 2.695989 -3.988463
v -5.484795 0.000000 -1.781453
v -5.484795 0.000000 -1.422173
v -5.484795 3.075989 -1.422173
v -5.484795 3.075989 -1.781453
v -5.484795 0.000000 0.425556
v -5.484795 0.000000 0.784837
v -5.484795 3.075989 0.784837
v -5.484795 3.075989 0.425556
v -5.484795 0.000000 -1.422173
v -5.484795 0.000000 0.425556
v -5.484795 0.480000 0.425556
v -5.484795 0.480000 -1.422173
v -5.484795 2.695989 -1.422173
v -5.484795 2.695989 0.425556
v -5.484795 3.075989 0.425556
v -5.484795 3.075989 -1.422173
v -5.414795 0.480000 -1.422173
v -5.414795 0.480000 0.425556
v -5.414795 2.695989 0.425556
v -5.414795 2.695989 -1.422173
v -5.484795 0.000000 0.784837
v -5.484795 0.000000 1.144118
v -5.484795 3.075989 1.144118
v -5.484795 3.075989 0.784837
v -5.484795 0.000000 2.991847
v -5.484795 0.000000 3.351128
v -5.484795 3.075989 3.351128
v -5.484795 3.075989 2.991847
v -5.484795 0.000000 1.144118
v -5.484795 0.000000 2.991847
v -5.484795 0.480000 2.991847
v -5.484795 0.480000 1.144118
v -5.484795 2.695989 1.144118
v -5.484795 2.695989 2.991847
v -5.484795 3.075989 2.991847
v -5.484795 3.075989 1.144118
v -5.414795 0.480000 1.144118
v -5.414795 0.480000 2.991847
v -5.414795 2.695989 2.991847
v -5.414795 2.695989 1.144118
v -5.484795 0.000000 3.351128
v -5.484795 0.000000 3.710408
v -5.484795 3.075989 3.710408
v -5.484795 3.075989 3.351128
v -5.484795 0.000000 5.558138
v -5.484795 0.000000 5.917418
v -5.484795 3.075989 5.917418
v -5.484795 3.075989 5.558138
v -5.484795 0.000000 3.710408
v -5.484795 0.000000 5.558138
v -5.484795 0.480000 5.558138
v -5.484795 0.480000 3.710408
v -5.484795 2.695989 3.710408
v -5.484795 2.695989 5.558138
v -5.484795 3.075989 5.558138
v -5.484795 3.075989 3.710408
v -5.414795 0.480000 3.710408
v -5.414795 0.480000 5.558138
v -5.414795 2.695989 5.558138
v -5.414795 2.695989 3.710408
v -5.484795 0.000000 5.917418
v -5.484795 0.000000 6.276699
v -5.484795 3.075989 6.276699
v -5.484795 3.075989 5.917418
v -5.484795 0.000000 8.124428
v -5.484795 0.000000 8.483709
v -5.484795 3.075989 8.483709
v -5.484795 3.075989 8.124428
v -5.484795 0.000000 6.276699
v -5.484795 0.000000 8.124428
v -5.484795 0.480000 8.124428
v -5.484795 0.480000 6.276699
v -5.484795 2.695989 6.276699
v -5.484795 2.695989 8.124428
v -5.484795 3.075989 8.124428
v -5.484795 3.075989 6.276699
v -5.414795 0.480000 6.276699
v -5.414795 0.480000 8.124428
v -5.414795 2.695989 8.124428
v -5.414795 2.695989 6.276699
v -5.484795 0.000000 8.483709
v -5.484795 0.000000 8.842989
v -5.484795 3.075989 8.842989
v -5.484795 3.075989 8.483709
v -5.484795 0.000000 10.690719
v -5.484795 0.000000 11.049999
v -5.484795 3.075989 11.049999
v -5.484795 3.075989 10.690719
v -5.484795 0.000000 8.842989
v -5.484795 0.000000 10.690719
v -5.484795 0.480000 10.690719
v -5.484795 0.480000 8.842989
v -5.484795 2.695989 8.842989
v -5.484795 2.695989 10.690719
v -5.484795 3.075989 10.690719
v -5.484795 3.075989 8.842989
v -5.414795 0.480000 8.842989
v -5.414795 0.480000 10.690719
v -5.414795 2.695989 10.690719
v -5.414795 2.695989 8.842989
v -5.484795 3.075989 -12.046616
v -5.484795 3.075989 -11.687335
v -5.484795 6.151978 -11.687335
v -5.484795 6.151978 -12.046616
v -5.484795 3.075989 -9.839606
v -5.484795 3.075989 -9.480325
v -5.484795 6.151978 -9.480325
v -5.484795 6.151978 -9.839606
v -5.484795 3.075989 -11.687335
v -5.484795 3.075989 -9.839606
v -5.484795 3.555989 -9.839606
v -5.484795 3.555989 -11.687335
v -5.484795 5.771978 -11.687335
v -5.484795 5.771978 -9.839606
v -5.484795 6.151978 -9.839606
v -5.484795 6.151978 -11.687335
v -5.414795 3.555989 -11.687335
v -5.414795 3.555989 -9.839606
v -5.414795 5.771978 -9.839606
v -5.414795 5.771978 -11.687335
v -5.484795 3.075989 -9.480325
v -5.484795 3.075989 -9.121044
v -5.484795 6.151978 -9.121044
v -5.484795 6.151978 -9.480325
v -5.484795 3.075989 -7.273315
v -5.484795 3.075989 -6.914035
v -5.484795 6.151978 -6.914035
v -5.484795 6.151978 -7.273315
v -5.484795 3.075989 -9.121044
v -5.484795 3.075989 -7.273315
v -5.484795 3.555989 -7.273315
v -5.484795 3.555989 -9.121044
v -5.484795 5.771978 -9.121044
v -5.484795 5.771978 -7.273315
v -5.484795 6.151978 -7.273315
v -5.484795 6.151978 -9.121044
v -5.414795 3.555989 -9.121044
v -5.414795 3.555989 -7.273315
v -5.414795 5.771978 -7.273315
v -5.414795 5.771978 -9.121044
v -5.484795 3.075989 -6.914035
v -5.484795 3.075989 -6.554754
v -5.484795 6.151978 -6.554754
v -5.484795 6.151978 -6.914035
v -5.484795 3.075989 -4.707025
v -5.484795 3.075989 -4.347744
v -5.484795 6.151978 -4.347744
v -5.484795 6.151978 -4.707025
v -5.484795 3.075989 -6.554754
v -5.484795 3.075989 -4.707025
v -5.484795 3.555989 -4.707025
v -5.484795 3.555989 -6.554754
v -5.484795 5.771978 -6.554754
v -5.484795 5.771978 -4.707025
v -5.484795 6.151978 -4.707025
v -5.484795 6.151978 -6.554754
v -5.414795 3.555989 -6.554754
v -5.414795 3.555989 -4.707025
v -5.414795 5.771978 -4.707025
v -5.414795 5.771978 -6.554754
v -5.484795 3.075989 -4.347744
v -5.484795 3.075989 -3.988463
v -5.484795 6.151978 -3.988463
v -5.484795 6.151978 -4.347744
v -5.484795 3.075989 -2.140734
v -5.484795 3.075989 -1.781453
v -5.484795 6.151978 -1.781453
v -5.484795 6.151978 -2.140734
v -5.484795 3.075989 -3.988463
v -5.484795 3.075989 -2.140734
v -5.484795 3.555989 -2.140734
v -5.484795 3.555989 -3.988463
v -5.484795 5.771978 -3.988463
v -5.484795 5.771978 -2.140734
v -5.484795 6.151978 -2.140734
v -5.484795 6.151978 -3.988463
v -5.414795 3.555989 -3.988463
v -5.414795 3.555989 -2.140734
v -5.414795 5.771978 -2.140734
v -5.414795 5.771978 -3.988463
v -5.484795 3.075989 -1.781453
v -5.484795 3.075989 -1.422173
v -5.484795 6.151978 -1.422173
v -5.484795 6.151978 -1.781453
v -5.484795 3.075989 0.425556
v -5.484795 3.075989 0.784837
v -5.484795 6.151978 0.784837
v -5.484795 6.151978 0.425556
v -5.484795 3.075989 -1.422173
v -5.484795 3.075989 0.425556
v -5.484795 3.555989 0.425556
v -5.484795 3.555989 -1.422173
v -5.484795 5.771978 -1.422173
v -5.484795 5.771978 0.425556
v -5.484795 6.151978 0.425556
v -5.484795 6.151978 -1.422173
v -5.414795 3.555989 -1.422173
v -5.414795 3.555989 0.425556
v -5.414795 5.771978 0.425556
v -5.414795 5.771978 -1.422173
v -5.484795 3.075989 0.784837
v -5.484795 3.075989 1.144118
v -5.484795 6.151978 1.144118
v -5.484795 6.151978 0.784837
v -5.484795 3.075989 2.991847
v -5.484795 3.075989 3.351128
v -5.484795 6.151978 3.351128
v -5.484795 6.151978 2.991847
v -5.484795 3.075989 1.144118
v -5.484795 3.075989 2.991847
v -5.484795 3.555989 2.991847
v -5.484795 3.555989 1.144118
v -5.484795 5.771978 1.144118
v -5.484795 5.771978 2.991847
v -5.484795 6.151978 2.991847
v -5.484795 6.151978 1.144118
v -5.414795 3.555989 1.144118
v -5.414795 3.555989 2.991847
v -5.414795 5.771978 2.991847
v -5.414795 5.771978 1.144118
v -5.484795 3.075989 3.351128
v -5.484795 3.075989 3.710408
v -5.484795 6.151978 3.710408
v -5.484795 6.151978 3.351128
v -5.484795 3.075989 5.558138
v -5.484795 3.075989 5.917418
v -5.484795 6.151978 5.917418
v -5.484795 6.151978 5.558138
v -5.484795 3.075989 3.710408
v -5.484795 3.075989 5.558138
v -5.484795 3.555989 5.558138
v -5.484795 3.555989 3.710408
v -5.484795 5.771978 3.710408
v -5.484795 5.771978 5.558138
v -5.484795 6.151978 5.558138
v -5.484795 6.151978 3.710408
v -5.414795 3.555989 3.710408
v -5.414795 3.555989 5.558138
v -5.414795 5.771978 5.558138
v -5.414795 5.771978 3.710408
v -5.484795 3.075989 5.917418
v -5.484795 3.075989 6.276699
v -5.484795 6.151978 6.276699
v -5.484795 6.151978 5.917418
v -5.484795 3.075989 8.124428
v -5.484795 3.075989 8.483709
v -5.484795 6.151978 8.483709
v -5.484795 6.151978 8.124428
v -5.484795 3.075989 6.276699
v -5.484795 3.075989 8.124428
v -5.484795 3.555989 8.124428
v -5.484795 3.555989 6.276699
v -5.484795 5.771978 6.276699
v -5.484795 5.771978 8.124428
v -5.484795 6.151978 8.124428
v -5.484795 6.151978 6.276699
v -5.414795 3.555989 6.276699
v -5.414795 3.555989 8.124428
v -5.414795 5.771978 8.124428
v -5.414795 5.771978 6.276699
v -5.484795 3.075989 8.483709
v -5.484795 3.075989 8.842989
v -5.484795 6.151978 8.842989
v -5.484795 6.151978 8.483709
v -5.484795 3.075989 10.690719
v -5.484795 3.075989 11.049999
v -5.484795 6.151978 11.049999
v -5.484795 6.151978 10.690719
v -5.484795 3.075989 8.842989
v -5.484795 3.075989 10.690719
v -5.484795 3.555989 10.690719
v -5.484795 3.555989 8.842989
v -5.484795 5.771978 8.842989
v -5.484795 5.771978 10.690719
v -5.484795 6.151978 10.690719
v -5.484795 6.151978 8.842989
v -5.414795 3.555989 8.842989
v -5.414795 3.555989 10.690719
v -5.414795 5.771978 10.690719
v -5.414795 5.771978 8.842989
v -5.484795 6.151978 -12.046616
v 7.110031 6.151978 -12.046616
v 7.110031 6.151978 11.049999
v -5.484795 6.151978 11.049999
v -5.484795 0.000000 -11.846616
v -5.284795 0.000000 -11.846616
v -5.284795 6.151978 -11.846616
v -5.484795 6.151978 -11.846616
v -5.284795 0.000000 -12.046616
v -5.484795 0.000000 -12.046616
v -5.484795 6.151978 -12.046616
v -5.284795 6.151978 -12.046616
v -5.284795 0.000000 -11.846616
v -5.284795 0.000000 -12.046616
v -5.284795 6.151978 -12.046616
v -5.284795 6.151978 -11.846616
v -5.484795 0.000000 -12.046616
v -5.484795 0.000000 -11.846616
v -5.484795 6.151978 -11.846616
v -5.484795 6.151978 -12.046616
v -5.484795 6.151978 -11.846616
v -5.284795 6.151978 -11.846616
v -5.284795 6.151978 -12.046616
v -5.484795 6.151978 -12.046616
v -5.484795 0.000000 -12.046616
v -5.284795 0.000000 -12.046616
v -5.284795 0.000000 -11.846616
v -5.484795 0.000000 -11.846616
v -5.484795 0.000000 11.049999
v -5.284795 0.000000 11.049999
v -5.284795 6.151978 11.049999
v -5.484795 6.151978 11.049999
v -5.284795 0.000000 10.849999
v -5.484795 0.000000 10.849999
v -5.484795 6.151978 10.849999
v -5.284795 6.151978 10.849999
v -5.284795 0.000000 11.049999
v -5.284795 0.000000 10.849999
v -5.284795 6.151978 10.849999
v -5.284795 6.151978 11.049999
v -5.484795 0.000000 10.849999
v -5.484795 0.000000 11.049999
v -5.484795 6.151978 11.049999
v -5.484795 6.151978 10.849999
v -5.484795 6.151978 11.049999
v -5.284795 6.151978 11.049999
v -5.284795 6.151978 10.849999
v -5.484795 6.151978 10.849999
v -5.484795 0.000000 10.849999
v -5.284795 0.000000 10.849999
v -5.284795 0.000000 11.049999
v -5.484795 0.000000 11.049999
v 6.910031 0.000000 -11.846616
v 7.110031 0.000000 -11.846616
v 7.110031 6.151978 -11.846616
v 6.910031 6.151978 -11.846616
v 7.110031 0.000000 -12.046616
v 6.910031 0.000000 -12.046616
v 6.910031 6.151978 -12.046616
v 7.110031 6.151978 -12.046616
v 7.110031 0.000000 -11.846616
v 7.110031 0.000000 -12.046616
v 7.110031 6.151978 -12.046616
v 7.110031 6.151978 -11.846616
v 6.910031 0.000000 -12.046616
v 6.910031 0.000000 -11.846616
v 6.910031 6.151978 -11.846616
v 6.910031 6.151978 -12.046616
v 6.910031 6.151978 -11.846616
v 7.110031 6.151978 -11.846616
v 7.110031 6.151978 -12.046616
v 6.910031 6.151978 -12.046616
v 6.910031 0.000000 -12.046616
v 7.110031 0.000000 -12.046616
v 7.110031 0.000000 -11.846616
v 6.910031 0.000000 -11.846616
v 6.910031 0.000000 11.049999
v 7.110031 0.000000 11.049999
v 7.110031 6.151978 11.049999
v 6.910031 6.151978 11.049999
v 7.110031 0.000000 10.849999
v 6.910031 0.000000 10.849999
v 6.910031 6.151978 10.849999
v 7.110031 6.151978 10.849999
v 7.110031 0.000000 11.049999
v 7.110031 0.000000 10.849999
v 7.110031 6.151978 10.849999
v 7.110031 6.151978 11.049999
v 6.910031 0.000000 10.849999
v 6.910031 0.000000 11.049999
v 6.910031 6.151978 11.049999
v 6.910031 6.151978 10.849999
v 6.910031 6.151978 11.049999
v 7.110031 6.151978 11.049999
v 7.110031 6.151978 10.849999
v 6.910031 6.151978 10.849999
v 6.910031 0.000000 10.849999
v 7.110031 0.000000 10.849999
v 7.110031 0.000000 11.049999
v 6.910031 0.000000 11.049999
v -4.351261 6.151978 8.509372
v -3.989789 6.151978 8.509372
v -3.989789 9.227967 8.509372
v -4.351261 9.227967 8.509372
v -2.130793 6.151978 8.509372
v -1.769321 6.151978 8.509372
v -1.769321 9.227967 8.509372
v -2.130793 9.227967 8.509372
v -3.989789 6.151978 8.509372
v -2.130793 6.151978 8.509372
v -2.130793 6.631978 8.509372
v -3.989789 6.631978 8.509372
v -3.989789 8.847967 8.509372
v -2.130793 8.847967 8.509372
v -2.130793 9.227967 8.509372
v -3.989789 9.227967 8.509372
v -3.989789 6.631978 8.439372
v -2.130793 6.631978 8.439372
v -2.130793 8.847967 8.439372
v -3.989789 8.847967 8.439372
v -1.769321 6.151978 8.509372
v -1.407850 6.151978 8.509372
v -1.407850 9.227967 8.509372
v -1.769321 9.227967 8.509372
v 0.451146 6.151978 8.509372
v 0.812618 6.151978 8.509372
v 0.812618 9.227967 8.509372
v 0.451146 9.227967 8.509372
v -1.407850 6.151978 8.509372
v 0.451146 6.151978 8.509372
v 0.451146 6.631978 8.509372
v -1.407850 6.631978 8.509372
v -1.407850 8.847967 8.509372
v 0.451146 8.847967 8.509372
v 0.451146 9.227967 8.509372
v -1.407850 9.227967 8.509372
v -1.407850 6.631978 8.439372
v 0.451146 6.631978 8.439372
v 0.451146 8.847967 8.439372
v -1.407850 8.847967 8.439372
v 0.812618 6.151978 8.509372
v 1.174090 6.151978 8.509372
v 1.174090 9.227967 8.509372
v 0.812618 9.227967 8.509372
v 3.033086 6.151978 8.509372
v 3.394557 6.151978 8.509372
v 3.394557 9.227967 8.509372
v 3.033086 9.227967 8.509372
v 1.174090 6.151978 8.509372
v 3.033086 6.151978 8.509372
v 3.033086 6.631978 8.509372
v 1.174090 6.631978 8.509372
v 1.174090 8.847967 8.509372
v 3.033086 8.847967 8.509372
v 3.033086 9.227967 8.509372
v 1.174090 9.227967 8.509372
v 1.174090 6.631978 8.439372
v 3.033086 6.631978 8.439372
v 3.033086 8.847967 8.439372
v 1.174090 8.847967 8.439372
v 3.394557 6.151978 8.509372
v 3.756029 6.151978 8.509372
v 3.756029 9.227967 8.509372
v 3.394557 9.227967 8.509372
v 5.615025 6.151978 8.509372
v 5.976497 6.151978 8.509372
v 5.976497 9.227967 8.509372
v 5.615025 9.227967 8.509372
v 3.756029 6.151978 8.509372
v 5.615025 6.151978 8.509372
v 5.615025 6.631978 8.509372
v 3.756029 6.631978 8.509372
v 3.756029 8.847967 8.509372
v 5.615025 8.847967 8.509372
v 5.615025 9.227967 8.509372
v 3.756029 9.227967 8.509372
v 3.756029 6.631978 8.439372
v 5.615025 6.631978 8.439372
v 5.615025 8.847967 8.439372
v 3.756029 8.847967 8.439372
v -4.351261 9.227967 8.509372
v -3.989789 9.227967 8.509372
v -3.989789 12.303956 8.509372
v -4.351261 12.303956 8.509372
v -2.130793 9.227967 8.509372
v -1.769321 9.227967 8.509372
v -1.769321 12.303956 8.509372
v -2.130793 12.303956 8.509372
v -3.989789 9.227967 8.509372
v -2.130793 9.227967 8.509372
v -2.130793 9.707967 8.509372
v -3.989789 9.707967 8.509372
v -3.989789 11.923956 8.509372
v -2.130793 11.923956 8.509372
v -2.130793 12.303956 8.509372
v -3.989789 12.303956 8.509372
v -3.989789 9.707967 8.439372
v -2.130793 9.707967 8.439372
v -2.130793 11.923956 8.439372
v -3.989789 11.923956 8.439372
v -1.769321 9.227967 8.509372
v -1.407850 9.227967 8.509372
v -1.407850 12.303956 8.509372
v -1.769321 12.303956 8.509372
v 0.451146 9.227967 8.509372
v 0.812618 9.227967 8.509372
v 0.812618 12.303956 8.509372
v 0.451146 12.303956 8.509372
v -1.407850 9.227967 8.509372
v 0.451146 9.227967 8.509372
v 0.451146 9.707967 8.509372
v -1.407850 9.707967 8.509372
v -1.407850 11.923956 8.509372
v 0.451146 11.923956 8.509372
v 0.451146 12.303956 8.509372
v -1.407850 12.303956 8.509372
v -1.407850 9.707967 8.439372
v 0.451146 9.707967 8.439372
v 0.451146 11.923956 8.439372
v -1.407850 11.923956 8.439372
v 0.812618 9.227967 8.509372
v 1.174090 9.227967 8.509372
v 1.174090 12.303956 8.509372
v 0.812618 12.303956 8.509372
v 3.033086 9.227967 8.509372
v 3.394557 9.227967 8.509372
v 3.394557 12.303956 8.509372
v 3.033086 12.303956 8.509372
v 1.174090 9.227967 8.509372
v 3.033086 9.227967 8.509372
v 3.033086 9.707967 8.509372
v 1.174090 9.707967 8.509372
v 1.174090 11.923956 8.509372
v 3.033086 11.923956 8.509372
v 3.033086 12.303956 8.509372
v 1.174090 12.303956 8.509372
v 1.174090 9.707967 8.439372
v 3.033086 9.707967 8.439372
v 3.033086 11.923956 8.439372
v 1.174090 11.923956 8.439372
v 3.394557 9.227967 8.509372
v 3.756029 9.227967 8.509372
v 3.756029 12.303956 8.509372
v 3.394557 12.303956 8.509372
v 5.615025 9.227967 8.509372
v 5.976497 9.227967 8.509372
v 5.976497 12.303956 8.509372
v 5.615025 12.303956 8.509372
v 3.756029 9.227967 8.509372
v 5.615025 9.227967 8.509372
v 5.615025 9.707967 8.509372
v 3.756029 9.707967 8.509372
v 3.756029 11.923956 8.509372
v 5.615025 11.923956 8.509372
v 5.615025 12.303956 8.509372
v 3.756029 12.303956 8.509372
v 3.756029 9.707967 8.439372
v 5.615025 9.707967 8.439372
v 5.615025 11.923956 8.439372
v 3.756029 11.923956 8.439372
v -4.351261 12.303956 8.509372
v -3.989789 12.303956 8.509372
v -3.989789 15.379945 8.509372
v -4.351261 15.379945 8.509372
v -2.130793 12.303956 8.509372
v -1.769321 12.303956 8.509372
v -1.769321 15.379945 8.509372
v -2.130793 15.379945 8.509372
v -3.989789 12.303956 8.509372
v -2.130793 12.303956 8.509372
v -2.130793 12.783956 8.509372
v -3.989789 12.783956 8.509372
v -3.989789 14.999945 8.509372
v -2.130793 14.999945 8.509372
v -2.130793 15.379945 8.509372
v -3.989789 15.379945 8.509372
v -3.989789 12.783956 8.439372
v -2.130793 12.783956 8.439372
v -2.130793 14.999945 8.439372
v -3.989789 14.999945 8.439372
v -1.769321 12.303956 8.509372
v -1.407850 12.303956 8.509372
v -1.407850 15.379945 8.509372
v -1.769321 15.379945 8.509372
v 0.451146 12.303956 8.509372
v 0.812618 12.303956 8.509372
v 0.812618 15.379945 8.509372
v 0.451146 15.379945 8.509372
v -1.407850 12.303956 8.509372
v 0.451146 12.303956 8.509372
v 0.451146 12.783956 8.509372
v -1.407850 12.783956 8.509372
v -1.407850 14.999945 8.509372
v 0.451146 14.999945 8.509372
v 0.451146 15.379945 8.509372
v -1.407850 15.379945 8.509372
v -1.407850 12.783956 8.439372
v 0.451146 12.783956 8.439372
v 0.451146 14.999945 8.439372
v -1.407850 14.999945 8.439372
v 0.812618 12.303956 8.509372
v 1.174090 12.303956 8.509372
v 1.174090 15.379945 8.509372
v 0.812618 15.379945 8.509372
v 3.033086 12.303956 8.509372
v 3.394557 12.303956 8.509372
v 3.394557 15.379945 8.509372
v 3.033086 15.379945 8.509372
v 1.174090 12.303956 8.509372
v 3.033086 12.303956 8.509372
v 3.033086 12.783956 8.509372
v 1.174090 12.783956 8.509372
v 1.174090 14.999945 8.509372
v 3.033086 14.999945 8.509372
v 3.033086 15.379945 8.509372
v 1.174090 15.379945 8.509372
v 1.174090 12.783956 8.439372
v 3.033086 12.783956 8.439372
v 3.033086 14.999945 8.439372
v 1.174090 14.999945 8.439372
v 3.394557 12.303956 8.509372
v 3.756029 12.303956 8.509372
v 3.756029 15.379945 8.509372
v 3.394557 15.379945 8.509372
v 5.615025 12.303956 8.509372
v 5.976497 12.303956 8.509372
v 5.976497 15.379945 8.509372
v 5.615025 15.379945 8.509372
v 3.756029 12.303956 8.509372
v 5.615025 12.303956 8.509372
v 5.615025 12.783956 8.509372
v 3.756029 12.783956 8.509372
v 3.756029 14.999945 8.509372
v 5.615025 14.999945 8.509372
v 5.615025 15.379945 8.509372
v 3.756029 15.379945 8.509372
v 3.756029 12.783956 8.439372
v 5.615025 12.783956 8.439372
v 5.615025 14.999945 8.439372
v 3.756029 14.999945 8.439372
v -4.351261 15.379945 8.509372
v -3.989789 15.379945 8.509372
v -3.989789 18.455934 8.509372
v -4.351261 18.455934 8.509372
v -2.130793 15.379945 8.509372
v -1.769321 15.379945 8.509372
v -1.769321 18.455934 8.509372
v -2.130793 18.455934 8.509372
v -3.989789 15.379945 8.509372
v -2.130793 15.379945 8.509372
v -2.130793 15.859945 8.509372
v -3.989789 15.859945 8.509372
v -3.989789 18.075934 8.509372
v -2.130793 18.075934 8.509372
v -2.130793 18.455934 8.509372
v -3.989789 18.455934 8.509372
v -3.989789 15.859945 8.439372
v -2.130793 15.859945 8.439372
v -2.130793 18.075934 8.439372
v -3.989789 18.075934 8.439372
v -1.769321 15.379945 8.509372
v -1.407850 15.379945 8.509372
v -1.407850 18.455934 8.509372
v -1.769321 18.455934 8.509372
v 0.451146 15.379945 8.509372
v 0.812618 15.379945 8.509372
v 0.812618 18.455934 8.509372
v 0.451146 18.455934 8.509372
v -1.407850 15.379945 8.509372
v 0.451146 15.379945 8.509372
v 0.451146 15.859945 8.509372
v -1.407850 15.859945 8.509372
v -1.407850 18.075934 8.509372
v 0.451146 18.075934 8.509372
v 0.451146 18.455934 8.509372
v -1.407850 18.455934 8.509372
v -1.407850 15.859945 8.439372
v 0.451146 15.859945 8.439372
v 0.451146 18.075934 8.439372
v -1.407850 18.075934 8.439372
v 0.812618 15.379945 8.509372
v 1.174090 15.379945 8.509372
v 1.174090 18.455934 8.509372
v 0.812618 18.455934 8.509372
v 3.033086 15.379945 8.509372
v 3.394557 15.379945 8.509372
v 3.394557 18.455934 8.509372
v 3.033086 18.455934 8.509372
v 1.174090 15.379945 8.509372
v 3.033086 15.379945 8.509372
v 3.033086 15.859945 8.509372
v 1.174090 15.859945 8.509372
v 1.174090 18.075934 8.509372
v 3.033086 18.075934 8.509372
v 3.033086 18.455934 8.509372
v 1.174090 18.455934 8.509372
v 1.174090 15.859945 8.439372
v 3.033086 15.859945 8.439372
v 3.033086 18.075934 8.439372
v 1.174090 18.075934 8.439372
v 3.394557 15.379945 8.509372
v 3.756029 15.379945 8.509372
v 3.756029 18.455934 8.509372
v 3.394557 18.455934 8.509372
v 5.615025 15.379945 8.509372
v 5.976497 15.379945 8.509372
v 5.976497 18.455934 8.509372
v 5.615025 18.455934 8.509372
v 3.756029 15.379945 8.509372
v 5.615025 15.379945 8.509372
v 5.615025 15.859945 8.509372
v 3.756029 15.859945 8.509372
v 3.756029 18.075934 8.509372
v 5.615025 18.075934 8.509372
v 5.615025 18.455934 8.509372
v 3.756029 18.455934 8.509372
v 3.756029 15.859945 8.439372
v 5.615025 15.859945 8.439372
v 5.615025 18.075934 8.439372
v 3.756029 18.075934 8.439372
v -4.351261 18.455934 8.509372
v -3.989789 18.455934 8.509372
v -3.989789 21.531924 8.509372
v -4.351261 21.531924 8.509372
v -2.130793 18.455934 8.509372
v -1.769321 18.455934 8.509372
v -1.769321 21.531924 8.509372
v -2.130793 21.531924 8.509372
v -3.989789 18.455934 8.509372
v -2.130793 18.455934 8.509372
v -2.130793 18.935934 8.509372
v -3.989789 18.935934 8.509372
v -3.989789 21.151924 8.509372
v -2.130793 21.151924 8.509372
v -2.130793 21.531924 8.509372
v -3.989789 21.531924 8.509372
v -3.989789 18.935934 8.439372
v -2.130793 18.935934 8.439372
v -2.130793 21.151924 8.439372
v -3.989789 21.151924 8.439372
v -1.769321 18.455934 8.509372
v -1.407850 18.455934 8.509372
v -1.407850 21.531924 8.509372
v -1.769321 21.531924 8.509372
v 0.451146 18.455934 8.509372
v 0.812618 18.455934 8.509372
v 0.812618 21.531924 8.509372
v 0.451146 21.531924 8.509372
v -1.407850 18.455934 8.509372
v 0.451146 18.455934 8.509372
v 0.451146 18.935934 8.509372
v -1.407850 18.935934 8.509372
v -1.407850 21.151924 8.509372
v 0.451146 21.151924 8.509372
v 0.451146 21.531924 8.509372
v -1.407850 21.531924 8.509372
v -1.407850 18.935934 8.439372
v 0.451146 18.935934 8.439372
v 0.451146 21.151924 8.439372
v -1.407850 21.151924 8.439372
v 0.812618 18.455934 8.509372
v 1.174090 18.455934 8.509372
v 1.174090 21.531924 8.509372
v 0.812618 21.531924 8.509372
v 3.033086 18.455934 8.509372
v 3.394557 18.455934 8.509372
v 3.394557 21.531924 8.509372
v 3.033086 21.531924 8.509372
v 1.174090 18.455934 8.509372
v 3.033086 18.455934 8.509372
v 3.033086 18.935934 8.509372
v 1.174090 18.935934 8.509372
v 1.174090 21.151924 8.509372
v 3.033086 21.151924 8.509372
v 3.033086 21.531924 8.509372
v 1.174090 21.531924 8.509372
v 1.174090 18.935934 8.439372
v 3.033086 18.935934 8.439372
v 3.033086 21.151924 8.439372
v 1.174090 21.151924 8.439372
v 3.394557 18.455934 8.509372
v 3.756029 18.455934 8.509372
v 3.756029 21.531924 8.509372
v 3.394557 21.531924 8.509372
v 5.615025 18.455934 8.509372
v 5.976497 18.455934 8.509372
v 5.976497 21.531924 8.509372
v 5.615025 21.531924 8.509372
v 3.756029 18.455934 8.509372
v 5.615025 18.455934 8.509372
v 5.615025 18.935934 8.509372
v 3.756029 18.935934 8.509372
v 3.756029 21.151924 8.509372
v 5.615025 21.151924 8.509372
v 5.615025 21.531924 8.509372
v 3.756029 21.531924 8.509372
v 3.756029 18.935934 8.439372
v 5.615025 18.935934 8.439372
v 5.615025 21.151924 8.439372
v 3.756029 21.151924 8.439372
v -4.351261 21.531924 8.509372
v -3.989789 21.531924 8.509372
v -3.989789 24.607913 8.509372
v -4.351261 24.607913 8.509372
v -2.130793 21.531924 8.509372
v -1.769321 21.531924 8.509372
v -1.769321 24.607913 8.509372
v -2.130793 24.607913 8.509372
v -3.989789 21.531924 8.509372
v -2.130793 21.531924 8.509372
v -2.130793 22.011924 8.509372
v -3.989789 22.011924 8.509372
v -3.989789 24.227913 8.509372
v -2.130793 24.227913 8.509372
v -2.130793 24.607913 8.509372
v -3.989789 24.607913 8.509372
v -3.989789 22.011924 8.439372
v -2.130793 22.011924 8.439372
v -2.130793 24.227913 8.439372
v -3.989789 24.227913 8.439372
v -1.769321 21.531924 8.509372
v -1.407850 21.531924 8.509372
v -1.407850 24.607913 8.509372
v -1.769321 24.607913 8.509372
v 0.451146 21.531924 8.509372
v 0.812618 21.531924 8.509372
v 0.812618 24.607913 8.509372
v 0.451146 24.607913 8.509372
v -1.407850 21.531924 8.509372
v 0.451146 21.531924 8.509372
v 0.451146 22.011924 8.509372
v -1.407850 22.011924 8.509372
v -1.407850 24.227913 8.509372
v 0.451146 24.227913 8.509372
v 0.451146 24.607913 8.509372
v -1.407850 24.607913 8.509372
v -1.407850 22.011924 8.439372
v 0.451146 22.011924 8.439372
v 0.451146 24.227913 8.439372
v -1.407850 24.227913 8.439372
v 0.812618 21.531924 8.509372
v 1.174090 21.531924 8.509372
v 1.174090 24.607913 8.509372
v 0.812618 24.607913 8.509372
v 3.033086 21.531924 8.509372
v 3.394557 21.531924 8.509372
v 3.394557 24.607913 8.509372
v 3.033086 24.607913 8.509372
v 1.174090 21.531924 8.509372
v 3.033086 21.531924 8.509372
v 3.033086 22.011924 8.509372
v 1.174090 22.011924 8.509372
v 1.174090 24.227913 8.509372
v 3.033086 24.227913 8.509372
v 3.033086 24.607913 8.509372
v 1.174090 24.607913 8.509372
v 1.174090 22.011924 8.439372
v 3.033086 22.011924 8.439372
v 3.033086 24.227913 8.439372
v 1.174090 24.227913 8.439372
v 3.394557 21.531924 8.509372
v 3.756029 21.531924 8.509372
v 3.756029 24.607913 8.509372
v 3.394557 24.607913 8.509372
v 5.615025 21.531924 8.509372
v 5.976497 21.531924 8.509372
v 5.976497 24.607913 8.509372
v 5.615025 24.607913 8.509372
v 3.756029 21.531924 8.509372
v 5.615025 21.531924 8.509372
v 5.615025 22.011924 8.509372
v 3.756029 22.011924 8.509372
v 3.756029 24.227913 8.509372
v 5.615025 24.227913 8.509372
v 5.615025 24.607913 8.509372
v 3.756029 24.607913 8.509372
v 3.756029 22.011924 8.439372
v 5.615025 22.011924 8.439372
v 5.615025 24.227913 8.439372
v 3.756029 24.227913 8.439372
v -4.351261 24.607913 8.509372
v -3.989789 24.607913 8.509372
v -3.989789 27.683902 8.509372
v -4.351261 27.683902 8.509372
v -2.130793 24.607913 8.509372
v -1.769321 24.607913 8.509372
v -1.769321 27.683902 8.509372
v -2.130793 27.683902 8.509372
v -3.989789 24.607913 8.509372
v -2.130793 24.607913 8.509372
v -2.130793 25.087913 8.509372
v -3.989789 25.087913 8.509372
v -3.989789 27.303902 8.509372
v -2.130793 27.303902 8.509372
v -2.130793 27.683902 8.509372
v -3.989789 27.683902 8.509372
v -3.989789 25.087913 8.439372
v -2.130793 25.087913 8.439372
v -2.130793 27.303902 8.439372
v -3.989789 27.303902 8.439372
v -1.769321 24.607913 8.509372
v -1.407850 24.607913 8.509372
v -1.407850 27.683902 8.509372
v -1.769321 27.683902 8.509372
v 0.451146 24.607913 8.509372
v 0.812618 24.607913 8.509372
v 0.812618 27.683902 8.509372
v 0.451146 27.683902 8.509372
v -1.407850 24.607913 8.509372
v 0.451146 24.607913 8.509372
v 0.451146 25.087913 8.509372
v -1.407850 25.087913 8.509372
v -1.407850 27.303902 8.509372
v 0.451146 27.303902 8.509372
v 0.451146 27.683902 8.509372
v -1.407850 27.683902 8.509372
v -1.407850 25.087913 8.439372
v 0.451146 25.087913 8.439372
v 0.451146 27.303902 8.439372
v -1.407850 27.303902 8.439372
v 0.812618 24.607913 8.509372
v 1.174090 24.607913 8.509372
v 1.174090 27.683902 8.509372
v 0.812618 27.683902 8.509372
v 3.033086 24.607913 8.509372
v 3.394557 24.607913 8.509372
v 3.394557 27.683902 8.509372
v 3.033086 27.683902 8.509372
v 1.174090 24.607913 8.509372
v 3.033086 24.607913 8.509372
v 3.033086 25.087913 8.509372
v 1.174090 25.087913 8.509372
v 1.174090 27.303902 8.509372
v 3.033086 27.303902 8.509372
v 3.033086 27.683902 8.509372
v 1.174090 27.683902 8.509372
v 1.174090 25.087913 8.439372
v 3.033086 25.087913 8.439372
v 3.033086 27.303902 8.439372
v 1.174090 27.303902 8.439372
v 3.394557 24.607913 8.509372
v 3.756029 24.607913 8.509372
v 3.756029 27.683902 8.509372
v 3.394557 27.683902 8.509372
v 5.615025 24.607913 8.509372
v 5.976497 24.607913 8.509372
v 5.976497 27.683902 8.509372
v 5.615025 27.683902 8.509372
v 3.756029 24.607913 8.509372
v 5.615025 24.607913 8.509372
v 5.615025 25.087913 8.509372
v 3.756029 25.087913 8.509372
v 3.756029 27.303902 8.509372
v 5.615025 27.303902 8.509372
v 5.615025 27.683902 8.509372
v 3.756029 27.683902 8.509372
v 3.756029 25.087913 8.439372
v 5.615025 25.087913 8.439372
v 5.615025 27.303902 8.439372
v 3.756029 27.303902 8.439372
v -4.351261 27.683902 8.509372
v -3.989789 27.683902 8.509372
v -3.989789 30.759891 8.509372
v -4.351261 30.759891 8.509372
v -2.130793 27.683902 8.509372
v -1.769321 27.683902 8.509372
v -1.769321 30.759891 8.509372
v -2.130793 30.759891 8.509372
v -3.989789 27.683902 8.509372
v -2.130793 27.683902 8.509372
v -2.130793 28.163902 8.509372
v -3.989789 28.163902 8.509372
v -3.989789 30.379891 8.509372
v -2.130793 30.379891 8.509372
v -2.130793 30.759891 8.509372
v -3.989789 30.759891 8.509372
v -3.989789 28.163902 8.439372
v -2.130793 28.163902 8.439372
v -2.130793 30.379891 8.439372
v -3.989789 30.379891 8.439372
v -1.769321 27.683902 8.509372
v -1.407850 27.683902 8.509372
v -1.407850 30.759891 8.509372
v -1.769321 30.759891 8.509372
v 0.451146 27.683902 8.509372
v 0.812618 27.683902 8.509372
v 0.812618 30.759891 8.509372
v 0.451146 30.759891 8.509372
v -1.407850 27.683902 8.509372
v 0.451146 27.683902 8.509372
v 0.451146 28.163902 8.509372
v -1.407850 28.163902 8.509372
v -1.407850 30.379891 8.509372
v 0.451146 30.379891 8.509372
v 0.451146 30.759891 8.509372
v -1.407850 30.759891 8.509372
v -1.407850 28.163902 8.439372
v 0.451146 28.163902 8.439372
v 0.451146 30.379891 8.439372
v -1.407850 30.379891 8.439372
v 0.812618 27.683902 8.509372
v 1.174090 27.683902 8.509372
v 1.174090 30.759891 8.509372
v 0.812618 30.759891 8.509372
v 3.033086 27.683902 8.509372
v 3.394557 27.683902 8.509372
v 3.394557 30.759891 8.509372
v 3.033086 30.759891 8.509372
v 1.174090 27.683902 8.509372
v 3.033086 27.683902 8.509372
v 3.033086 28.163902 8.509372
v 1.174090 28.163902 8.509372
v 1.174090 30.379891 8.509372
v 3.033086 30.379891 8.509372
v 3.033086 30.759891 8.509372
v 1.174090 30.759891 8.509372
v 1.174090 28.163902 8.439372
v 3.033086 28.163902 8.439372
v 3.033086 30.379891 8.439372
v 1.174090 30.379891 8.439372
v 3.394557 27.683902 8.509372
v 3.756029 27.683902 8.509372
v 3.756029 30.759891 8.509372
v 3.394557 30.759891 8.509372
v 5.615025 27.683902 8.509372
v 5.976497 27.683902 8.509372
v 5.976497 30.759891 8.509372
v 5.615025 30.759891 8.509372
v 3.756029 27.683902 8.509372
v 5.615025 27.683902 8.509372
v 5.615025 28.163902 8.509372
v 3.756029 28.163902 8.509372
v 3.756029 30.379891 8.509372
v 5.615025 30.379891 8.509372
v 5.615025 30.759891 8.509372
v 3.756029 30.759891 8.509372
v 3.756029 28.163902 8.439372
v 5.615025 28.163902 8.439372
v 5.615025 30.379891 8.439372
v 3.756029 30.379891 8.439372
v -4.351261 30.759891 8.509372
v -3.989789 30.759891 8.509372
v -3.989789 33.835880 8.509372
v -4.351261 33.835880 8.509372
v -2.130793 30.759891 8.509372
v -1.769321 30.759891 8.509372
v -1.769321 33.835880 8.509372
v -2.130793 33.835880 8.509372
v -3.989789 30.759891 8.509372
v -2.130793 30.759891 8.509372
v -2.130793 31.239891 8.509372
v -3.989789 31.239891 8.509372
v -3.989789 33.455880 8.509372
v -2.130793 33.455880 8.509372
v -2.130793 33.835880 8.509372
v -3.989789 33.835880 8.509372
v -3.989789 31.239891 8.439372
v -2.130793 31.239891 8.439372
v -2.130793 33.455880 8.439372
v -3.989789 33.455880 8.439372
v -1.769321 30.759891 8.509372
v -1.407850 30.759891 8.509372
v -1.407850 33.835880 8.509372
v -1.769321 33.835880 8.509372
v 0.451146 30.759891 8.509372
v 0.812618 30.759891 8.509372
v 0.812618 33.835880 8.509372
v 0.451146 33.835880 8.509372
v -1.407850 30.759891 8.509372
v 0.451146 30.759891 8.509372
v 0.451146 31.239891 8.509372
v -1.407850 31.239891 8.509372
v -1.407850 33.455880 8.509372
v 0.451146 33.455880 8.509372
v 0.451146 33.835880 8.509372
v -1.407850 33.835880 8.509372
v -1.407850 31.239891 8.439372
v 0.451146 31.239891 8.439372
v 0.451146 33.455880 8.439372
v -1.407850 33.455880 8.439372
v 0.812618 30.759891 8.509372
v 1.174090 30.759891 8.509372
v 1.174090 33.835880 8.509372
v 0.812618 33.835880 8.509372
v 3.033086 30.759891 8.509372
v 3.394557 30.759891 8.509372
v 3.394557 33.835880 8.509372
v 3.033086 33.835880 8.509372
v 1.174090 30.759891 8.509372
v 3.033086 30.759891 8.509372
v 3.033086 31.239891 8.509372
v 1.174090 31.239891 8.509372
v 1.174090 33.455880 8.509372
v 3.033086 33.455880 8.509372
v 3.033086 33.835880 8.509372
v 1.174090 33.835880 8.509372
v 1.174090 31.239891 8.439372
v 3.033086 31.239891 8.439372
v 3.033086 33.455880 8.439372
v 1.174090 33.455880 8.439372
v 3.394557 30.759891 8.509372
v 3.756029 30.759891 8.509372
v 3.756029 33.835880 8.509372
v 3.394557 33.835880 8.509372
v 5.615025 30.759891 8.509372
v 5.976497 30.759891 8.509372
v 5.976497 33.835880 8.509372
v 5.615025 33.835880 8.509372
v 3.756029 30.759891 8.509372
v 5.615025 30.759891 8.509372
v 5.615025 31.239891 8.509372
v 3.756029 31.239891 8.509372
v 3.756029 33.455880 8.509372
v 5.615025 33.455880 8.509372
v 5.615025 33.835880 8.509372
v 3.756029 33.835880 8.509372
v 3.756029 31.239891 8.439372
v 5.615025 31.239891 8.439372
v 5.615025 33.455880 8.439372
v 3.756029 33.455880 8.439372
v 5.976497 6.151978 -9.505988
v 5.615025 6.151978 -9.505988
v 5.615025 9.227967 -9.505988
v 5.976497 9.227967 -9.505988
v 3.756029 6.151978 -9.505988
v 3.394557 6.151978 -9.505988
v 3.394557 9.227967 -9.505988
v 3.756029 9.227967 -9.505988
v 5.615025 6.151978 -9.505988
v 3.756029 6.151978 -9.505988
v 3.756029 6.631978 -9.505988
v 5.615025 6.631978 -9.505988
v 5.615025 8.847967 -9.505988
v 3.756029 8.847967 -9.505988
v 3.756029 9.227967 -9.505988
v 5.615025 9.227967 -9.505988
v 5.615025 6.631978 -9.435988
v 3.756029 6.631978 -9.435988
v 3.756029 8.847967 -9.435988
v 5.615025 8.847967 -9.435988
v 3.394557 6.151978 -9.505988
v 3.033086 6.151978 -9.505988
v 3.033086 9.227967 -9.505988
v 3.394557 9.227967 -9.505988
v 1.174090 6.151978 -9.505988
v 0.812618 6.151978 -9.505988
v 0.812618 9.227967 -9.505988
v 1.174090 9.227967 -9.505988
v 3.033086 6.151978 -9.505988
v 1.174090 6.151978 -9.505988
v 1.174090 6.631978 -9.505988
v 3.033086 6.631978 -9.505988
v 3.033086 8.847967 -9.505988
v 1.174090 8.847967 -9.505988
v 1.174090 9.227967 -9.505988
v 3.033086 9.227967 -9.505988
v 3.033086 6.631978 -9.435988
v 1.174090 6.631978 -9.435988
v 1.174090 8.847967 -9.435988
v 3.033086 8.847967 -9.435988
v 0.812618 6.151978 -9.505988
v 0.451146 6.151978 -9.505988
v 0.451146 9.227967 -9.505988
v 0.812618 9.227967 -9.505988
v -1.407850 6.151978 -9.505988
v -1.769321 6.151978 -9.505988
v -1.769321 9.227967 -9.505988
v -1.407850 9.227967 -9.505988
v 0.451146 6.151978 -9.505988
v -1.407850 6.151978 -9.505988
v -1.407850 6.631978 -9.505988
v 0.451146 6.631978 -9.505988
v 0.451146 8.847967 -9.505988
v -1.407850 8.847967 -9.505988
v -1.407850 9.227967 -9.505988
v 0.451146 9.227967 -9.505988
v 0.451146 6.631978 -9.435988
v -1.407850 6.631978 -9.435988
v -1.407850 8.847967 -9.435988
v 0.451146 8.847967 -9.435988
v -1.769321 6.151978 -9.505988
v -2.130793 6.151978 -9.505988
v -2.130793 9.227967 -9.505988
v -1.769321 9.227967 -9.505988
v -3.989789 6.151978 -9.505988
v -4.351261 6.151978 -9.505988
v -4.351261 9.227967 -9.505988
v -3.989789 9.227967 -9.505988
v -2.130793 6.151978 -9.505988
v -3.989789 6.151978 -9.505988
v -3.989789 6.631978 -9.505988
v -2.130793 6.631978 -9.505988
v -2.130793 8.847967 -9.505988
v -3.989789 8.847967 -9.505988
v -3.989789 9.227967 -9.505988
v -2.130793 9.227967 -9.505988
v -2.130793 6.631978 -9.435988
v -3.989789 6.631978 -9.435988
v -3.989789 8.847967 -9.435988
v -2.130793 8.847967 -9.435988
v 5.976497 9.227967 -9.505988
v 5.615025 9.227967 -9.505988
v 5.615025 12.303956 -9.505988
v 5.976497 12.303956 -9.505988
v 3.756029 9.227967 -9.505988
v 3.394557 9.227967 -9.505988
v 3.394557 12.303956 -9.505988
v 3.756029 12.303956 -9.505988
v 5.615025 9.227967 -9.505988
v 3.756029 9.227967 -9.505988
v 3.756029 9.707967 -9.505988
v 5.615025 9.707967 -9.505988
v 5.615025 11.923956 -9.505988
v 3.756029 11.923956 -9.505988
v 3.756029 12.303956 -9.505988
v 5.615025 12.303956 -9.505988
v 5.615025 9.707967 -9.435988
v 3.756029 9.707967 -9.435988
v 3.756029 11.923956 -9.435988
v 5.615025 11.923956 -9.435988
v 3.394557 9.227967 -9.505988
v 3.033086 9.227967 -9.505988
v 3.033086 12.303956 -9.505988
v 3.394557 12.303956 -9.505988
v 1.174090 9.227967 -9.505988
v 0.812618 9.227967 -9.505988
v 0.812618 12.303956 -9.505988
v 1.174090 12.303956 -9.505988
v 3.033086 9.227967 -9.505988
v 1.174090 9.227967 -9.505988
v 1.174090 9.707967 -9.505988
v 3.033086 9.707967 -9.505988
v 3.033086 11.923956 -9.505988
v 1.174090 11.923956 -9.505988
v 1.174090 12.303956 -9.505988
v 3.033086 12.303956 -9.505988
v 3.033086 9.707967 -9.435988
v 1.174090 9.707967 -9.435988
v 1.174090 11.923956 -9.435988
v 3.033086 11.923956 -9.435988
v 0.812618 9.227967 -9.505988
v 0.451146 9.227967 -9.505988
v 0.451146 12.303956 -9.505988
v 0.812618 12.303956 -9.505988
v -1.407850 9.227967 -9.505988
v -1.769321 9.227967 -9.505988
v -1.769321 12.303956 -9.505988
v -1.407850 12.303956 -9.505988
v 0.451146 9.227967 -9.505988
v -1.407850 9.227967 -9.505988
v -1.407850 9.707967 -9.505988
v 0.451146 9.707967 -9.505988
v 0.451146 11.923956 -9.505988
v -1.407850 11.923956 -9.505988
v -1.407850 12.303956 -9.505988
v 0.451146 12.303956 -9.505988
v 0.451146 9.707967 -9.435988
v -1.407850 9.707967 -9.435988
v -1.407850 11.923956 -9.435988
v 0.451146 11.923956 -9.435988
v -1.769321 9.227967 -9.505988
v -2.130793 9.227967 -9.505988
v -2.130793 12.303956 -9.505988
v -1.769321 12.303956 -9.505988
v -3.989789 9.227967 -9.505988
v -4.351261 9.227967 -9.505988
v -4.351261 12.303956 -9.505988
v -3.989789 12.303956 -9.505988
v -2.130793 9.227967 -9.505988
v -3.989789 9.227967 -9.505988
v -3.989789 9.707967 -9.505988
v -2.130793 9.707967 -9.505988
v -2.130793 11.923956 -9.505988
v -3.989789 11.923956 -9.505988
v -3.989789 12.303956 -9.505988
v -2.130793 12.303956 -9.505988
v -2.130793 9.707967 -9.435988
v -3.989789 9.707967 -9.435988
v -3.989789 11.923956 -9.435988
v -2.130793 11.923956 -9.435988
v 5.976497 12.303956 -9.505988
v 5.615025 12.303956 -9.505988
v 5.615025 15.379945 -9.505988
v 5.976497 15.379945 -9.505988
v 3.756029 12.303956 -9.505988
v 3.394557 12.303956 -9.505988
v 3.394557 15.379945 -9.505988
v 3.756029 15.379945 -9.505988
v 5.615025 12.303956 -9.505988
v 3.756029 12.303956 -9.505988
v 3.756029 12.783956 -9.505988
v 5.615025 12.783956 -9.505988
v 5.615025 14.999945 -9.505988
v 3.756029 14.999945 -9.505988
v 3.756029 15.379945 -9.505988
v 5.615025 15.379945 -9.505988
v 5.615025 12.783956 -9.435988
v 3.756029 12.783956 -9.435988
v 3.756029 14.999945 -9.435988
v 5.615025 14.999945 -9.435988
v 3.394557 12.303956 -9.505988
v 3.033086 12.303956 -9.505988
v 3.033086 15.379945 -9.505988
v 3.394557 15.379945 -9.505988
v 1.174090 12.303956 -9.505988
v 0.812618 12.303956 -9.505988
v 0.812618 15.379945 -9.505988
v 1.174090 15.379945 -9.505988
v 3.033086 12.303956 -9.505988
v 1.174090 12.303956 -9.505988
v 1.174090 12.783956 -9.505988
v 3.033086 12.783956 -9.505988
v 3.033086 14.999945 -9.505988
v 1.174090 14.999945 -9.505988
v 1.174090 15.379945 -9.505988
v 3.033086 15.379945 -9.505988
v 3.033086 12.783956 -9.435988
v 1.174090 12.783956 -9.435988
v 1.174090 14.999945 -9.435988
v 3.033086 14.999945 -9.435988
v 0.812618 12.303956 -9.505988
v 0.451146 12.303956 -9.505988
v 0.451146 15.379945 -9.505988
v 0.812618 15.379945 -9.505988
v -1.407850 12.303956 -9.505988
v -1.769321 12.303956 -9.505988
v -1.769321 15.379945 -9.505988
v -1.407850 15.379945 -9.505988
v 0.451146 12.303956 -9.505988
v -1.407850 12.303956 -9.505988
v -1.407850 12.783956 -9.505988
v 0.451146 12.783956 -9.505988
v 0.451146 14.999945 -9.505988
v -1.407850 14.999945 -9.505988
v -1.407850 15.379945 -9.505988
v 0.451146 15.379945 -9.505988
v 0.451146 12.783956 -9.435988
v -1.407850 12.783956 -9.435988
v -1.407850 14.999945 -9.435988
v 0.451146 14.999945 -9.435988
v -1.769321 12.303956 -9.505988
v -2.130793 12.303956 -9.505988
v -2.130793 15.379945 -9.505988
v -1.769321 15.379945 -9.505988
v -3.989789 12.303956 -9.505988
v -4.351261 12.303956 -9.505988
v -4.351261 15.379945 -9.505988
v -3.989789 15.379945 -9.505988
v -2.130793 12.303956 -9.505988
v -3.989789 12.303956 -9.505988
v -3.989789 12.783956 -9.505988
v -2.130793 12.783956 -9.505988
v -2.130793 14.999945 -9.505988
v -3.989789 14.999945 -9.505988
v -3.989789 15.379945 -9.505988
v -2.130793 15.379945 -9.505988
v -2.130793 12.783956 -9.435988
v -3.989789 12.783956 -9.435988
v -3.989789 14.999945 -9.435988
v -2.130793 14.999945 -9.435988
v 5.976497 15.379945 -9.505988
v 5.615025 15.379945 -9.505988
v 5.615025 18.455934 -9.505988
v 5.976497 18.455934 -9.505988
v 3.756029 15.379945 -9.505988
v 3.394557 15.379945 -9.505988
v 3.394557 18.455934 -9.505988
v 3.756029 18.455934 -9.505988
v 5.615025 15.379945 -9.505988
v 3.756029 15.379945 -9.505988
v 3.756029 15.859945 -9.505988
v 5.615025 15.859945 -9.505988
v 5.615025 18.075934 -9.505988
v 3.756029 18.075934 -9.505988
v 3.756029 18.455934 -9.505988
v 5.615025 18.455934 -9.505988
v 5.615025 15.859945 -9.435988
v 3.756029 15.859945 -9.435988
v 3.756029 18.075934 -9.435988
v 5.615025 18.075934 -9.435988
v 3.394557 15.379945 -9.505988
v 3.033086 15.379945 -9.505988
v 3.033086 18.455934 -9.505988
v 3.394557 18.455934 -9.505988
v 1.174090 15.379945 -9.505988
v 0.812618 15.379945 -9.505988
v 0.812618 18.455934 -9.505988
v 1.174090 18.455934 -9.505988
v 3.033086 15.379945 -9.505988
v 1.174090 15.379945 -9.505988
v 1.174090 15.859945 -9.505988
v 3.033086 15.859945 -9.505988
v 3.033086 18.075934 -9.505988
v 1.174090 18.075934 -9.505988
v 1.174090 18.455934 -9.505988
v 3.033086 18.455934 -9.505988
v 3.033086 15.859945 -9.435988
v 1.174090 15.859945 -9.435988
v 1.174090 18.075934 -9.435988
v 3.033086 18.075934 -9.435988
v 0.812618 15.379945 -9.505988
v 0.451146 15.379945 -9.505988
v 0.451146 18.455934 -9.505988
v 0.812618 18.455934 -9.505988
v -1.407850 15.379945 -9.505988
v -1.769321 15.379945 -9.505988
v -1.769321 18.455934 -9.505988
v -1.407850 18.455934 -9.505988
v 0.451146 15.379945 -9.505988
v -1.407850 15.379945 -9.505988
v -1.407850 15.859945 -9.505988
v 0.451146 15.859945 -9.505988
v 0.451146 18.075934 -9.505988
v -1.407850 18.075934 -9.505988
v -1.407850 18.455934 -9.505988
v 0.451146 18.455934 -9.505988
v 0.451146 15.859945 -9.435988
v -1.407850 15.859945 -9.435988
v -1.407850 18.075934 -9.435988
v 0.451146 18.075934 -9.435988
v -1.769321 15.379945 -9.505988
v -2.130793 15.379945 -9.505988
v -2.130793 18.455934 -9.505988
v -1.769321 18.455934 -9.505988
v -3.989789 15.379945 -9.505988
v -4.351261 15.379945 -9.505988
v -4.351261 18.455934 -9.505988
v -3.989789 18.455934 -9.505988
v -2.130793 15.379945 -9.505988
v -3.989789 15.379945 -9.505988
v -3.989789 15.859945 -9.505988
v -2.130793 15.859945 -9.505988
v -2.130793 18.075934 -9.505988
v -3.989789 18.075934 -9.505988
v -3.989789 18.455934 -9.505988
v -2.130793 18.455934 -9.505988
v -2.130793 15.859945 -9.435988
v -3.989789 15.859945 -9.435988
v -3.989789 18.075934 -9.435988
v -2.130793 18.075934 -9.435988
v 5.976497 18.455934 -9.505988
v 5.615025 18.455934 -9.505988
v 5.615025 21.531924 -9.505988
v 5.976497 21.531924 -9.505988
v 3.756029 18.455934 -9.505988
v 3.394557 18.455934 -9.505988
v 3.394557 21.531924 -9.505988
v 3.756029 21.531924 -9.505988
v 5.615025 18.455934 -9.505988
v 3.756029 18.455934 -9.505988
v 3.756029 18.935934 -9.505988
v 5.615025 18.935934 -9.505988
v 5.615025 21.151924 -9.505988
v 3.756029 21.151924 -9.505988
v 3.756029 21.531924 -9.505988
v 5.615025 21.531924 -9.505988
v 5.615025 18.935934 -9.435988
v 3.756029 18.935934 -9.435988
v 3.756029 21.151924 -9.435988
v 5.615025 21.151924 -9.435988
v 3.394557 18.455934 -9.505988
v 3.033086 18.455934 -9.505988
v 3.033086 21.531924 -9.505988
v 3.394557 21.531924 -9.505988
v 1.174090 18.455934 -9.505988
v 0.812618 18.455934 -9.505988
v 0.812618 21.531924 -9.505988
v 1.174090 21.531924 -9.505988
v 3.033086 18.455934 -9.505988
v 1.174090 18.455934 -9.505988
v 1.174090 18.935934 -9.505988
v 3.033086 18.935934 -9.505988
v 3.033086 21.151924 -9.505988
v 1.174090 21.151924 -9.505988
v 1.174090 21.531924 -9.505988
v 3.033086 21.531924 -9.505988
v 3.033086 18.935934 -9.435988
v 1.174090 18.935934 -9.435988
v 1.174090 21.151924 -9.435988
v 3.033086 21.151924 -9.435988
v 0.812618 18.455934 -9.505988
v 0.451146 18.455934 -9.505988
v 0.451146 21.531924 -9.505988
v 0.812618 21.531924 -9.505988
v -1.407850 18.455934 -9.505988
v -1.769321 18.455934 -9.505988
v -1.769321 21.531924 -9.505988
v -1.407850 21.531924 -9.505988
v 0.451146 18.455934 -9.505988
v -1.407850 18.455934 -9.505988
v -1.407850 18.935934 -9.505988
v 0.451146 18.935934 -9.505988
v 0.451146 21.151924 -9.505988
v -1.407850 21.151924 -9.505988
v -1.407850 21.531924 -9.505988
v 0.451146 21.531924 -9.505988
v 0.451146 18.935934 -9.435988
v -1.407850 18.935934 -9.435988
v -1.407850 21.151924 -9.435988
v 0.451146 21.151924 -9.435988
v -1.769321 18.455934 -9.505988
v -2.130793 18.455934 -9.505988
v -2.130793 21.531924 -9.505988
v -1.769321 21.531924 -9.505988
v -3.989789 18.455934 -9.505988
v -4.351261 18.455934 -9.505988
v -4.351261 21.531924 -9.505988
v -3.989789 21.531924 -9.505988
v -2.130793 18.455934 -9.505988
v -3.989789 18.455934 -9.505988
v -3.989789 18.935934 -9.505988
v -2.130793 18.935934 -9.505988
v -2.130793 21.151924 -9.505988
v -3.989789 21.151924 -9.505988
v -3.989789 21.531924 -9.505988
v -2.130793 21.531924 -9.505988
v -2.130793 18.935934 -9.435988
v -3.989789 18.935934 -9.435988
v -3.989789 21.151924 -9.435988
v -2.130793 21.151924 -9.435988
v 5.976497 21.531924 -9.505988
v 5.615025 21.531924 -9.505988
v 5.615025 24.607913 -9.505988
v 5.976497 24.607913 -9.505988
v 3.756029 21.531924 -9.505988
v 3.394557 21.531924 -9.505988
v 3.394557 24.607913 -9.505988
v 3.756029 24.607913 -9.505988
v 5.615025 21.531924 -9.505988
v 3.756029 21.531924 -9.505988
v 3.756029 22.011924 -9.505988
v 5.615025 22.011924 -9.505988
v 5.615025 24.227913 -9.505988
v 3.756029 24.227913 -9.505988
v 3.756029 24.607913 -9.505988
v 5.615025 24.607913 -9.505988
v 5.615025 22.011924 -9.435988
v 3.756029 22.011924 -9.435988
v 3.756029 24.227913 -9.435988
v 5.615025 24.227913 -9.435988
v 3.394557 21.531924 -9.505988
v 3.033086 21.531924 -9.505988
v 3.033086 24.607913 -9.505988
v 3.394557 24.607913 -9.505988
v 1.174090 21.531924 -9.505988
v 0.812618 21.531924 -9.505988
v 0.812618 24.607913 -9.505988
v 1.174090 24.607913 -9.505988
v 3.033086 21.531924 -9.505988
v 1.174090 21.531924 -9.505988
v 1.174090 22.011924 -9.505988
v 3.033086 22.011924 -9.505988
v 3.033086 24.227913 -9.505988
v 1.174090 24.227913 -9.505988
v 1.174090 24.607913 -9.505988
v 3.033086 24.607913 -9.505988
v 3.033086 22.011924 -9.435988
v 1.174090 22.011924 -9.435988
v 1.174090 24.227913 -9.435988
v 3.033086 24.227913 -9.435988
v 0.812618 21.531924 -9.505988
v 0.451146 21.531924 -9.505988
v 0.451146 24.607913 -9.505988
v 0.812618 24.607913 -9.505988
v -1.407850 21.531924 -9.505988
v -1.769321 21.531924 -9.505988
v -1.769321 24.607913 -9.505988
v -1.407850 24.607913 -9.505988
v 0.451146 21.531924 -9.505988
v -1.407850 21.531924 -9.505988
v -1.407850 22.011924 -9.505988
v 0.451146 22.011924 -9.505988
v 0.451146 24.227913 -9.505988
v -1.407850 24.227913 -9.505988
v -1.407850 24.607913 -9.505988
v 0.451146 24.607913 -9.505988
v 0.451146 22.011924 -9.435988
v -1.407850 22.011924 -9.435988
v -1.407850 24.227913 -9.435988
v 0.451146 24.227913 -9.435988
v -1.769321 21.531924 -9.505988
v -2.130793 21.531924 -9.505988
v -2.130793 24.607913 -9.505988
v -1.769321 24.607913 -9.505988
v -3.989789 21.531924 -9.505988
v -4.351261 21.531924 -9.505988
v -4.351261 24.607913 -9.505988
v -3.989789 24.607913 -9.505988
v -2.130793 21.531924 -9.505988
v -3.989789 21.531924 -9.505988
v -3.989789 22.011924 -9.505988
v -2.130793 22.011924 -9.505988
v -2.130793 24.227913 -9.505988
v -3.989789 24.227913 -9.505988
v -3.989789 24.607913 -9.505988
v -2.130793 24.607913 -9.505988
v -2.130793 22.011924 -9.435988
v -3.989789 22.011924 -9.435988
v -3.989789 24.227913 -9.435988
v -2.130793 24.227913 -9.435988
v 5.976497 24.607913 -9.505988
v 5.615025 24.607913 -9.505988
v 5.615025 27.683902 -9.505988
v 5.976497 27.683902 -9.505988
v 3.756029 24.607913 -9.505988
v 3.394557 24.607913 -9.505988
v 3.394557 27.683902 -9.505988
v 3.756029 27.683902 -9.505988
v 5.615025 24.607913 -9.505988
v 3.756029 24.607913 -9.505988
v 3.756029 25.087913 -9.505988
v 5.615025 25.087913 -9.505988
v 5.615025 27.303902 -9.505988
v 3.756029 27.303902 -9.505988
v 3.756029 27.683902 -9.505988
v 5.615025 27.683902 -9.505988
v 5.615025 25.087913 -9.435988
v 3.756029 25.087913 -9.435988
v 3.756029 27.303902 -9.435988
v 5.615025 27.303902 -9.435988
v 3.394557 24.607913 -9.505988
v 3.033086 24.607913 -9.505988
v 3.033086 27.683902 -9.505988
v 3.394557 27.683902 -9.505988
v 1.174090 24.607913 -9.505988
v 0.812618 24.607913 -9.505988
v 0.812618 27.683902 -9.505988
v 1.174090 27.683902 -9.505988
v 3.033086 24.607913 -9.505988
v 1.174090 24.607913 -9.505988
v 1.174090 25.087913 -9.505988
v 3.033086 25.087913 -9.505988
v 3.033086 27.303902 -9.505988
v 1.174090 27.303902 -9.505988
v 1.174090 27.683902 -9.505988
v 3.033086 27.683902 -9.505988
v 3.033086 25.087913 -9.435988
v 1.174090 25.087913 -9.435988
v 1.174090 27.303902 -9.435988
v 3.033086 27.303902 -9.435988
v 0.812618 24.607913 -9.505988
v 0.451146 24.607913 -9.505988
v 0.451146 27.683902 -9.505988
v 0.812618 27.683902 -9.505988
v -1.407850 24.607913 -9.505988
v -1.769321 24.607913 -9.505988
v -1.769321 27.683902 -9.505988
v -1.407850 27.683902 -9.505988
v 0.451146 24.607913 -9.505988
v -1.407850 24.607913 -9.505988
v -1.407850 25.087913 -9.505988
v 0.451146 25.087913 -9.505988
v 0.451146 27.303902 -9.505988
v -1.407850 27.303902 -9.505988
v -1.407850 27.683902 -9.505988
v 0.451146 27.683902 -9.505988
v 0.451146 25.087913 -9.435988
v -1.407850 25.087913 -9.435988
v -1.407850 27.303902 -9.435988
v 0.451146 27.303902 -9.435988
v -1.769321 24.607913 -9.505988
v -2.130793 24.607913 -9.505988
v -2.130793 27.683902 -9.505988
v -1.769321 27.683902 -9.505988
v -3.989789 24.607913 -9.505988
v -4.351261 24.607913 -9.505988
v -4.351261 27.683902 -9.505988
v -3.989789 27.683902 -9.505988
v -2.130793 24.607913 -9.505988
v -3.989789 24.607913 -9.505988
v -3.989789 25.087913 -9.505988
v -2.130793 25.087913 -9.505988
v -2.130793 27.303902 -9.505988
v -3.989789 27.303902 -9.505988
v -3.989789 27.683902 -9.505988
v -2.130793 27.683902 -9.505988
v -2.130793 25.087913 -9.435988
v -3.989789 25.087913 -9.435988
v -3.989789 27.303902 -9.435988
v -2.130793 27.303902 -9.435988
v 5.976497 27.683902 -9.505988
v 5.615025 27.683902 -9.505988
v 5.615025 30.759891 -9.505988
v 5.976497 30.759891 -9.505988
v 3.756029 27.683902 -9.505988
v 3.394557 27.683902 -9.505988
v 3.394557 30.759891 -9.505988
v 3.756029 30.759891 -9.505988
v 5.615025 27.683902 -9.505988
v 3.756029 27.683902 -9.505988
v 3.756029 28.163902 -9.505988
v 5.615025 28.163902 -9.505988
v 5.615025 30.379891 -9.505988
v 3.756029 30.379891 -9.505988
v 3.756029 30.759891 -9.505988
v 5.615025 30.759891 -9.505988
v 5.615025 28.163902 -9.435988
v 3.756029 28.163902 -9.435988
v 3.756029 30.379891 -9.435988
v 5.615025 30.379891 -9.435988
v 3.394557 27.683902 -9.505988
v 3.033086 27.683902 -9.505988
v 3.033086 30.759891 -9.505988
v 3.394557 30.759891 -9.505988
v 1.174090 27.683902 -9.505988
v 0.812618 27.683902 -9.505988
v 0.812618 30.759891 -9.505988
v 1.174090 30.759891 -9.505988
v 3.033086 27.683902 -9.505988
v 1.174090 27.683902 -9.505988
v 1.174090 28.163902 -9.505988
v 3.033086 28.163902 -9.505988
v 3.033086 30.379891 -9.505988
v 1.174090 30.379891 -9.505988
v 1.174090 30.759891 -9.505988
v 3.033086 30.759891 -9.505988
v 3.033086 28.163902 -9.435988
v 1.174090 28.163902 -9.435988
v 1.174090 30.379891 -9.435988
v 3.033086 30.379891 -9.435988
v 0.812618 27.683902 -9.505988
v 0.451146 27.683902 -9.505988
v 0.451146 30.759891 -9.505988
v 0.812618 30.759891 -9.505988
v -1.407850 27.683902 -9.505988
v -1.769321 27.683902 -9.505988
v -1.769321 30.759891 -9.505988
v -1.407850 30.759891 -9.505988
v 0.451146 27.683902 -9.505988
v -1.407850 27.683902 -9.505988
v -1.407850 28.163902 -9.505988
v 0.451146 28.163902 -9.505988
v 0.451146 30.379891 -9.505988
v -1.407850 30.379891 -9.505988
v -1.407850 30.759891 -9.505988
v 0.451146 30.759891 -9.505988
v 0.451146 28.163902 -9.435988
v -1.407850 28.163902 -9.435988
v -1.407850 30.379891 -9.435988
v 0.451146 30.379891 -9.435988
v -1.769321 27.683902 -9.505988
v -2.130793 27.683902 -9.505988
v -2.130793 30.759891 -9.505988
v -1.769321 30.759891 -9.505988
v -3.989789 27.683902 -9.505988
v -4.351261 27.683902 -9.505988
v -4.351261 30.759891 -9.505988
v -3.989789 30.759891 -9.505988
v -2.130793 27.683902 -9.505988
v -3.989789 27.683902 -9.505988
v -3.989789 28.163902 -9.505988
v -2.130793 28.163902 -9.505988
v -2.130793 30.379891 -9.505988
v -3.989789 30.379891 -9.505988
v -3.989789 30.759891 -9.505988
v -2.130793 30.759891 -9.505988
v -2.130793 28.163902 -9.435988
v -3.989789 28.163902 -9.435988
v -3.989789 30.379891 -9.435988
v -2.130793 30.379891 -9.435988
v 5.976497 30.759891 -9.505988
v 5.615025 30.759891 -9.505988
v 5.615025 33.835880 -9.505988
v 5.976497 33.835880 -9.505988
v 3.756029 30.759891 -9.505988
v 3.394557 30.759891 -9.505988
v 3.394557 33.835880 -9.505988
v 3.756029 33.835880 -9.505988
v 5.615025 30.759891 -9.505988
v 3.756029 30.759891 -9.505988
v 3.756029 31.239891 -9.505988
v 5.615025 31.239891 -9.505988
v 5.615025 33.455880 -9.505988
v 3.756029 33.455880 -9.505988
v 3.756029 33.835880 -9.505988
v 5.615025 33.835880 -9.505988
v 5.615025 31.239891 -9.435988
v 3.756029 31.239891 -9.435988
v 3.756029 33.455880 -9.435988
v 5.615025 33.455880 -9.435988
v 3.394557 30.759891 -9.505988
v 3.033086 30.759891 -9.505988
v 3.033086 33.835880 -9.505988
v 3.394557 33.835880 -9.505988
v 1.174090 30.759891 -9.505988
v 0.812618 30.759891 -9.505988
v 0.812618 33.835880 -9.505988
v 1.174090 33.835880 -9.505988
v 3.033086 30.759891 -9.505988
v 1.174090 30.759891 -9.505988
v 1.174090 31.239891 -9.505988
v 3.033086 31.239891 -9.505988
v 3.033086 33.455880 -9.505988
v 1.174090 33.455880 -9.505988
v 1.174090 33.835880 -9.505988
v 3.033086 33.835880 -9.505988
v 3.033086 31.239891 -9.435988
v 1.174090 31.239891 -9.435988
v 1.174090 33.455880 -9.435988
v 3.033086 33.455880 -9.435988
v 0.812618 30.759891 -9.505988
v 0.451146 30.759891 -9.505988
v 0.451146 33.835880 -9.505988
v 0.812618 33.835880 -9.505988
v -1.407850 30.759891 -9.505988
v -1.769321 30.759891 -9.505988
v -1.769321 33.835880 -9.505988
v -1.407850 33.835880 -9.505988
v 0.451146 30.759891 -9.505988
v -1.407850 30.759891 -9.505988
v -1.407850 31.239891 -9.505988
v 0.451146 31.239891 -9.505988
v 0.451146 33.455880 -9.505988
v -1.407850 33.455880 -9.505988
v -1.407850 33.835880 -9.505988
v 0.451146 33.835880 -9.505988
v 0.451146 31.239891 -9.435988
v -1.407850 31.239891 -9.435988
v -1.407850 33.455880 -9.435988
v 0.451146 33.455880 -9.435988
v -1.769321 30.759891 -9.505988
v -2.130793 30.759891 -9.505988
v -2.130793 33.835880 -9.505988
v -1.769321 33.835880 -9.505988
v -3.989789 30.759891 -9.505988
v -4.351261 30.759891 -9.505988
v -4.351261 33.835880 -9.505988
v -3.989789 33.835880 -9.505988
v -2.130793 30.759891 -9.505988
v -3.989789 30.759891 -9.505988
v -3.989789 31.239891 -9.505988
v -2.130793 31.239891 -9.505988
v -2.130793 33.455880 -9.505988
v -3.989789 33.455880 -9.505988
v -3.989789 33.835880 -9.505988
v -2.130793 33.835880 -9.505988
v -2.130793 31.239891 -9.435988
v -3.989789 31.239891 -9.435988
v -3.989789 33.455880 -9.435988
v -2.130793 33.455880 -9.435988
v 5.976497 6.151978 8.509372
v 5.976497 6.151978 8.149064
v 5.976497 9.227967 8.149064
v 5.976497 9.227967 8.509372
v 5.976497 6.151978 6.296056
v 5.976497 6.151978 5.935749
v 5.976497 9.227967 5.935749
v 5.976497 9.227967 6.296056
v 5.976497 6.151978 8.149064
v 5.976497 6.151978 6.296056
v 5.976497 6.631978 6.296056
v 5.976497 6.631978 8.149064
v 5.976497 8.847967 8.149064
v 5.976497 8.847967 6.296056
v 5.976497 9.227967 6.296056
v 5.976497 9.227967 8.149064
v 5.906497 6.631978 8.149064
v 5.906497 6.631978 6.296056
v 5.906497 8.847967 6.296056
v 5.906497 8.847967 8.149064
v 5.976497 6.151978 5.935749
v 5.976497 6.151978 5.575442
v 5.976497 9.227967 5.575442
v 5.976497 9.227967 5.935749
v 5.976497 6.151978 3.722433
v 5.976497 6.151978 3.362126
v 5.976497 9.227967 3.362126
v 5.976497 9.227967 3.722433
v 5.976497 6.151978 5.575442
v 5.976497 6.151978 3.722433
v 5.976497 6.631978 3.722433
v 5.976497 6.631978 5.575442
v 5.976497 8.847967 5.575442
v 5.976497 8.847967 3.722433
v 5.976497 9.227967 3.722433
v 5.976497 9.227967 5.575442
v 5.906497 6.631978 5.575442
v 5.906497 6.631978 3.722433
v 5.906497 8.847967 3.722433
v 5.906497 8.847967 5.575442
v 5.976497 6.151978 3.362126
v 5.976497 6.151978 3.001819
v 5.976497 9.227967 3.001819
v 5.976497 9.227967 3.362126
v 5.976497 6.151978 1.148810
v 5.976497 6.151978 0.788503
v 5.976497 9.227967 0.788503
v 5.976497 9.227967 1.148810
v 5.976497 6.151978 3.001819
v 5.976497 6.151978 1.148810
v 5.976497 6.631978 1.148810
v 5.976497 6.631978 3.001819
v 5.976497 8.847967 3.001819
v 5.976497 8.847967 1.148810
v 5.976497 9.227967 1.148810
v 5.976497 9.227967 3.001819
v 5.906497 6.631978 3.001819
v 5.906497 6.631978 1.148810
v 5.906497 8.847967 1.148810
v 5.906497 8.847967 3.001819
v 5.976497 6.151978 0.788503
v 5.976497 6.151978 0.428196
v 5.976497 9.227967 0.428196
v 5.976497 9.227967 0.788503
v 5.976497 6.151978 -1.424812
v 5.976497 6.151978 -1.785120
v 5.976497 9.227967 -1.785120
v 5.976497 9.227967 -1.424812
v 5.976497 6.151978 0.428196
v 5.976497 6.151978 -1.424812
v 5.976497 6.631978 -1.424812
v 5.976497 6.631978 0.428196
v 5.976497 8.847967 0.428196
v 5.976497 8.847967 -1.424812
v 5.976497 9.227967 -1.424812
v 5.976497 9.227967 0.428196
v 5.906497 6.631978 0.428196
v 5.906497 6.631978 -1.424812
v 5.906497 8.847967 -1.424812
v 5.906497 8.847967 0.428196
v 5.976497 6.151978 -1.785120
v 5.976497 6.151978 -2.145427
v 5.976497 9.227967 -2.145427
v 5.976497 9.227967 -1.785120
v 5.976497 6.151978 -3.998435
v 5.976497 6.151978 -4.358742
v 5.976497 9.227967 -4.358742
v 5.976497 9.227967 -3.998435
v 5.976497 6.151978 -2.145427
v 5.976497 6.151978 -3.998435
v 5.976497 6.631978 -3.998435
v 5.976497 6.631978 -2.145427
v 5.976497 8.847967 -2.145427
v 5.976497 8.847967 -3.998435
v 5.976497 9.227967 -3.998435
v 5.976497 9.227967 -2.145427
v 5.906497 6.631978 -2.145427
v 5.906497 6.631978 -3.998435
v 5.906497 8.847967 -3.998435
v 5.906497 8.847967 -2.145427
v 5.976497 6.151978 -4.358742
v 5.976497 6.151978 -4.719050
v 5.976497 9.227967 -4.719050
v 5.976497 9.227967 -4.358742
v 5.976497 6.151978 -6.572058
v 5.976497 6.151978 -6.932365
v 5.976497 9.227967 -6.932365
v 5.976497 9.227967 -6.572058
v 5.976497 6.151978 -4.719050
v 5.976497 6.151978 -6.572058
v 5.976497 6.631978 -6.572058
v 5.976497 6.631978 -4.719050
v 5.976497 8.847967 -4.719050
v 5.976497 8.847967 -6.572058
v 5.976497 9.227967 -6.572058
v 5.976497 9.227967 -4.719050
v 5.906497 6.631978 -4.719050
v 5.906497 6.631978 -6.572058
v 5.906497 8.847967 -6.572058
v 5.906497 8.847967 -4.719050
v 5.976497 6.151978 -6.932365
v 5.976497 6.151978 -7.292672
v 5.976497 9.227967 -7.292672
v 5.976497 9.227967 -6.932365
v 5.976497 6.151978 -9.145681
v 5.976497 6.151978 -9.505988
v 5.976497 9.227967 -9.505988
v 5.976497 9.227967 -9.145681
v 5.976497 6.151978 -7.292672
v 5.976497 6.151978 -9.145681
v 5.976497 6.631978 -9.145681
v 5.976497 6.631978 -7.292672
v 5.976497 8.847967 -7.292672
v 5.976497 8.847967 -9.145681
v 5.976497 9.227967 -9.145681
v 5.976497 9.227967 -7.292672
v 5.906497 6.631978 -7.292672
v 5.906497 6.631978 -9.145681
v 5.906497 8.847967 -9.145681
v 5.906497 8.847967 -7.292672
v 5.976497 9.227967 8.509372
v 5.976497 9.227967 8.149064
v 5.976497 12.303956 8.149064
v 5.976497 12.303956 8.509372
v 5.976497 9.227967 6.296056
v 5.976497 9.227967 5.935749
v 5.976497 12.303956 5.935749
v 5.976497 12.303956 6.296056
v 5.976497 9.227967 8.149064
v 5.976497 9.227967 6.296056
v 5.976497 9.707967 6.296056
v 5.976497 9.707967 8.149064
v 5.976497 11.923956 8.149064
v 5.976497 11.923956 6.296056
v 5.976497 12.303956 6.296056
v 5.976497 12.303956 8.149064
v 5.906497 9.707967 8.149064
v 5.906497 9.707967 6.296056
v 5.906497 11.923956 6.296056
v 5.906497 11.923956 8.149064
v 5.976497 9.227967 5.935749
v 5.976497 9.227967 5.575442
v 5.976497 12.303956 5.575442
v 5.976497 12.303956 5.935749
v 5.976497 9.227967 3.722433
v 5.976497 9.227967 3.362126
v 5.976497 12.303956 3.362126
v 5.976497 12.303956 3.722433
v 5.976497 9.227967 5.575442
v 5.976497 9.227967 3.722433
v 5.976497 9.707967 3.722433
v 5.976497 9.707967 5.575442
v 5.976497 11.923956 5.575442
v 5.976497 11.923956 3.722433
v 5.976497 12.303956 3.722433
v 5.976497 12.303956 5.575442
v 5.906497 9.707967 5.575442
v 5.906497 9.707967 3.722433
v 5.906497 11.923956 3.722433
v 5.906497 11.923956 5.575442
v 5.976497 9.227967 3.362126
v 5.976497 9.227967 3.001819
v 5.976497 12.303956 3.001819
v 5.976497 12.303956 3.362126
v 5.976497 9.227967 1.148810
v 5.976497 9.227967 0.788503
v 5.976497 12.303956 0.788503
v 5.976497 12.303956 1.148810
v 5.976497 9.227967 3.001819
v 5.976497 9.227967 1.148810
v 5.976497 9.707967 1.148810
v 5.976497 9.707967 3.001819
v 5.976497 11.923956 3.001819
v 5.976497 11.923956 1.148810
v 5.976497 12.303956 1.148810
v 5.976497 12.303956 3.001819
v 5.906497 9.707967 3.001819
v 5.906497 9.707967 1.148810
v 5.906497 11.923956 1.148810
v 5.906497 11.923956 3.001819
v 5.976497 9.227967 0.788503
v 5.976497 9.227967 0.428196
v 5.976497 12.303956 0.428196
v 5.976497 12.303956 0.788503
v 5.976497 9.227967 -1.424812
v 5.976497 9.227967 -1.785120
v 5.976497 12.303956 -1.785120
v 5.976497 12.303956 -1.424812
v 5.976497 9.227967 0.428196
v 5.976497 9.227967 -1.424812
v 5.976497 9.707967 -1.424812
v 5.976497 9.707967 0.428196
v 5.976497 11.923956 0.428196
v 5.976497 11.923956 -1.424812
v 5.976497 12.303956 -1.424812
v 5.976497 12.303956 0.428196
v 5.906497 9.707967 0.428196
v 5.906497 9.707967 -1.424812
v 5.906497 11.923956 -1.424812
v 5.906497 11.923956 0.428196
v 5.976497 9.227967 -1.785120
v 5.976497 9.227967 -2.145427
v 5.976497 12.303956 -2.145427
v 5.976497 12.303956 -1.785120
v 5.976497 9.227967 -3.998435
v 5.976497 9.227967 -4.358742
v 5.976497 12.303956 -4.358742
v 5.976497 12.303956 -3.998435
v 5.976497 9.227967 -2.145427
v 5.976497 9.227967 -3.998435
v 5.976497 9.707967 -3.998435
v 5.976497 9.707967 -2.145427
v 5.976497 11.923956 -2.145427
v 5.976497 11.923956 -3.998435
v 5.976497 12.303956 -3.998435
v 5.976497 12.303956 -2.145427
v 5.906497 9.707967 -2.145427
v 5.906497 9.707967 -3.998435
v 5.906497 11.923956 -3.998435
v 5.906497 11.923956 -2.145427
v 5.976497 9.227967 -4.358742
v 5.976497 9.227967 -4.719050
v 5.976497 12.303956 -4.719050
v 5.976497 12.303956 -4.358742
v 5.976497 9.227967 -6.572058
v 5.976497 9.227967 -6.932365
v 5.976497 12.303956 -6.932365
v 5.976497 12.303956 -6.572058
v 5.976497 9.227967 -4.719050
v 5.976497 9.227967 -6.572058
v 5.976497 9.707967 -6.572058
v 5.976497 9.707967 -4.719050
v 5.976497 11.923956 -4.719050
v 5.976497 11.923956 -6.572058
v 5.976497 12.303956 -6.572058
v 5.976497 12.303956 -4.719050
v 5.906497 9.707967 -4.719050
v 5.906497 9.707967 -6.572058
v 5.906497 11.923956 -6.572058
v 5.906497 11.923956 -4.719050
v 5.976497 9.227967 -6.932365
v 5.976497 9.227967 -7.292672
v 5.976497 12.303956 -7.292672
v 5.976497 12.303956 -6.932365
v 5.976497 9.227967 -9.145681
v 5.976497 9.227967 -9.505988
v 5.976497 12.303956 -9.505988
v 5.976497 12.303956 -9.145681
v 5.976497 9.227967 -7.292672
v 5.976497 9.227967 -9.145681
v 5.976497 9.707967 -9.145681
v 5.976497 9.707967 -7.292672
v 5.976497 11.923956 -7.292672
v 5.976497 11.923956 -9.145681
v 5.976497 12.303956 -9.145681
v 5.976497 12.303956 -7.292672
v 5.906497 9.707967 -7.292672
v 5.906497 9.707967 -9.145681
v 5.906497 11.923956 -9.145681
v 5.906497 11.923956 -7.292672
v 5.976497 12.303956 8.509372
v 5.976497 12.303956 8.149064
v 5.976497 15.379945 8.149064
v 5.976497 15.379945 8.509372
v 5.976497 12.303956 6.296056
v 5.976497 12.303956 5.935749
v 5.976497 15.379945 5.935749
v 5.976497 15.379945 6.296056
v 5.976497 12.303956 8.149064
v 5.976497 12.303956 6.296056
v 5.976497 12.783956 6.296056
v 5.976497 12.783956 8.149064
v 5.976497 14.999945 8.149064
v 5.976497 14.999945 6.296056
v 5.976497 15.379945 6.296056
v 5.976497 15.379945 8.149064
v 5.906497 12.783956 8.149064
v 5.906497 12.783956 6.296056
v 5.906497 14.999945 6.296056
v 5.906497 14.999945 8.149064
v 5.976497 12.303956 5.935749
v 5.976497 12.303956 5.575442
v 5.976497 15.379945 5.575442
v 5.976497 15.379945 5.935749
v 5.976497 12.303956 3.722433
v 5.976497 12.303956 3.362126
v 5.976497 15.379945 3.362126
v 5.976497 15.379945 3.722433
v 5.976497 12.303956 5.575442
v 5.976497 12.303956 3.722433
v 5.976497 12.783956 3.722433
v 5.976497 12.783956 5.575442
v 5.976497 14.999945 5.575442
v 5.976497 14.999945 3.722433
v 5.976497 15.379945 3.722433
v 5.976497 15.379945 5.575442
v 5.906497 12.783956 5.575442
v 5.906497 12.783956 3.722433
v 5.906497 14.999945 3.722433
v 5.906497 14.999945 5.575442
v 5.976497 12.303956 3.362126
v 5.976497 12.303956 3.001819
v 5.976497 15.379945 3.001819
v 5.976497 15.379945 3.362126
v 5.976497 12.303956 1.148810
v 5.976497 12.303956 0.788503
v 5.976497 15.379945 0.788503
v 5.976497 15.379945 1.148810
v 5.976497 12.303956 3.001819
v 5.976497 12.303956 1.148810
v 5.976497 12.783956 1.148810
v 5.976497 12.783956 3.001819
v 5.976497 14.999945 3.001819
v 5.976497 14.999945 1.148810
v 5.976497 15.379945 1.148810
v 5.976497 15.379945 3.001819
v 5.906497 12.783956 3.001819
v 5.906497 12.783956 1.148810
v 5.906497 14.999945 1.148810
v 5.906497 14.999945 3.001819
v 5.976497 12.303956 0.788503
v 5.976497 12.303956 0.428196
v 5.976497 15.379945 0.428196
v 5.976497 15.379945 0.788503
v 5.976497 12.303956 -1.424812
v 5.976497 12.303956 -1.785120
v 5.976497 15.379945 -1.785120
v 5.976497 15.379945 -1.424812
v 5.976497 12.303956 0.428196
v 5.976497 12.303956 -1.424812
v 5.976497 12.783956 -1.424812
v 5.976497 12.783956 0.428196
v 5.976497 14.999945 0.428196
v 5.976497 14.999945 -1.424812
v 5.976497 15.379945 -1.424812
v 5.976497 15.379945 0.428196
v 5.906497 12.783956 0.428196
v 5.906497 12.783956 -1.424812
v 5.906497 14.999945 -1.424812
v 5.906497 14.999945 0.428196
v 5.976497 12.303956 -1.785120
v 5.976497 12.303956 -2.145427
v 5.976497 15.379945 -2.145427
v 5.976497 15.379945 -1.785120
v 5.976497 12.303956 -3.998435
v 5.976497 12.303956 -4.358742
v 5.976497 15.379945 -4.358742
v 5.976497 15.379945 -3.998435
v 5.976497 12.303956 -2.145427
v 5.976497 12.303956 -3.998435
v 5.976497 12.783956 -3.998435
v 5.976497 12.783956 -2.145427
v 5.976497 14.999945 -2.145427
v 5.976497 14.999945 -3.998435
v 5.976497 15.379945 -3.998435
v 5.976497 15.379945 -2.145427
v 5.906497 12.783956 -2.145427
v 5.906497 12.783956 -3.998435
v 5.906497 14.999945 -3.998435
v 5.906497 14.999945 -2.145427
v 5.976497 12.303956 -4.358742
v 5.976497 12.303956 -4.719050
v 5.976497 15.379945 -4.719050
v 5.976497 15.379945 -4.358742
v 5.976497 12.303956 -6.572058
v 5.976497 12.303956 -6.932365
v 5.976497 15.379945 -6.932365
v 5.976497 15.379945 -6.572058
v 5.976497 12.303956 -4.719050
v 5.976497 12.303956 -6.572058
v 5.976497 12.783956 -6.572058
v 5.976497 12.783956 -4.719050
v 5.976497 14.999945 -4.719050
v 5.976497 14.999945 -6.572058
v 5.976497 15.379945 -6.572058
v 5.976497 15.379945 -4.719050
v 5.906497 12.783956 -4.719050
v 5.906497 12.783956 -6.572058
v 5.906497 14.999945 -6.572058
v 5.906497 14.999945 -4.719050
v 5.976497 12.303956 -6.932365
v 5.976497 12.303956 -7.292672
v 5.976497 15.379945 -7.292672
v 5.976497 15.379945 -6.932365
v 5.976497 12.303956 -9.145681
v 5.976497 12.303956 -9.505988
v 5.976497 15.379945 -9.505988
v 5.976497 15.379945 -9.145681
v 5.976497 12.303956 -7.292672
v 5.976497 12.303956 -9.145681
v 5.976497 12.783956 -9.145681
v 5.976497 12.783956 -7.292672
v 5.976497 14.999945 -7.292672
v 5.976497 14.999945 -9.145681
v 5.976497 15.379945 -9.145681
v 5.976497 15.379945 -7.292672
v 5.906497 12.783956 -7.292672
v 5.906497 12.783956 -9.145681
v 5.906497 14.999945 -9.145681
v 5.906497 14.999945 -7.292672
v 5.976497 15.379945 8.509372
v 5.976497 15.379945 8.149064
v 5.976497 18.455934 8.149064
v 5.976497 18.455934 8.509372
v 5.976497 15.379945 6.296056
v 5.976497 15.379945 5.935749
v 5.976497 18.455934 5.935749
v 5.976497 18.455934 6.296056
v 5.976497 15.379945 8.149064
v 5.976497 15.379945 6.296056
v 5.976497 15.859945 6.296056
v 5.976497 15.859945 8.149064
v 5.976497 18.075934 8.149064
v 5.976497 18.075934 6.296056
v 5.976497 18.455934 6.296056
v 5.976497 18.455934 8.149064
v 5.906497 15.859945 8.149064
v 5.906497 15.859945 6.296056
v 5.906497 18.075934 6.296056
v 5.906497 18.075934 8.149064
v 5.976497 15.379945 5.935749
v 5.976497 15.379945 5.575442
v 5.976497 18.455934 5.575442
v 5.976497 18.455934 5.935749
v 5.976497 15.379945 3.722433
v 5.976497 15.379945 3.362126
v 5.976497 18.455934 3.362126
v 5.976497 18.455934 3.722433
v 5.976497 15.379945 5.575442
v 5.976497 15.379945 3.722433
v 5.976497 15.859945 3.722433
v 5.976497 15.859945 5.575442
v 5.976497 18.075934 5.575442
v 5.976497 18.075934 3.722433
v 5.976497 18.455934 3.722433
v 5.976497 18.455934 5.575442
v 5.906497 15.859945 5.575442
v 5.906497 15.859945 3.722433
v 5.906497 18.075934 3.722433
v 5.906497 18.075934 5.575442
v 5.976497 15.379945 3.362126
v 5.976497 15.379945 3.001819
v 5.976497 18.455934 3.001819
v 5.976497 18.455934 3.362126
v 5.976497 15.379945 1.148810
v 5.976497 15.379945 0.788503
v 5.976497 18.455934 0.788503
v 5.976497 18.455934 1.148810
v 5.976497 15.379945 3.001819
v 5.976497 15.379945 1.148810
v 5.976497 15.859945 1.148810
v 5.976497 15.859945 3.001819
v 5.976497 18.075934 3.001819
v 5.976497 18.075934 1.148810
v 5.976497 18.455934 1.148810
v 5.976497 18.455934 3.001819
v 5.906497 15.859945 3.001819
v 5.906497 15.859945 1.148810
v 5.906497 18.075934 1.148810
v 5.906497 18.075934 3.001819
v 5.976497 15.379945 0.788503
v 5.976497 15.379945 0.428196
v 5.976497 18.455934 0.428196
v 5.976497 18.455934 0.788503
v 5.976497 15.379945 -1.424812
v 5.976497 15.379945 -1.785120
v 5.976497 18.455934 -1.785120
v 5.976497 18.455934 -1.424812
v 5.976497 15.379945 0.428196
v 5.976497 15.379945 -1.424812
v 5.976497 15.859945 -1.424812
v 5.976497 15.859945 0.428196
v 5.976497 18.075934 0.428196
v 5.976497 18.075934 -1.424812
v 5.976497 18.455934 -1.424812
v 5.976497 18.455934 0.428196
v 5.906497 15.859945 0.428196
v 5.906497 15.859945 -1.424812
v 5.906497 18.075934 -1.424812
v 5.906497 18.075934 0.428196
v 5.976497 15.379945 -1.785120
v 5.976497 15.379945 -2.145427
v 5.976497 18.455934 -2.145427
v 5.976497 18.455934 -1.785120
v 5.976497 15.379945 -3.998435
v 5.976497 15.379945 -4.358742
v 5.976497 18.455934 -4.358742
v 5.976497 18.455934 -3.998435
v 5.976497 15.379945 -2.145427
v 5.976497 15.379945 -3.998435
v 5.976497 15.859945 -3.998435
v 5.976497 15.859945 -2.145427
v 5.976497 18.075934 -2.145427
v 5.976497 18.075934 -3.998435
v 5.976497 18.455934 -3.998435
v 5.976497 18.455934 -2.145427
v 5.906497 15.859945 -2.145427
v 5.906497 15.859945 -3.998435
v 5.906497 18.075934 -3.998435
v 5.906497 18.075934 -2.145427
v 5.976497 15.379945 -4.358742
v 5.976497 15.379945 -4.719050
v 5.976497 18.455934 -4.719050
v 5.976497 18.455934 -4.358742
v 5.976497 15.379945 -6.572058
v 5.976497 15.379945 -6.932365
v 5.976497 18.455934 -6.932365
v 5.976497 18.455934 -6.572058
v 5.976497 15.379945 -4.719050
v 5.976497 15.379945 -6.572058
v 5.976497 15.859945 -6.572058
v 5.976497 15.859945 -4.719050
v 5.976497 18.075934 -4.719050
v 5.976497 18.075934 -6.572058
v 5.976497 18.455934 -6.572058
v 5.976497 18.455934 -4.719050
v 5.906497 15.859945 -4.719050
v 5.906497 15.859945 -6.572058
v 5.906497 18.075934 -6.572058
v 5.906497 18.075934 -4.719050
v 5.976497 15.379945 -6.932365
v 5.976497 15.379945 -7.292672
v 5.976497 18.455934 -7.292672
v 5.976497 18.455934 -6.932365
v 5.976497 15.379945 -9.145681
v 5.976497 15.379945 -9.505988
v 5.976497 18.455934 -9.505988
v 5.976497 18.455934 -9.145681
v 5.976497 15.379945 -7.292672
v 5.976497 15.379945 -9.145681
v 5.976497 15.859945 -9.145681
v 5.976497 15.859945 -7.292672
v 5.976497 18.075934 -7.292672
v 5.976497 18.075934 -9.145681
v 5.976497 18.455934 -9.145681
v 5.976497 18.455934 -7.292672
v 5.906497 15.859945 -7.292672
v 5.906497 15.859945 -9.145681
v 5.906497 18.075934 -9.145681
v 5.906497 18.075934 -7.292672
v 5.976497 18.455934 8.509372
v 5.976497 18.455934 8.149064
v 5.976497 21.531924 8.149064
v 5.976497 21.531924 8.509372
v 5.976497 18.455934 6.296056
v 5.976497 18.455934 5.935749
v 5.976497 21.531924 5.935749
v 5.976497 21.531924 6.296056
v 5.976497 18.455934 8.149064
v 5.976497 18.455934 6.296056
v 5.976497 18.935934 6.296056
v 5.976497 18.935934 8.149064
v 5.976497 21.151924 8.149064
v 5.976497 21.151924 6.296056
v 5.976497 21.531924 6.296056
v 5.976497 21.531924 8.149064
v 5.906497 18.935934 8.149064
v 5.906497 18.935934 6.296056
v 5.906497 21.151924 6.296056
v 5.906497 21.151924 8.149064
v 5.976497 18.455934 5.935749
v 5.976497 18.455934 5.575442
v 5.976497 21.531924 5.575442
v 5.976497 21.531924 5.935749
v 5.976497 18.455934 3.722433
v 5.976497 18.455934 3.362126
v 5.976497 21.531924 3.362126
v 5.976497 21.531924 3.722433
v 5.976497 18.455934 5.575442
v 5.976497 18.455934 3.722433
v 5.976497 18.935934 3.722433
v 5.976497 18.935934 5.575442
v 5.976497 21.151924 5.575442
v 5.976497 21.151924 3.722433
v 5.976497 21.531924 3.722433
v 5.976497 21.531924 5.575442
v 5.906497 18.935934 5.575442
v 5.906497 18.935934 3.722433
v 5.906497 21.151924 3.722433
v 5.906497 21.151924 5.575442
v 5.976497 18.455934 3.362126
v 5.976497 18.455934 3.001819
v 5.976497 21.531924 3.001819
v 5.976497 21.531924 3.362126
v 5.976497 18.455934 1.148810
v 5.976497 18.455934 0.788503
v 5.976497 21.531924 0.788503
v 5.976497 21.531924 1.148810
v 5.976497 18.455934 3.001819
v 5.976497 18.455934 1.148810
v 5.976497 18.935934 1.148810
v 5.976497 18.935934 3.001819
v 5.976497 21.151924 3.001819
v 5.976497 21.151924 1.148810
v 5.976497 21.531924 1.148810
v 5.976497 21.531924 3.001819
v 5.906497 18.935934 3.001819
v 5.906497 18.935934 1.148810
v 5.906497 21.151924 1.148810
v 5.906497 21.151924 3.001819
v 5.976497 18.455934 0.788503
v 5.976497 18.455934 0.428196
v 5.976497 21.531924 0.428196
v 5.976497 21.531924 0.788503
v 5.976497 18.455934 -1.424812
v 5.976497 18.455934 -1.785120
v 5.976497 21.531924 -1.785120
v 5.976497 21.531924 -1.424812
v 5.976497 18.455934 0.428196
v 5.976497 18.455934 -1.424812
v 5.976497 18.935934 -1.424812
v 5.976497 18.935934 0.428196
v 5.976497 21.151924 0.428196
v 5.976497 21.151924 -1.424812
v 5.976497 21.531924 -1.424812
v 5.976497 21.531924 0.428196
v 5.906497 18.935934 0.428196
v 5.906497 18.935934 -1.424812
v 5.906497 21.151924 -1.424812
v 5.906497 21.151924 0.428196
v 5.976497 18.455934 -1.785120
v 5.976497 18.455934 -2.145427
v 5.976497 21.531924 -2.145427
v 5.976497 21.531924 -1.785120
v 5.976497 18.455934 -3.998435
v 5.976497 18.455934 -4.358742
v 5.976497 21.531924 -4.358742
v 5.976497 21.531924 -3.998435
v 5.976497 18.455934 -2.145427
v 5.976497 18.455934 -3.998435
v 5.976497 18.935934 -3.998435
v 5.976497 18.935934 -2.145427
v 5.976497 21.151924 -2.145427
v 5.976497 21.151924 -3.998435
v 5.976497 21.531924 -3.998435
v 5.976497 21.531924 -2.145427
v 5.906497 18.935934 -2.145427
v 5.906497 18.935934 -3.998435
v 5.906497 21.151924 -3.998435
v 5.906497 21.151924 -2.145427
v 5.976497 18.455934 -4.358742
v 5.976497 18.455934 -4.719050
v 5.976497 21.531924 -4.719050
v 5.976497 21.531924 -4.358742
v 5.976497 18.455934 -6.572058
v 5.976497 18.455934 -6.932365
v 5.976497 21.531924 -6.932365
v 5.976497 21.531924 -6.572058
v 5.976497 18.455934 -4.719050
v 5.976497 18.455934 -6.572058
v 5.976497 18.935934 -6.572058
v 5.976497 18.935934 -4.719050
v 5.976497 21.151924 -4.719050
v 5.976497 21.151924 -6.572058
v 5.976497 21.531924 -6.572058
v 5.976497 21.531924 -4.719050
v 5.906497 18.935934 -4.719050
v 5.906497 18.935934 -6.572058
v 5.906497 21.151924 -6.572058
v 5.906497 21.151924 -4.719050
v 5.976497 18.455934 -6.932365
v 5.976497 18.455934 -7.292672
v 5.976497 21.531924 -7.292672
v 5.976497 21.531924 -6.932365
v 5.976497 18.455934 -9.145681
v 5.976497 18.455934 -9.505988
v 5.976497 21.531924 -9.505988
v 5.976497 21.531924 -9.145681
v 5.976497 18.455934 -7.292672
v 5.976497 18.455934 -9.145681
v 5.976497 18.935934 -9.145681
v 5.976497 18.935934 -7.292672
v 5.976497 21.151924 -7.292672
v 5.976497 21.151924 -9.145681
v 5.976497 21.531924 -9.145681
v 5.976497 21.531924 -7.292672
v 5.906497 18.935934 -7.292672
v 5.906497 18.935934 -9.145681
v 5.906497 21.151924 -9.145681
v 5.906497 21.151924 -7.292672
v 5.976497 21.531924 8.509372
v 5.976497 21.531924 8.149064
v 5.976497 24.607913 8.149064
v 5.976497 24.607913 8.509372
v 5.976497 21.531924 6.296056
v 5.976497 21.531924 5.935749
v 5.976497 24.607913 5.935749
v 5.976497 24.607913 6.296056
v 5.976497 21.531924 8.149064
v 5.976497 21.531924 6.296056
v 5.976497 22.011924 6.296056
v 5.976497 22.011924 8.149064
v 5.976497 24.227913 8.149064
v 5.976497 24.227913 6.296056
v 5.976497 24.607913 6.296056
v 5.976497 24.607913 8.149064
v 5.906497 22.011924 8.149064
v 5.906497 22.011924 6.296056
v 5.906497 24.227913 6.296056
v 5.906497 24.227913 8.149064
v 5.976497 21.531924 5.935749
v 5.976497 21.531924 5.575442
v 5.976497 24.607913 5.575442
v 5.976497 24.607913 5.935749
v 5.976497 21.531924 3.722433
v 5.976497 21.531924 3.362126
v 5.976497 24.607913 3.362126
v 5.976497 24.607913 3.722433
v 5.976497 21.531924 5.575442
v 5.976497 21.531924 3.722433
v 5.976497 22.011924 3.722433
v 5.976497 22.011924 5.575442
v 5.976497 24.227913 5.575442
v 5.976497 24.227913 3.722433
v 5.976497 24.607913 3.722433
v 5.976497 24.607913 5.575442
v 5.906497 22.011924 5.575442
v 5.906497 22.011924 3.722433
v 5.906497 24.227913 3.722433
v 5.906497 24.227913 5.575442
v 5.976497 21.531924 3.362126
v 5.976497 21.531924 3.001819
v 5.976497 24.607913 3.001819
v 5.976497 24.607913 3.362126
v 5.976497 21.531924 1.148810
v 5.976497 21.531924 0.788503
v 5.976497 24.607913 0.788503
v 5.976497 24.607913 1.148810
v 5.976497 21.531924 3.001819
v 5.976497 21.531924 1.148810
v 5.976497 22.011924 1.148810
v 5.976497 22.011924 3.001819
v 5.976497 24.227913 3.001819
v 5.976497 24.227913 1.148810
v 5.976497 24.607913 1.148810
v 5.976497 24.607913 3.001819
v 5.906497 22.011924 3.001819
v 5.906497 22.011924 1.148810
v 5.906497 24.227913 1.148810
v 5.906497 24.227913 3.001819
v 5.976497 21.531924 0.788503
v 5.976497 21.531924 0.428196
v 5.976497 24.607913 0.428196
v 5.976497 24.607913 0.788503
v 5.976497 21.531924 -1.424812
v 5.976497 21.531924 -1.785120
v 5.976497 24.607913 -1.785120
v 5.976497 24.607913 -1.424812
v 5.976497 21.531924 0.428196
v 5.976497 21.531924 -1.424812
v 5.976497 22.011924 -1.424812
v 5.976497 22.011924 0.428196
v 5.976497 24.227913 0.428196
v 5.976497 24.227913 -1.424812
v 5.976497 24.607913 -1.424812
v 5.976497 24.607913 0.428196
v 5.906497 22.011924 0.428196
v 5.906497 22.011924 -1.424812
v 5.906497 24.227913 -1.424812
v 5.906497 24.227913 0.428196
v 5.976497 21.531924 -1.785120
v 5.976497 21.531924 -2.145427
v 5.976497 24.607913 -2.145427
v 5.976497 24.607913 -1.785120
v 5.976497 21.531924 -3.998435
v 5.976497 21.531924 -4.358742
v 5.976497 24.607913 -4.358742
v 5.976497 24.607913 -3.998435
v 5.976497 21.531924 -2.145427
v 5.976497 21.531924 -3.998435
v 5.976497 22.011924 -3.998435
v 5.976497 22.011924 -2.145427
v 5.976497 24.227913 -2.145427
v 5.976497 24.227913 -3.998435
v 5.976497 24.607913 -3.998435
v 5.976497 24.607913 -2.145427
v 5.906497 22.011924 -2.145427
v 5.906497 22.011924 -3.998435
v 5.906497 24.227913 -3.998435
v 5.906497 24.227913 -2.145427
v 5.976497 21.531924 -4.358742
v 5.976497 21.531924 -4.719050
v 5.976497 24.607913 -4.719050
v 5.976497 24.607913 -4.358742
v 5.976497 21.531924 -6.572058
v 5.976497 21.531924 -6.932365
v 5.976497 24.607913 -6.932365
v 5.976497 24.607913 -6.572058
v 5.976497 21.531924 -4.719050
v 5.976497 21.531924 -6.572058
v 5.976497 22.011924 -6.572058
v 5.976497 22.011924 -4.719050
v 5.976497 24.227913 -4.719050
v 5.976497 24.227913 -6.572058
v 5.976497 24.607913 -6.572058
v 5.976497 24.607913 -4.719050
v 5.906497 22.011924 -4.719050
v 5.906497 22.011924 -6.572058
v 5.906497 24.227913 -6.572058
v 5.906497 24.227913 -4.719050
v 5.976497 21.531924 -6.932365
v 5.976497 21.531924 -7.292672
v 5.976497 24.607913 -7.292672
v 5.976497 24.607913 -6.932365
v 5.976497 21.531924 -9.145681
v 5.976497 21.531924 -9.505988
v 5.976497 24.607913 -9.505988
v 5.976497 24.607913 -9.145681
v 5.976497 21.531924 -7.292672
v 5.976497 21.531924 -9.145681
v 5.976497 22.011924 -9.145681
v 5.976497 22.011924 -7.292672
v 5.976497 24.227913 -7.292672
v 5.976497 24.227913 -9.145681
v 5.976497 24.607913 -9.145681
v 5.976497 24.607913 -7.292672
v 5.906497 22.011924 -7.292672
v 5.906497 22.011924 -9.145681
v 5.906497 24.227913 -9.145681
v 5.906497 24.227913 -7.292672
v 5.976497 24.607913 8.509372
v 5.976497 24.607913 8.149064
v 5.976497 27.683902 8.149064
v 5.976497 27.683902 8.509372
v 5.976497 24.607913 6.296056
v 5.976497 24.607913 5.935749
v 5.976497 27.683902 5.935749
v 5.976497 27.683902 6.296056
v 5.976497 24.607913 8.149064
v 5.976497 24.607913 6.296056
v 5.976497 25.087913 6.296056
v 5.976497 25.087913 8.149064
v 5.976497 27.303902 8.149064
v 5.976497 27.303902 6.296056
v 5.976497 27.683902 6.296056
v 5.976497 27.683902 8.149064
v 5.906497 25.087913 8.149064
v 5.906497 25.087913 6.296056
v 5.906497 27.303902 6.296056
v 5.906497 27.303902 8.149064
v 5.976497 24.607913 5.935749
v 5.976497 24.607913 5.575442
v 5.976497 27.683902 5.575442
v 5.976497 27.683902 5.935749
v 5.976497 24.607913 3.722433
v 5.976497 24.607913 3.362126
v 5.976497 27.683902 3.362126
v 5.976497 27.683902 3.722433
v 5.976497 24.607913 5.575442
v 5.976497 24.607913 3.722433
v 5.976497 25.087913 3.722433
v 5.976497 25.087913 5.575442
v 5.976497 27.303902 5.575442
v 5.976497 27.303902 3.722433
v 5.976497 27.683902 3.722433
v 5.976497 27.683902 5.575442
v 5.906497 25.087913 5.575442
v 5.906497 25.087913 3.722433
v 5.906497 27.303902 3.722433
v 5.906497 27.303902 5.575442
v 5.976497 24.607913 3.362126
v 5.976497 24.607913 3.001819
v 5.976497 27.683902 3.001819
v 5.976497 27.683902 3.362126
v 5.976497 24.607913 1.148810
v 5.976497 24.607913 0.788503
v 5.976497 27.683902 0.788503
v 5.976497 27.683902 1.148810
v 5.976497 24.607913 3.001819
v 5.976497 24.607913 1.148810
v 5.976497 25.087913 1.148810
v 5.976497 25.087913 3.001819
v 5.976497 27.303902 3.001819
v 5.976497 27.303902 1.148810
v 5.976497 27.683902 1.148810
v 5.976497 27.683902 3.001819
v 5.906497 25.087913 3.001819
v 5.906497 25.087913 1.148810
v 5.906497 27.303902 1.148810
v 5.906497 27.303902 3.001819
v 5.976497 24.607913 0.788503
v 5.976497 24.607913 0.428196
v 5.976497 27.683902 0.428196
v 5.976497 27.683902 0.788503
v 5.976497 24.607913 -1.424812
v 5.976497 24.607913 -1.785120
v 5.976497 27.683902 -1.785120
v 5.976497 27.683902 -1.424812
v 5.976497 24.607913 0.428196
v 5.976497 24.607913 -1.424812
v 5.976497 25.087913 -1.424812
v 5.976497 25.087913 0.428196
v 5.976497 27.303902 0.428196
v 5.976497 27.303902 -1.424812
v 5.976497 27.683902 -1.424812
v 5.976497 27.683902 0.428196
v 5.906497 25.087913 0.428196
v 5.906497 25.087913 -1.424812
v 5.906497 27.303902 -1.424812
v 5.906497 27.303902 0.428196
v 5.976497 24.607913 -1.785120
v 5.976497 24.607913 -2.145427
v 5.976497 27.683902 -2.145427
v 5.976497 27.683902 -1.785120
v 5.976497 24.607913 -3.998435
v 5.976497 24.607913 -4.358742
v 5.976497 27.683902 -4.358742
v 5.976497 27.683902 -3.998435
v 5.976497 24.607913 -2.145427
v 5.976497 24.607913 -3.998435
v 5.976497 25.087913 -3.998435
v 5.976497 25.087913 -2.145427
v 5.976497 27.303902 -2.145427
v 5.976497 27.303902 -3.998435
v 5.976497 27.683902 -3.998435
v 5.976497 27.683902 -2.145427
v 5.906497 25.087913 -2.145427
v 5.906497 25.087913 -3.998435
v 5.906497 27.303902 -3.998435
v 5.906497 27.303902 -2.145427
v 5.976497 24.607913 -4.358742
v 5.976497 24.607913 -4.719050
v 5.976497 27.683902 -4.719050
v 5.976497 27.683902 -4.358742
v 5.976497 24.607913 -6.572058
v 5.976497 24.607913 -6.932365
v 5.976497 27.683902 -6.932365
v 5.976497 27.683902 -6.572058
v 5.976497 24.607913 -4.719050
v 5.976497 24.607913 -6.572058
v 5.976497 25.087913 -6.572058
v 5.976497 25.087913 -4.719050
v 5.976497 27.303902 -4.719050
v 5.976497 27.303902 -6.572058
v 5.976497 27.683902 -6.572058
v 5.976497 27.683902 -4.719050
v 5.906497 25.087913 -4.719050
v 5.906497 25.087913 -6.572058
v 5.906497 27.303902 -6.572058
v 5.906497 27.303902 -4.719050
v 5.976497 24.607913 -6.932365
v 5.976497 24.607913 -7.292672
v 5.976497 27.683902 -7.292672
v 5.976497 27.683902 -6.932365
v 5.976497 24.607913 -9.145681
v 5.976497 24.607913 -9.505988
v 5.976497 27.683902 -9.505988
v 5.976497 27.683902 -9.145681
v 5.976497 24.607913 -7.292672
v 5.976497 24.607913 -9.145681
v 5.976497 25.087913 -9.145681
v 5.976497 25.087913 -7.292672
v 5.976497 27.303902 -7.292672
v 5.976497 27.303902 -9.145681
v 5.976497 27.683902 -9.145681
v 5.976497 27.683902 -7.292672
v 5.906497 25.087913 -7.292672
v 5.906497 25.087913 -9.145681
v 5.906497 27.303902 -9.145681
v 5.906497 27.303902 -7.292672
v 5.976497 27.683902 8.509372
v 5.976497 27.683902 8.149064
v 5.976497 30.759891 8.149064
v 5.976497 30.759891 8.509372
v 5.976497 27.683902 6.296056
v 5.976497 27.683902 5.935749
v 5.976497 30.759891 5.935749
v 5.976497 30.759891 6.296056
v 5.976497 27.683902 8.149064
v 5.976497 27.683902 6.296056
v 5.976497 28.163902 6.296056
v 5.976497 28.163902 8.149064
v 5.976497 30.379891 8.149064
v 5.976497 30.379891 6.296056
v 5.976497 30.759891 6.296056
v 5.976497 30.759891 8.149064
v 5.906497 28.163902 8.149064
v 5.906497 28.163902 6.296056
v 5.906497 30.379891 6.296056
v 5.906497 30.379891 8.149064
v 5.976497 27.683902 5.935749
v 5.976497 27.683902 5.575442
v 5.976497 30.759891 5.575442
v 5.976497 30.759891 5.935749
v 5.976497 27.683902 3.722433
v 5.976497 27.683902 3.362126
v 5.976497 30.759891 3.362126
v 5.976497 30.759891 3.722433
v 5.976497 27.683902 5.575442
v 5.976497 27.683902 3.722433
v 5.976497 28.163902 3.722433
v 5.976497 28.163902 5.575442
v 5.976497 30.379891 5.575442
v 5.976497 30.379891 3.722433
v 5.976497 30.759891 3.722433
v 5.976497 30.759891 5.575442
v 5.906497 28.163902 5.575442
v 5.906497 28.163902 3.722433
v 5.906497 30.379891 3.722433
v 5.906497 30.379891 5.575442
v 5.976497 27.683902 3.362126
v 5.976497 27.683902 3.001819
v 5.976497 30.759891 3.001819
v 5.976497 30.759891 3.362126
v 5.976497 27.683902 1.148810
v 5.976497 27.683902 0.788503
v 5.976497 30.759891 0.788503
v 5.976497 30.759891 1.148810
v 5.976497 27.683902 3.001819
v 5.976497 27.683902 1.148810
v 5.976497 28.163902 1.148810
v 5.976497 28.163902 3.001819
v 5.976497 30.379891 3.001819
v 5.976497 30.379891 1.148810
v 5.976497 30.759891 1.148810
v 5.976497 30.759891 3.001819
v 5.906497 28.163902 3.001819
v 5.906497 28.163902 1.148810
v 5.906497 30.379891 1.148810
v 5.906497 30.379891 3.001819
v 5.976497 27.683902 0.788503
v 5.976497 27.683902 0.428196
v 5.976497 30.759891 0.428196
v 5.976497 30.759891 0.788503
v 5.976497 27.683902 -1.424812
v 5.976497 27.683902 -1.785120
v 5.976497 30.759891 -1.785120
v 5.976497 30.759891 -1.424812
v 5.976497 27.683902 0.428196
v 5.976497 27.683902 -1.424812
v 5.976497 28.163902 -1.424812
v 5.976497 28.163902 0.428196
v 5.976497 30.379891 0.428196
v 5.976497 30.379891 -1.424812
v 5.976497 30.759891 -1.424812
v 5.976497 30.759891 0.428196
v 5.906497 28.163902 0.428196
v 5.906497 28.163902 -1.424812
v 5.906497 30.379891 -1.424812
v 5.906497 30.379891 0.428196
v 5.976497 27.683902 -1.785120
v 5.976497 27.683902 -2.145427
v 5.976497 30.759891 -2.145427
v 5.976497 30.759891 -1.785120
v 5.976497 27.683902 -3.998435
v 5.976497 27.683902 -4.358742
v 5.976497 30.759891 -4.358742
v 5.976497 30.759891 -3.998435
v 5.976497 27.683902 -2.145427
v 5.976497 27.683902 -3.998435
v 5.976497 28.163902 -3.998435
v 5.976497 28.163902 -2.145427
v 5.976497 30.379891 -2.145427
v 5.976497 30.379891 -3.998435
v 5.976497 30.759891 -3.998435
v 5.976497 30.759891 -2.145427
v 5.906497 28.163902 -2.145427
v 5.906497 28.163902 -3.998435
v 5.906497 30.379891 -3.998435
v 5.906497 30.379891 -2.145427
v 5.976497 27.683902 -4.358742
v 5.976497 27.683902 -4.719050
v 5.976497 30.759891 -4.719050
v 5.976497 30.759891 -4.358742
v 5.976497 27.683902 -6.572058
v 5.976497 27.683902 -6.932365
v 5.976497 30.759891 -6.932365
v 5.976497 30.759891 -6.572058
v 5.976497 27.683902 -4.719050
v 5.976497 27.683902 -6.572058
v 5.976497 28.163902 -6.572058
v 5.976497 28.163902 -4.719050
v 5.976497 30.379891 -4.719050
v 5.976497 30.379891 -6.572058
v 5.976497 30.759891 -6.572058
v 5.976497 30.759891 -4.719050
v 5.906497 28.163902 -4.719050
v 5.906497 28.163902 -6.572058
v 5.906497 30.379891 -6.572058
v 5.906497 30.379891 -4.719050
v 5.976497 27.683902 -6.932365
v 5.976497 27.683902 -7.292672
v 5.976497 30.759891 -7.292672
v 5.976497 30.759891 -6.932365
v 5.976497 27.683902 -9.145681
v 5.976497 27.683902 -9.505988
v 5.976497 30.759891 -9.505988
v 5.976497 30.759891 -9.145681
v 5.976497 27.683902 -7.292672
v 5.976497 27.683902 -9.145681
v 5.976497 28.163902 -9.145681
v 5.976497 28.163902 -7.292672
v 5.976497 30.379891 -7.292672
v 5.976497 30.379891 -9.145681
v 5.976497 30.759891 -9.145681
v 5.976497 30.759891 -7.292672
v 5.906497 28.163902 -7.292672
v 5.906497 28.163902 -9.145681
v 5.906497 30.379891 -9.145681
v 5.906497 30.379891 -7.292672
v 5.976497 30.759891 8.509372
v 5.976497 30.759891 8.149064
v 5.976497 33.835880 8.149064
v 5.976497 33.835880 8.509372
v 5.976497 30.759891 6.296056
v 5.976497 30.759891 5.935749
v 5.976497 33.835880 5.935749
v 5.976497 33.835880 6.296056
v 5.976497 30.759891 8.149064
v 5.976497 30.759891 6.296056
v 5.976497 31.239891 6.296056
v 5.976497 31.239891 8.149064
v 5.976497 33.455880 8.149064
v 5.976497 33.455880 6.296056
v 5.976497 33.835880 6.296056
v 5.976497 33.835880 8.149064
v 5.906497 31.239891 8.149064
v 5.906497 31.239891 6.296056
v 5.906497 33.455880 6.296056
v 5.906497 33.455880 8.149064
v 5.976497 30.759891 5.935749
v 5.976497 30.759891 5.575442
v 5.976497 33.835880 5.575442
v 5.976497 33.835880 5.935749
v 5.976497 30.759891 3.722433
v 5.976497 30.759891 3.362126
v 5.976497 33.835880 3.362126
v 5.976497 33.835880 3.722433
v 5.976497 30.759891 5.575442
v 5.976497 30.759891 3.722433
v 5.976497 31.239891 3.722433
v 5.976497 31.239891 5.575442
v 5.976497 33.455880 5.575442
v 5.976497 33.455880 3.722433
v 5.976497 33.835880 3.722433
v 5.976497 33.835880 5.575442
v 5.906497 31.239891 5.575442
v 5.906497 31.239891 3.722433
v 5.906497 33.455880 3.722433
v 5.906497 33.455880 5.575442
v 5.976497 30.759891 3.362126
v 5.976497 30.759891 3.001819
v 5.976497 33.835880 3.001819
v 5.976497 33.835880 3.362126
v 5.976497 30.759891 1.148810
v 5.976497 30.759891 0.788503
v 5.976497 33.835880 0.788503
v 5.976497 33.835880 1.148810
v 5.976497 30.759891 3.001819
v 5.976497 30.759891 1.148810
v 5.976497 31.239891 1.148810
v 5.976497 31.239891 3.001819
v 5.976497 33.455880 3.001819
v 5.976497 33.455880 1.148810
v 5.976497 33.835880 1.148810
v 5.976497 33.835880 3.001819
v 5.906497 31.239891 3.001819
v 5.906497 31.239891 1.148810
v 5.906497 33.455880 1.148810
v 5.906497 33.455880 3.001819
v 5.976497 30.759891 0.788503
v 5.976497 30.759891 0.428196
v 5.976497 33.835880 0.428196
v 5.976497 33.835880 0.788503
v 5.976497 30.759891 -1.424812
v 5.976497 30.759891 -1.785120
v 5.976497 33.835880 -1.785120
v 5.976497 33.835880 -1.424812
v 5.976497 30.759891 0.428196
v 5.976497 30.759891 -1.424812
v 5.976497 31.239891 -1.424812
v 5.976497 31.239891 0.428196
v 5.976497 33.455880 0.428196
v 5.976497 33.455880 -1.424812
v 5.976497 33.835880 -1.424812
v 5.976497 33.835880 0.428196
v 5.906497 31.239891 0.428196
v 5.906497 31.239891 -1.424812
v 5.906497 33.455880 -1.424812
v 5.906497 33.455880 0.428196
v 5.976497 30.759891 -1.785120
v 5.976497 30.759891 -2.145427
v 5.976497 33.835880 -2.145427
v 5.976497 33.835880 -1.785120
v 5.976497 30.759891 -3.998435
v 5.976497 30.759891 -4.358742
v 5.976497 33.835880 -4.358742
v 5.976497 33.835880 -3.998435
v 5.976497 30.759891 -2.145427
v 5.976497 30.759891 -3.998435
v 5.976497 31.239891 -3.998435
v 5.976497 31.239891 -2.145427
v 5.976497 33.455880 -2.145427
v 5.976497 33.455880 -3.998435
v 5.976497 33.835880 -3.998435
v 5.976497 33.835880 -2.145427
v 5.906497 31.239891 -2.145427
v 5.906497 31.239891 -3.998435
v 5.906497 33.455880 -3.998435
v 5.906497 33.455880 -2.145427
v 5.976497 30.759891 -4.358742
v 5.976497 30.759891 -4.719050
v 5.976497 33.835880 -4.719050
v 5.976497 33.835880 -4.358742
v 5.976497 30.759891 -6.572058
v 5.976497 30.759891 -6.932365
v 5.976497 33.835880 -6.932365
v 5.976497 33.835880 -6.572058
v 5.976497 30.759891 -4.719050
v 5.976497 30.759891 -6.572058
v 5.976497 31.239891 -6.572058
v 5.976497 31.239891 -4.719050
v 5.976497 33.455880 -4.719050
v 5.976497 33.455880 -6.572058
v 5.976497 33.835880 -6.572058
v 5.976497 33.835880 -4.719050
v 5.906497 31.239891 -4.719050
v 5.906497 31.239891 -6.572058
v 5.906497 33.455880 -6.572058
v 5.906497 33.455880 -4.719050
v 5.976497 30.759891 -6.932365
v 5.976497 30.759891 -7.292672
v 5.976497 33.835880 -7.292672
v 5.976497 33.835880 -6.932365
v 5.976497 30.759891 -9.145681
v 5.976497 30.759891 -9.505988
v 5.976497 33.835880 -9.505988
v 5.976497 33.835880 -9.145681
v 5.976497 30.759891 -7.292672
v 5.976497 30.759891 -9.145681
v 5.976497 31.239891 -9.145681
v 5.976497 31.239891 -7.292672
v 5.976497 33.455880 -7.292672
v 5.976497 33.455880 -9.145681
v 5.976497 33.835880 -9.145681
v 5.976497 33.835880 -7.292672
v 5.906497 31.239891 -7.292672
v 5.906497 31.239891 -9.145681
v 5.906497 33.455880 -9.145681
v 5.906497 33.455880 -7.292672
v -4.351261 6.151978 -9.505988
v -4.351261 6.151978 -9.145681
v -4.351261 9.227967 -9.145681
v -4.351261 9.227967 -9.505988
v -4.351261 6.151978 -7.292672
v -4.351261 6.151978 -6.932365
v -4.351261 9.227967 -6.932365
v -4.351261 9.227967 -7.292672
v -4.351261 6.151978 -9.145681
v -4.351261 6.151978 -7.292672
v -4.351261 6.631978 -7.292672
v -4.351261 6.631978 -9.145681
v -4.351261 8.847967 -9.145681
v -4.351261 8.847967 -7.292672
v -4.351261 9.227967 -7.292672
v -4.351261 9.227967 -9.145681
v -4.281261 6.631978 -9.145681
v -4.281261 6.631978 -7.292672
v -4.281261 8.847967 -7.292672
v -4.281261 8.847967 -9.145681
v -4.351261 6.151978 -6.932365
v -4.351261 6.151978 -6.572058
v -4.351261 9.227967 -6.572058
v -4.351261 9.227967 -6.932365
v -4.351261 6.151978 -4.719050
v -4.351261 6.151978 -4.358742
v -4.351261 9.227967 -4.358742
v -4.351261 9.227967 -4.719050
v -4.351261 6.151978 -6.572058
v -4.351261 6.151978 -4.719050
v -4.351261 6.631978 -4.719050
v -4.351261 6.631978 -6.572058
v -4.351261 8.847967 -6.572058
v -4.351261 8.847967 -4.719050
v -4.351261 9.227967 -4.719050
v -4.351261 9.227967 -6.572058
v -4.281261 6.631978 -6.572058
v -4.281261 6.631978 -4.719050
v -4.281261 8.847967 -4.719050
v -4.281261 8.847967 -6.572058
v -4.351261 6.151978 -4.358742
v -4.351261 6.151978 -3.998435
v -4.351261 9.227967 -3.998435
v -4.351261 9.227967 -4.358742
v -4.351261 6.151978 -2.145427
v -4.351261 6.151978 -1.785120
v -4.351261 9.227967 -1.785120
v -4.351261 9.227967 -2.145427
v -4.351261 6.151978 -3.998435
v -4.351261 6.151978 -2.145427
v -4.351261 6.631978 -2.145427
v -4.351261 6.631978 -3.998435
v -4.351261 8.847967 -3.998435
v -4.351261 8.847967 -2.145427
v -4.351261 9.227967 -2.145427
v -4.351261 9.227967 -3.998435
v -4.281261 6.631978 -3.998435
v -4.281261 6.631978 -2.145427
v -4.281261 8.847967 -2.145427
v -4.281261 8.847967 -3.998435
v -4.351261 6.151978 -1.785120
v -4.351261 6.151978 -1.424812
v -4.351261 9.227967 -1.424812
v -4.351261 9.227967 -1.785120
v -4.351261 6.151978 0.428196
v -4.351261 6.151978 0.788503
v -4.351261 9.227967 0.788503
v -4.351261 9.227967 0.428196
v -4.351261 6.151978 -1.424812
v -4.351261 6.151978 0.428196
v -4.351261 6.631978 0.428196
v -4.351261 6.631978 -1.424812
v -4.351261 8.847967 -1.424812
v -4.351261 8.847967 0.428196
v -4.351261 9.227967 0.428196
v -4.351261 9.227967 -1.424812
v -4.281261 6.631978 -1.424812
v -4.281261 6.631978 0.428196
v -4.281261 8.847967 0.428196
v -4.281261 8.847967 -1.424812
v -4.351261 6.151978 0.788503
v -4.351261 6.151978 1.148810
v -4.351261 9.227967 1.148810
v -4.351261 9.227967 0.788503
v -4.351261 6.151978 3.001819
v -4.351261 6.151978 3.362126
v -4.351261 9.227967 3.362126
v -4.351261 9.227967 3.001819
v -4.351261 6.151978 1.148810
v -4.351261 6.151978 3.001819
v -4.351261 6.631978 3.001819
v -4.351261 6.631978 1.148810
v -4.351261 8.847967 1.148810
v -4.351261 8.847967 3.001819
v -4.351261 9.227967 3.001819
v -4.351261 9.227967 1.148810
v -4.281261 6.631978 1.148810
v -4.281261 6.631978 3.001819
v -4.281261 8.847967 3.001819
v -4.281261 8.847967 1.148810
v -4.351261 6.151978 3.362126
v -4.351261 6.151978 3.722433
v -4.351261 9.227967 3.722433
v -4.351261 9.227967 3.362126
v -4.351261 6.151978 5.575442
v -4.351261 6.151978 5.935749
v -4.351261 9.227967 5.935749
v -4.351261 9.227967 5.575442
v -4.351261 6.151978 3.722433
v -4.351261 6.151978 5.575442
v -4.351261 6.631978 5.575442
v -4.351261 6.631978 3.722433
v -4.351261 8.847967 3.722433
v -4.351261 8.847967 5.575442
v -4.351261 9.227967 5.575442
v -4.351261 9.227967 3.722433
v -4.281261 6.631978 3.722433
v -4.281261 6.631978 5.575442
v -4.281261 8.847967 5.575442
v -4.281261 8.847967 3.722433
v -4.351261 6.151978 5.935749
v -4.351261 6.151978 6.296056
v -4.351261 9.227967 6.296056
v -4.351261 9.227967 5.935749
v -4.351261 6.151978 8.149064
v -4.351261 6.151978 8.509372
v -4.351261 9.227967 8.509372
v -4.351261 9.227967 8.149064
v -4.351261 6.151978 6.296056
v -4.351261 6.151978 8.149064
v -4.351261 6.631978 8.149064
v -4.351261 6.631978 6.296056
v -4.351261 8.847967 6.296056
v -4.351261 8.847967 8.149064
v -4.351261 9.227967 8.149064
v -4.351261 9.227967 6.296056
v -4.281261 6.631978 6.296056
v -4.281261 6.631978 8.149064
v -4.281261 8.847967 8.149064
v -4.281261 8.847967 6.296056
v -4.351261 9.227967 -9.505988
v -4.351261 9.227967 -9.145681
v -4.351261 12.303956 -9.145681
v -4.351261 12.303956 -9.505988
v -4.351261 9.227967 -7.292672
v -4.351261 9.227967 -6.932365
v -4.351261 12.303956 -6.932365
v -4.351261 12.303956 -7.292672
v -4.351261 9.227967 -9.145681
v -4.351261 9.227967 -7.292672
v -4.351261 9.707967 -7.292672
v -4.351261 9.707967 -9.145681
v -4.351261 11.923956 -9.145681
v -4.351261 11.923956 -7.292672
v -4.351261 12.303956 -7.292672
v -4.351261 12.303956 -9.145681
v -4.281261 9.707967 -9.145681
v -4.281261 9.707967 -7.292672
v -4.281261 11.923956 -7.292672
v -4.281261 11.923956 -9.145681
v -4.351261 9.227967 -6.932365
v -4.351261 9.227967 -6.572058
v -4.351261 12.303956 -6.572058
v -4.351261 12.303956 -6.932365
v -4.351261 9.227967 -4.719050
v -4.351261 9.227967 -4.358742
v -4.351261 12.303956 -4.358742
v -4.351261 12.303956 -4.719050
v -4.351261 9.227967 -6.572058
v -4.351261 9.227967 -4.719050
v -4.351261 9.707967 -4.719050
v -4.351261 9.707967 -6.572058
v -4.351261 11.923956 -6.572058
v -4.351261 11.923956 -4.719050
v -4.351261 12.303956 -4.719050
v -4.351261 12.303956 -6.572058
v -4.281261 9.707967 -6.572058
v -4.281261 9.707967 -4.719050
v -4.281261 11.923956 -4.719050
v -4.281261 11.923956 -6.572058
v -4.351261 9.227967 -4.358742
v -4.351261 9.227967 -3.998435
v -4.351261 12.303956 -3.998435
v -4.351261 12.303956 -4.358742
v -4.351261 9.227967 -2.145427
v -4.351261 9.227967 -1.785120
v -4.351261 12.303956 -1.785120
v -4.351261 12.303956 -2.145427
v -4.351261 9.227967 -3.998435
v -4.351261 9.227967 -2.145427
v -4.351261 9.707967 -2.145427
v -4.351261 9.707967 -3.998435
v -4.351261 11.923956 -3.998435
v -4.351261 11.923956 -2.145427
v -4.351261 12.303956 -2.145427
v -4.351261 12.303956 -3.998435
v -4.281261 9.707967 -3.998435
v -4.281261 9.707967 -2.145427
v -4.281261 11.923956 -2.145427
v -4.281261 11.923956 -3.998435
v -4.351261 9.227967 -1.785120
v -4.351261 9.227967 -1.424812
v -4.351261 12.303956 -1.424812
v -4.351261 12.303956 -1.785120
v -4.351261 9.227967 0.428196
v -4.351261 9.227967 0.788503
v -4.351261 12.303956 0.788503
v -4.351261 12.303956 0.428196
v -4.351261 9.227967 -1.424812
v -4.351261 9.227967 0.428196
v -4.351261 9.707967 0.428196
v -4.351261 9.707967 -1.424812
v -4.351261 11.923956 -1.424812
v -4.351261 11.923956 0.428196
v -4.351261 12.303956 0.428196
v -4.351261 12.303956 -1.424812
v -4.281261 9.707967 -1.424812
v -4.281261 9.707967 0.428196
v -4.281261 11.923956 0.428196
v -4.281261 11.923956 -1.424812
v -4.351261 9.227967 0.788503
v -4.351261 9.227967 1.148810
v -4.351261 12.303956 1.148810
v -4.351261 12.303956 0.788503
v -4.351261 9.227967 3.001819
v -4.351261 9.227967 3.362126
v -4.351261 12.303956 3.362126
v -4.351261 12.303956 3.001819
v -4.351261 9.227967 1.148810
v -4.351261 9.227967 3.001819
v -4.351261 9.707967 3.001819
v -4.351261 9.707967 1.148810
v -4.351261 11.923956 1.148810
v -4.351261 11.923956 3.001819
v -4.351261 12.303956 3.001819
v -4.351261 12.303956 1.148810
v -4.281261 9.707967 1.148810
v -4.281261 9.707967 3.001819
v -4.281261 11.923956 3.001819
v -4.281261 11.923956 1.148810
v -4.351261 9.227967 3.362126
v -4.351261 9.227967 3.722433
v -4.351261 12.303956 3.722433
v -4.351261 12.303956 3.362126
v -4.351261 9.227967 5.575442
v -4.351261 9.227967 5.935749
v -4.351261 12.303956 5.935749
v -4.351261 12.303956 5.575442
v -4.351261 9.227967 3.722433
v -4.351261 9.227967 5.575442
v -4.351261 9.707967 5.575442
v -4.351261 9.707967 3.722433
v -4.351261 11.923956 3.722433
v -4.351261 11.923956 5.575442
v -4.351261 12.303956 5.575442
v -4.351261 12.303956 3.722433
v -4.281261 9.707967 3.722433
v -4.281261 9.707967 5.575442
v -4.281261 11.923956 5.575442
v -4.281261 11.923956 3.722433
v -4.351261 9.227967 5.935749
v -4.351261 9.227967 6.296056
v -4.351261 12.303956 6.296056
v -4.351261 12.303956 5.935749
v -4.351261 9.227967 8.149064
v -4.351261 9.227967 8.509372
v -4.351261 12.303956 8.509372
v -4.351261 12.303956 8.149064
v -4.351261 9.227967 6.296056
v -4.351261 9.227967 8.149064
v -4.351261 9.707967 8.149064
v -4.351261 9.707967 6.296056
v -4.351261 11.923956 6.296056
v -4.351261 11.923956 8.149064
v -4.351261 12.303956 8.149064
v -4.351261 12.303956 6.296056
v -4.281261 9.707967 6.296056
v -4.281261 9.707967 8.149064
v -4.281261 11.923956 8.149064
v -4.281261 11.923956 6.296056
v -4.351261 12.303956 -9.505988
v -4.351261 12.303956 -9.145681
v -4.351261 15.379945 -9.145681
v -4.351261 15.379945 -9.505988
v -4.351261 12.303956 -7.292672
v -4.351261 12.303956 -6.932365
v -4.351261 15.379945 -6.932365
v -4.351261 15.379945 -7.292672
v -4.351261 12.303956 -9.145681
v -4.351261 12.303956 -7.292672
v -4.351261 12.783956 -7.292672
v -4.351261 12.783956 -9.145681
v -4.351261 14.999945 -9.145681
v -4.351261 14.999945 -7.292672
v -4.351261 15.379945 -7.292672
v -4.351261 15.379945 -9.145681
v -4.281261 12.783956 -9.145681
v -4.281261 12.783956 -7.292672
v -4.281261 14.999945 -7.292672
v -4.281261 14.999945 -9.145681
v -4.351261 12.303956 -6.932365
v -4.351261 12.303956 -6.572058
v -4.351261 15.379945 -6.572058
v -4.351261 15.379945 -6.932365
v -4.351261 12.303956 -4.719050
v -4.351261 12.303956 -4.358742
v -4.351261 15.379945 -4.358742
v -4.351261 15.379945 -4.719050
v -4.351261 12.303956 -6.572058
v -4.351261 12.303956 -4.719050
v -4.351261 12.783956 -4.719050
v -4.351261 12.783956 -6.572058
v -4.351261 14.999945 -6.572058
v -4.351261 14.999945 -4.719050
v -4.351261 15.379945 -4.719050
v -4.351261 15.379945 -6.572058
v -4.281261 12.783956 -6.572058
v -4.281261 12.783956 -4.719050
v -4.281261 14.999945 -4.719050
v -4.281261 14.999945 -6.572058
v -4.351261 12.303956 -4.358742
v -4.351261 12.303956 -3.998435
v -4.351261 15.379945 -3.998435
v -4.351261 15.379945 -4.358742
v -4.351261 12.303956 -2.145427
v -4.351261 12.303956 -1.785120
v -4.351261 15.379945 -1.785120
v -4.351261 15.379945 -2.145427
v -4.351261 12.303956 -3.998435
v -4.351261 12.303956 -2.145427
v -4.351261 12.783956 -2.145427
v -4.351261 12.783956 -3.998435
v -4.351261 14.999945 -3.998435
v -4.351261 14.999945 -2.145427
v -4.351261 15.379945 -2.145427
v -4.351261 15.379945 -3.998435
v -4.281261 12.783956 -3.998435
v -4.281261 12.783956 -2.145427
v -4.281261 14.999945 -2.145427
v -4.281261 14.999945 -3.998435
v -4.351261 12.303956 -1.785120
v -4.351261 12.303956 -1.424812
v -4.351261 15.379945 -1.424812
v -4.351261 15.379945 -1.785120
v -4.351261 12.303956 0.428196
v -4.351261 12.303956 0.788503
v -4.351261 15.379945 0.788503
v -4.351261 15.379945 0.428196
v -4.351261 12.303956 -1.424812
v -4.351261 12.303956 0.428196
v -4.351261 12.783956 0.428196
v -4.351261 12.783956 -1.424812
v -4.351261 14.999945 -1.424812
v -4.351261 14.999945 0.428196
v -4.351261 15.379945 0.428196
v -4.351261 15.379945 -1.424812
v -4.281261 12.783956 -1.424812
v -4.281261 12.783956 0.428196
v -4.281261 14.999945 0.428196
v -4.281261 14.999945 -1.424812
v -4.351261 12.303956 0.788503
v -4.351261 12.303956 1.148810
v -4.351261 15.379945 1.148810
v -4.351261 15.379945 0.788503
v -4.351261 12.303956 3.001819
v -4.351261 12.303956 3.362126
v -4.351261 15.379945 3.362126
v -4.351261 15.379945 3.001819
v -4.351261 12.303956 1.148810
v -4.351261 12.303956 3.001819
v -4.351261 12.783956 3.001819
v -4.351261 12.783956 1.148810
v -4.351261 14.999945 1.148810
v -4.351261 14.999945 3.001819
v -4.351261 15.379945 3.001819
v -4.351261 15.379945 1.148810
v -4.281261 12.783956 1.148810
v -4.281261 12.783956 3.001819
v -4.281261 14.999945 3.001819
v -4.281261 14.999945 1.148810
v -4.351261 12.303956 3.362126
v -4.351261 12.303956 3.722433
v -4.351261 15.379945 3.722433
v -4.351261 15.379945 3.362126
v -4.351261 12.303956 5.575442
v -4.351261 12.303956 5.935749
v -4.351261 15.379945 5.935749
v -4.351261 15.379945 5.575442
v -4.351261 12.303956 3.722433
v -4.351261 12.303956 5.575442
v -4.351261 12.783956 5.575442
v -4.351261 12.783956 3.722433
v -4.351261 14.999945 3.722433
v -4.351261 14.999945 5.575442
v -4.351261 15.379945 5.575442
v -4.351261 15.379945 3.722433
v -4.281261 12.783956 3.722433
v -4.281261 12.783956 5.575442
v -4.281261 14.999945 5.575442
v -4.281261 14.999945 3.722433
v -4.351261 12.303956 5.935749
v -4.351261 12.303956 6.296056
v -4.351261 15.379945 6.296056
v -4.351261 15.379945 5.935749
v -4.351261 12.303956 8.149064
v -4.351261 12.303956 8.509372
v -4.351261 15.379945 8.509372
v -4.351261 15.379945 8.149064
v -4.351261 12.303956 6.296056
v -4.351261 12.303956 8.149064
v -4.351261 12.783956 8.149064
v -4.351261 12.783956 6.296056
v -4.351261 14.999945 6.296056
v -4.351261 14.999945 8.149064
v -4.351261 15.379945 8.149064
v -4.351261 15.379945 6.296056
v -4.281261 12.783956 6.296056
v -4.281261 12.783956 8.149064
v -4.281261 14.999945 8.149064
v -4.281261 14.999945 6.296056
v -4.351261 15.379945 -9.505988
v -4.351261 15.379945 -9.145681
v -4.351261 18.455934 -9.145681
v -4.351261 18.455934 -9.505988
v -4.351261 15.379945 -7.292672
v -4.351261 15.379945 -6.932365
v -4.351261 18.455934 -6.932365
v -4.351261 18.455934 -7.292672
v -4.351261 15.379945 -9.145681
v -4.351261 15.379945 -7.292672
v -4.351261 15.859945 -7.292672
v -4.351261 15.859945 -9.145681
v -4.351261 18.075934 -9.145681
v -4.351261 18.075934 -7.292672
v -4.351261 18.455934 -7.292672
v -4.351261 18.455934 -9.145681
v -4.281261 15.859945 -9.145681
v -4.281261 15.859945 -7.292672
v -4.281261 18.075934 -7.292672
v -4.281261 18.075934 -9.145681
v -4.351261 15.379945 -6.932365
v -4.351261 15.379945 -6.572058
v -4.351261 18.455934 -6.572058
v -4.351261 18.455934 -6.932365
v -4.351261 15.379945 -4.719050
v -4.351261 15.379945 -4.358742
v -4.351261 18.455934 -4.358742
v -4.351261 18.455934 -4.719050
v -4.351261 15.379945 -6.572058
v -4.351261 15.379945 -4.719050
v -4.351261 15.859945 -4.719050
v -4.351261 15.859945 -6.572058
v -4.351261 18.075934 -6.572058
v -4.351261 18.075934 -4.719050
v -4.351261 18.455934 -4.719050
v -4.351261 18.455934 -6.572058
v -4.281261 15.859945 -6.572058
v -4.281261 15.859945 -4.719050
v -4.281261 18.075934 -4.719050
v -4.281261 18.075934 -6.572058
v -4.351261 15.379945 -4.358742
v -4.351261 15.379945 -3.998435
v -4.351261 18.455934 -3.998435
v -4.351261 18.455934 -4.358742
v -4.351261 15.379945 -2.145427
v -4.351261 15.379945 -1.785120
v -4.351261 18.455934 -1.785120
v -4.351261 18.455934 -2.145427
v -4.351261 15.379945 -3.998435
v -4.351261 15.379945 -2.145427
v -4.351261 15.859945 -2.145427
v -4.351261 15.859945 -3.998435
v -4.351261 18.075934 -3.998435
v -4.351261 18.075934 -2.145427
v -4.351261 18.455934 -2.145427
v -4.351261 18.455934 -3.998435
v -4.281261 15.859945 -3.998435
v -4.281261 15.859945 -2.145427
v -4.281261 18.075934 -2.145427
v -4.281261 18.075934 -3.998435
v -4.351261 15.379945 -1.785120
v -4.351261 15.379945 -1.424812
v -4.351261 18.455934 -1.424812
v -4.351261 18.455934 -1.785120
v -4.351261 15.379945 0.428196
v -4.351261 15.379945 0.788503
v -4.351261 18.455934 0.788503
v -4.351261 18.455934 0.428196
v -4.351261 15.379945 -1.424812
v -4.351261 15.379945 0.428196
v -4.351261 15.859945 0.428196
v -4.351261 15.859945 -1.424812
v -4.351261 18.075934 -1.424812
v -4.351261 18.075934 0.428196
v -4.351261 18.455934 0.428196
v -4.351261 18.455934 -1.424812
v -4.281261 15.859945 -1.424812
v -4.281261 15.859945 0.428196
v -4.281261 18.075934 0.428196
v -4.281261 18.075934 -1.424812
v -4.351261 15.379945 0.788503
v -4.351261 15.379945 1.148810
v -4.351261 18.455934 1.148810
v -4.351261 18.455934 0.788503
v -4.351261 15.379945 3.001819
v -4.351261 15.379945 3.362126
v -4.351261 18.455934 3.362126
v -4.351261 18.455934 3.001819
v -4.351261 15.379945 1.148810
v -4.351261 15.379945 3.001819
v -4.351261 15.859945 3.001819
v -4.351261 15.859945 1.148810
v -4.351261 18.075934 1.148810
v -4.351261 18.075934 3.001819
v -4.351261 18.455934 3.001819
v -4.351261 18.455934 1.148810
v -4.281261 15.859945 1.148810
v -4.281261 15.859945 3.001819
v -4.281261 18.075934 3.001819
v -4.281261 18.075934 1.148810
v -4.351261 15.379945 3.362126
v -4.351261 15.379945 3.722433
v -4.351261 18.455934 3.722433
v -4.351261 18.455934 3.362126
v -4.351261 15.379945 5.575442
v -4.351261 15.379945 5.935749
v -4.351261 18.455934 5.935749
v -4.351261 18.455934 5.575442
v -4.351261 15.379945 3.722433
v -4.351261 15.379945 5.575442
v -4.351261 15.859945 5.575442
v -4.351261 15.859945 3.722433
v -4.351261 18.075934 3.722433
v -4.351261 18.075934 5.575442
v -4.351261 18.455934 5.575442
v -4.351261 18.455934 3.722433
v -4.281261 15.859945 3.722433
v -4.281261 15.859945 5.575442
v -4.281261 18.075934 5.575442
v -4.281261 18.075934 3.722433
v -4.351261 15.379945 5.935749
v -4.351261 15.379945 6.296056
v -4.351261 18.455934 6.296056
v -4.351261 18.455934 5.935749
v -4.351261 15.379945 8.149064
v -4.351261 15.379945 8.509372
v -4.351261 18.455934 8.509372
v -4.351261 18.455934 8.149064
v -4.351261 15.379945 6.296056
v -4.351261 15.379945 8.149064
v -4.351261 15.859945 8.149064
v -4.351261 15.859945 6.296056
v -4.351261 18.075934 6.296056
v -4.351261 18.075934 8.149064
v -4.351261 18.455934 8.149064
v -4.351261 18.455934 6.296056
v -4.281261 15.859945 6.296056
v -4.281261 15.859945 8.149064
v -4.281261 18.075934 8.149064
v -4.281261 18.075934 6.296056
v -4.351261 18.455934 -9.505988
v -4.351261 18.455934 -9.145681
v -4.351261 21.531924 -9.145681
v -4.351261 21.531924 -9.505988
v -4.351261 18.455934 -7.292672
v -4.351261 18.455934 -6.932365
v -4.351261 21.531924 -6.932365
v -4.351261 21.531924 -7.292672
v -4.351261 18.455934 -9.145681
v -4.351261 18.455934 -7.292672
v -4.351261 18.935934 -7.292672
v -4.351261 18.935934 -9.145681
v -4.351261 21.151924 -9.145681
v -4.351261 21.151924 -7.292672
v -4.351261 21.531924 -7.292672
v -4.351261 21.531924 -9.145681
v -4.281261 18.935934 -9.145681
v -4.281261 18.935934 -7.292672
v -4.281261 21.151924 -7.292672
v -4.281261 21.151924 -9.145681
v -4.351261 18.455934 -6.932365
v -4.351261 18.455934 -6.572058
v -4.351261 21.531924 -6.572058
v -4.351261 21.531924 -6.932365
v -4.351261 18.455934 -4.719050
v -4.351261 18.455934 -4.358742
v -4.351261 21.531924 -4.358742
v -4.351261 21.531924 -4.719050
v -4.351261 18.455934 -6.572058
v -4.351261 18.455934 -4.719050
v -4.351261 18.935934 -4.719050
v -4.351261 18.935934 -6.572058
v -4.351261 21.151924 -6.572058
v -4.351261 21.151924 -4.719050
v -4.351261 21.531924 -4.719050
v -4.351261 21.531924 -6.572058
v -4.281261 18.935934 -6.572058
v -4.281261 18.935934 -4.719050
v -4.281261 21.151924 -4.719050
v -4.281261 21.151924 -6.572058
v -4.351261 18.455934 -4.358742
v -4.351261 18.455934 -3.998435
v -4.351261 21.531924 -3.998435
v -4.351261 21.531924 -4.358742
v -4.351261 18.455934 -2.145427
v -4.351261 18.455934 -1.785120
v -4.351261 21.531924 -1.785120
v -4.351261 21.531924 -2.145427
v -4.351261 18.455934 -3.998435
v -4.351261 18.455934 -2.145427
v -4.351261 18.935934 -2.145427
v -4.351261 18.935934 -3.998435
v -4.351261 21.151924 -3.998435
v -4.351261 21.151924 -2.145427
v -4.351261 21.531924 -2.145427
v -4.351261 21.531924 -3.998435
v -4.281261 18.935934 -3.998435
v -4.281261 18.935934 -2.145427
v -4.281261 21.151924 -2.145427
v -4.281261 21.151924 -3.998435
v -4.351261 18.455934 -1.785120
v -4.351261 18.455934 -1.424812
v -4.351261 21.531924 -1.424812
v -4.351261 21.531924 -1.785120
v -4.351261 18.455934 0.428196
v -4.351261 18.455934 0.788503
v -4.351261 21.531924 0.788503
v -4.351261 21.531924 0.428196
v -4.351261 18.455934 -1.424812
v -4.351261 18.455934 0.428196
v -4.351261 18.935934 0.428196
v -4.351261 18.935934 -1.424812
v -4.351261 21.151924 -1.424812
v -4.351261 21.151924 0.428196
v -4.351261 21.531924 0.428196
v -4.351261 21.531924 -1.424812
v -4.281261 18.935934 -1.424812
v -4.281261 18.935934 0.428196
v -4.281261 21.151924 0.428196
v -4.281261 21.151924 -1.424812
v -4.351261 18.455934 0.788503
v -4.351261 18.455934 1.148810
v -4.351261 21.531924 1.148810
v -4.351261 21.531924 0.788503
v -4.351261 18.455934 3.001819
v -4.351261 18.455934 3.362126
v -4.351261 21.531924 3.362126
v -4.351261 21.531924 3.001819
v -4.351261 18.455934 1.148810
v -4.351261 18.455934 3.001819
v -4.351261 18.935934 3.001819
v -4.351261 18.935934 1.148810
v -4.351261 21.151924 1.148810
v -4.351261 21.151924 3.001819
v -4.351261 21.531924 3.001819
v -4.351261 21.531924 1.148810
v -4.281261 18.935934 1.148810
v -4.281261 18.935934 3.001819
v -4.281261 21.151924 3.001819
v -4.281261 21.151924 1.148810
v -4.351261 18.455934 3.362126
v -4.351261 18.455934 3.722433
v -4.351261 21.531924 3.722433
v -4.351261 21.531924 3.362126
v -4.351261 18.455934 5.575442
v -4.351261 18.455934 5.935749
v -4.351261 21.531924 5.935749
v -4.351261 21.531924 5.575442
v -4.351261 18.455934 3.722433
v -4.351261 18.455934 5.575442
v -4.351261 18.935934 5.575442
v -4.351261 18.935934 3.722433
v -4.351261 21.151924 3.722433
v -4.351261 21.151924 5.575442
v -4.351261 21.531924 5.575442
v -4.351261 21.531924 3.722433
v -4.281261 18.935934 3.722433
v -4.281261 18.935934 5.575442
v -4.281261 21.151924 5.575442
v -4.281261 21.151924 3.722433
v -4.351261 18.455934 5.935749
v -4.351261 18.455934 6.296056
v -4.351261 21.531924 6.296056
v -4.351261 21.531924 5.935749
v -4.351261 18.455934 8.149064
v -4.351261 18.455934 8.509372
v -4.351261 21.531924 8.509372
v -4.351261 21.531924 8.149064
v -4.351261 18.455934 6.296056
v -4.351261 18.455934 8.149064
v -4.351261 18.935934 8.149064
v -4.351261 18.935934 6.296056
v -4.351261 21.151924 6.296056
v -4.351261 21.151924 8.149064
v -4.351261 21.531924 8.149064
v -4.351261 21.531924 6.296056
v -4.281261 18.935934 6.296056
v -4.281261 18.935934 8.149064
v -4.281261 21.151924 8.149064
v -4.281261 21.151924 6.296056
v -4.351261 21.531924 -9.505988
v -4.351261 21.531924 -9.145681
v -4.351261 24.607913 -9.145681
v -4.351261 24.607913 -9.505988
v -4.351261 21.531924 -7.292672
v -4.351261 21.531924 -6.932365
v -4.351261 24.607913 -6.932365
v -4.351261 24.607913 -7.292672
v -4.351261 21.531924 -9.145681
v -4.351261 21.531924 -7.292672
v -4.351261 22.011924 -7.292672
v -4.351261 22.011924 -9.145681
v -4.351261 24.227913 -9.145681
v -4.351261 24.227913 -7.292672
v -4.351261 24.607913 -7.292672
v -4.351261 24.607913 -9.145681
v -4.281261 22.011924 -9.145681
v -4.281261 22.011924 -7.292672
v -4.281261 24.227913 -7.292672
v -4.281261 24.227913 -9.145681
v -4.351261 21.531924 -6.932365
v -4.351261 21.531924 -6.572058
v -4.351261 24.607913 -6.572058
v -4.351261 24.607913 -6.932365
v -4.351261 21.531924 -4.719050
v -4.351261 21.531924 -4.358742
v -4.351261 24.607913 -4.358742
v -4.351261 24.607913 -4.719050
v -4.351261 21.531924 -6.572058
v -4.351261 21.531924 -4.719050
v -4.351261 22.011924 -4.719050
v -4.351261 22.011924 -6.572058
v -4.351261 24.227913 -6.572058
v -4.351261 24.227913 -4.719050
v -4.351261 24.607913 -4.719050
v -4.351261 24.607913 -6.572058
v -4.281261 22.011924 -6.572058
v -4.281261 22.011924 -4.719050
v -4.281261 24.227913 -4.719050
v -4.281261 24.227913 -6.572058
v -4.351261 21.531924 -4.358742
v -4.351261 21.531924 -3.998435
v -4.351261 24.607913 -3.998435
v -4.351261 24.607913 -4.358742
v -4.351261 21.531924 -2.145427
v -4.351261 21.531924 -1.785120
v -4.351261 24.607913 -1.785120
v -4.351261 24.607913 -2.145427
v -4.351261 21.531924 -3.998435
v -4.351261 21.531924 -2.145427
v -4.351261 22.011924 -2.145427
v -4.351261 22.011924 -3.998435
v -4.351261 24.227913 -3.998435
v -4.351261 24.227913 -2.145427
v -4.351261 24.607913 -2.145427
v -4.351261 24.607913 -3.998435
v -4.281261 22.011924 -3.998435
v -4.281261 22.011924 -2.145427
v -4.281261 24.227913 -2.145427
v -4.281261 24.227913 -3.998435
v -4.351261 21.531924 -1.785120
v -4.351261 21.531924 -1.424812
v -4.351261 24.607913 -1.424812
v -4.351261 24.607913 -1.785120
v -4.351261 21.531924 0.428196
v -4.351261 21.531924 0.788503
v -4.351261 24.607913 0.788503
v -4.351261 24.607913 0.428196
v -4.351261 21.531924 -1.424812
v -4.351261 21.531924 0.428196
v -4.351261 22.011924 0.428196
v -4.351261 22.011924 -1.424812
v -4.351261 24.227913 -1.424812
v -4.351261 24.227913 0.428196
v -4.351261 24.607913 0.428196
v -4.351261 24.607913 -1.424812
v -4.281261 22.011924 -1.424812
v -4.281261 22.011924 0.428196
v -4.281261 24.227913 0.428196
v -4.281261 24.227913 -1.424812
v -4.351261 21.531924 0.788503
v -4.351261 21.531924 1.148810
v -4.351261 24.607913 1.148810
v -4.351261 24.607913 0.788503
v -4.351261 21.531924 3.001819
v -4.351261 21.531924 3.362126
v -4.351261 24.607913 3.362126
v -4.351261 24.607913 3.001819
v -4.351261 21.531924 1.148810
v -4.351261 21.531924 3.001819
v -4.351261 22.011924 3.001819
v -4.351261 22.011924 1.148810
v -4.351261 24.227913 1.148810
v -4.351261 24.227913 3.001819
v -4.351261 24.607913 3.001819
v -4.351261 24.607913 1.148810
v -4.281261 22.011924 1.148810
v -4.281261 22.011924 3.001819
v -4.281261 24.227913 3.001819
v -4.281261 24.227913 1.148810
v -4.351261 21.531924 3.362126
v -4.351261 21.531924 3.722433
v -4.351261 24.607913 3.722433
v -4.351261 24.607913 3.362126
v -4.351261 21.531924 5.575442
v -4.351261 21.531924 5.935749
v -4.351261 24.607913 5.935749
v -4.351261 24.607913 5.575442
v -4.351261 21.531924 3.722433
v -4.351261 21.531924 5.575442
v -4.351261 22.011924 5.575442
v -4.351261 22.011924 3.722433
v -4.351261 24.227913 3.722433
v -4.351261 24.227913 5.575442
v -4.351261 24.607913 5.575442
v -4.351261 24.607913 3.722433
v -4.281261 22.011924 3.722433
v -4.281261 22.011924 5.575442
v -4.281261 24.227913 5.575442
v -4.281261 24.227913 3.722433
v -4.351261 21.531924 5.935749
v -4.351261 21.531924 6.296056
v -4.351261 24.607913 6.296056
v -4.351261 24.607913 5.935749
v -4.351261 21.531924 8.149064
v -4.351261 21.531924 8.509372
v -4.351261 24.607913 8.509372
v -4.351261 24.607913 8.149064
v -4.351261 21.531924 6.296056
v -4.351261 21.531924 8.149064
v -4.351261 22.011924 8.149064
v -4.351261 22.011924 6.296056
v -4.351261 24.227913 6.296056
v -4.351261 24.227913 8.149064
v -4.351261 24.607913 8.149064
v -4.351261 24.607913 6.296056
v -4.281261 22.011924 6.296056
v -4.281261 22.011924 8.149064
v -4.281261 24.227913 8.149064
v -4.281261 24.227913 6.296056
v -4.351261 24.607913 -9.505988
v -4.351261 24.607913 -9.145681
v -4.351261 27.683902 -9.145681
v -4.351261 27.683902 -9.505988
v -4.351261 24.607913 -7.292672
v -4.351261 24.607913 -6.932365
v -4.351261 27.683902 -6.932365
v -4.351261 27.683902 -7.292672
v -4.351261 24.607913 -9.145681
v -4.351261 24.607913 -7.292672
v -4.351261 25.087913 -7.292672
v -4.351261 25.087913 -9.145681
v -4.351261 27.303902 -9.145681
v -4.351261 27.303902 -7.292672
v -4.351261 27.683902 -7.292672
v -4.351261 27.683902 -9.145681
v -4.281261 25.087913 -9.145681
v -4.281261 25.087913 -7.292672
v -4.281261 27.303902 -7.292672
v -4.281261 27.303902 -9.145681
v -4.351261 24.607913 -6.932365
v -4.351261 24.607913 -6.572058
v -4.351261 27.683902 -6.572058
v -4.351261 27.683902 -6.932365
v -4.351261 24.607913 -4.719050
v -4.351261 24.607913 -4.358742
v -4.351261 27.683902 -4.358742
v -4.351261 27.683902 -4.719050
v -4.351261 24.607913 -6.572058
v -4.351261 24.607913 -4.719050
v -4.351261 25.087913 -4.719050
v -4.351261 25.087913 -6.572058
v -4.351261 27.303902 -6.572058
v -4.351261 27.303902 -4.719050
v -4.351261 27.683902 -4.719050
v -4.351261 27.683902 -6.572058
v -4.281261 25.087913 -6.572058
v -4.281261 25.087913 -4.719050
v -4.281261 27.303902 -4.719050
v -4.281261 27.303902 -6.572058
v -4.351261 24.607913 -4.358742
v -4.351261 24.607913 -3.998435
v -4.351261 27.683902 -3.998435
v -4.351261 27.683902 -4.358742
v -4.351261 24.607913 -2.145427
v -4.351261 24.607913 -1.785120
v -4.351261 27.683902 -1.785120
v -4.351261 27.683902 -2.145427
v -4.351261 24.607913 -3.998435
v -4.351261 24.607913 -2.145427
v -4.351261 25.087913 -2.145427
v -4.351261 25.087913 -3.998435
v -4.351261 27.303902 -3.998435
v -4.351261 27.303902 -2.145427
v -4.351261 27.683902 -2.145427
v -4.351261 27.683902 -3.998435
v -4.281261 25.087913 -3.998435
v -4.281261 25.087913 -2.145427
v -4.281261 27.303902 -2.145427
v -4.281261 27.303902 -3.998435
v -4.351261 24.607913 -1.785120
v -4.351261 24.607913 -1.424812
v -4.351261 27.683902 -1.424812
v -4.351261 27.683902 -1.785120
v -4.351261 24.607913 0.428196
v -4.351261 24.607913 0.788503
v -4.351261 27.683902 0.788503
v -4.351261 27.683902 0.428196
v -4.351261 24.607913 -1.424812
v -4.351261 24.607913 0.428196
v -4.351261 25.087913 0.428196
v -4.351261 25.087913 -1.424812
v -4.351261 27.303902 -1.424812
v -4.351261 27.303902 0.428196
v -4.351261 27.683902 0.428196
v -4.351261 27.683902 -1.424812
v -4.281261 25.087913 -1.424812
v -4.281261 25.087913 0.428196
v -4.281261 27.303902 0.428196
v -4.281261 27.303902 -1.424812
v -4.351261 24.607913 0.788503
v -4.351261 24.607913 1.148810
v -4.351261 27.683902 1.148810
v -4.351261 27.683902 0.788503
v -4.351261 24.607913 3.001819
v -4.351261 24.607913 3.362126
v -4.351261 27.683902 3.362126
v -4.351261 27.683902 3.001819
v -4.351261 24.607913 1.148810
v -4.351261 24.607913 3.001819
v -4.351261 25.087913 3.001819
v -4.351261 25.087913 1.148810
v -4.351261 27.303902 1.148810
v -4.351261 27.303902 3.001819
v -4.351261 27.683902 3.001819
v -4.351261 27.683902 1.148810
v -4.281261 25.087913 1.148810
v -4.281261 25.087913 3.001819
v -4.281261 27.303902 3.001819
v -4.281261 27.303902 1.148810
v -4.351261 24.607913 3.362126
v -4.351261 24.607913 3.722433
v -4.351261 27.683902 3.722433
v -4.351261 27.683902 3.362126
v -4.351261 24.607913 5.575442
v -4.351261 24.607913 5.935749
v -4.351261 27.683902 5.935749
v -4.351261 27.683902 5.575442
v -4.351261 24.607913 3.722433
v -4.351261 24.607913 5.575442
v -4.351261 25.087913 5.575442
v -4.351261 25.087913 3.722433
v -4.351261 27.303902 3.722433
v -4.351261 27.303902 5.575442
v -4.351261 27.683902 5.575442
v -4.351261 27.683902 3.722433
v -4.281261 25.087913 3.722433
v -4.281261 25.087913 5.575442
v -4.281261 27.303902 5.575442
v -4.281261 27.303902 3.722433
v -4.351261 24.607913 5.935749
v -4.351261 24.607913 6.296056
v -4.351261 27.683902 6.296056
v -4.351261 27.683902 5.935749
v -4.351261 24.607913 8.149064
v -4.351261 24.607913 8.509372
v -4.351261 27.683902 8.509372
v -4.351261 27.683902 8.149064
v -4.351261 24.607913 6.296056
v -4.351261 24.607913 8.149064
v -4.351261 25.087913 8.149064
v -4.351261 25.087913 6.296056
v -4.351261 27.303902 6.296056
v -4.351261 27.303902 8.149064
v -4.351261 27.683902 8.149064
v -4.351261 27.683902 6.296056
v -4.281261 25.087913 6.296056
v -4.281261 25.087913 8.149064
v -4.281261 27.303902 8.149064
v -4.281261 27.303902 6.296056
v -4.351261 27.683902 -9.505988
v -4.351261 27.683902 -9.145681
v -4.351261 30.759891 -9.145681
v -4.351261 30.759891 -9.505988
v -4.351261 27.683902 -7.292672
v -4.351261 27.683902 -6.932365
v -4.351261 30.759891 -6.932365
v -4.351261 30.759891 -7.292672
v -4.351261 27.683902 -9.145681
v -4.351261 27.683902 -7.292672
v -4.351261 28.163902 -7.292672
v -4.351261 28.163902 -9.145681
v -4.351261 30.379891 -9.145681
v -4.351261 30.379891 -7.292672
v -4.351261 30.759891 -7.292672
v -4.351261 30.759891 -9.145681
v -4.281261 28.163902 -9.145681
v -4.281261 28.163902 -7.292672
v -4.281261 30.379891 -7.292672
v -4.281261 30.379891 -9.145681
v -4.351261 27.683902 -6.932365
v -4.351261 27.683902 -6.572058
v -4.351261 30.759891 -6.572058
v -4.351261 30.759891 -6.932365
v -4.351261 27.683902 -4.719050
v -4.351261 27.683902 -4.358742
v -4.351261 30.759891 -4.358742
v -4.351261 30.759891 -4.719050
v -4.351261 27.683902 -6.572058
v -4.351261 27.683902 -4.719050
v -4.351261 28.163902 -4.719050
v -4.351261 28.163902 -6.572058
v -4.351261 30.379891 -6.572058
v -4.351261 30.379891 -4.719050
v -4.351261 30.759891 -4.719050
v -4.351261 30.759891 -6.572058
v -4.281261 28.163902 -6.572058
v -4.281261 28.163902 -4.719050
v -4.281261 30.379891 -4.719050
v -4.281261 30.379891 -6.572058
v -4.351261 27.683902 -4.358742
v -4.351261 27.683902 -3.998435
v -4.351261 30.759891 -3.998435
v -4.351261 30.759891 -4.358742
v -4.351261 27.683902 -2.145427
v -4.351261 27.683902 -1.785120
v -4.351261 30.759891 -1.785120
v -4.351261 30.759891 -2.145427
v -4.351261 27.683902 -3.998435
v -4.351261 27.683902 -2.145427
v -4.351261 28.163902 -2.145427
v -4.351261 28.163902 -3.998435
v -4.351261 30.379891 -3.998435
v -4.351261 30.379891 -2.145427
v -4.351261 30.759891 -2.145427
v -4.351261 30.759891 -3.998435
v -4.281261 28.163902 -3.998435
v -4.281261 28.163902 -2.145427
v -4.281261 30.379891 -2.145427
v -4.281261 30.379891 -3.998435
v -4.351261 27.683902 -1.785120
v -4.351261 27.683902 -1.424812
v -4.351261 30.759891 -1.424812
v -4.351261 30.759891 -1.785120
v -4.351261 27.683902 0.428196
v -4.351261 27.683902 0.788503
v -4.351261 30.759891 0.788503
v -4.351261 30.759891 0.428196
v -4.351261 27.683902 -1.424812
v -4.351261 27.683902 0.428196
v -4.351261 28.163902 0.428196
v -4.351261 28.163902 -1.424812
v -4.351261 30.379891 -1.424812
v -4.351261 30.379891 0.428196
v -4.351261 30.759891 0.428196
v -4.351261 30.759891 -1.424812
v -4.281261 28.163902 -1.424812
v -4.281261 28.163902 0.428196
v -4.281261 30.379891 0.428196
v -4.281261 30.379891 -1.424812
v -4.351261 27.683902 0.788503
v -4.351261 27.683902 1.148810
v -4.351261 30.759891 1.148810
v -4.351261 30.759891 0.788503
v -4.351261 27.683902 3.001819
v -4.351261 27.683902 3.362126
v -4.351261 30.759891 3.362126
v -4.351261 30.759891 3.001819
v -4.351261 27.683902 1.148810
v -4.351261 27.683902 3.001819
v -4.351261 28.163902 3.001819
v -4.351261 28.163902 1.148810
v -4.351261 30.379891 1.148810
v -4.351261 30.379891 3.001819
v -4.351261 30.759891 3.001819
v -4.351261 30.759891 1.148810
v -4.281261 28.163902 1.148810
v -4.281261 28.163902 3.001819
v -4.281261 30.379891 3.001819
v -4.281261 30.379891 1.148810
v -4.351261 27.683902 3.362126
v -4.351261 27.683902 3.722433
v -4.351261 30.759891 3.722433
v -4.351261 30.759891 3.362126
v -4.351261 27.683902 5.575442
v -4.351261 27.683902 5.935749
v -4.351261 30.759891 5.935749
v -4.351261 30.759891 5.575442
v -4.351261 27.683902 3.722433
v -4.351261 27.683902 5.575442
v -4.351261 28.163902 5.575442
v -4.351261 28.163902 3.722433
v -4.351261 30.379891 3.722433
v -4.351261 30.379891 5.575442
v -4.351261 30.759891 5.575442
v -4.351261 30.759891 3.722433
v -4.281261 28.163902 3.722433
v -4.281261 28.163902 5.575442
v -4.281261 30.379891 5.575442
v -4.281261 30.379891 3.722433
v -4.351261 27.683902 5.935749
v -4.351261 27.683902 6.296056
v -4.351261 30.759891 6.296056
v -4.351261 30.759891 5.935749
v -4.351261 27.683902 8.149064
v -4.351261 27.683902 8.509372
v -4.351261 30.759891 8.509372
v -4.351261 30.759891 8.149064
v -4.351261 27.683902 6.296056
v -4.351261 27.683902 8.149064
v -4.351261 28.163902 8.149064
v -4.351261 28.163902 6.296056
v -4.351261 30.379891 6.296056
v -4.351261 30.379891 8.149064
v -4.351261 30.759891 8.149064
v -4.351261 30.759891 6.296056
v -4.281261 28.163902 6.296056
v -4.281261 28.163902 8.149064
v -4.281261 30.379891 8.149064
v -4.281261 30.379891 6.296056
v -4.351261 30.759891 -9.505988
v -4.351261 30.759891 -9.145681
v -4.351261 33.835880 -9.145681
v -4.351261 33.835880 -9.505988
v -4.351261 30.759891 -7.292672
v -4.351261 30.759891 -6.932365
v -4.351261 33.835880 -6.932365
v -4.351261 33.835880 -7.292672
v -4.351261 30.759891 -9.145681
v -4.351261 30.759891 -7.292672
v -4.351261 31.239891 -7.292672
v -4.351261 31.239891 -9.145681
v -4.351261 33.455880 -9.145681
v -4.351261 33.455880 -7.292672
v -4.351261 33.835880 -7.292672
v -4.351261 33.835880 -9.145681
v -4.281261 31.239891 -9.145681
v -4.281261 31.239891 -7.292672
v -4.281261 33.455880 -7.292672
v -4.281261 33.455880 -9.145681
v -4.351261 30.759891 -6.932365
v -4.351261 30.759891 -6.572058
v -4.351261 33.835880 -6.572058
v -4.351261 33.835880 -6.932365
v -4.351261 30.759891 -4.719050
v -4.351261 30.759891 -4.358742
v -4.351261 33.835880 -4.358742
v -4.351261 33.835880 -4.719050
v -4.351261 30.759891 -6.572058
v -4.351261 30.759891 -4.719050
v -4.351261 31.239891 -4.719050
v -4.351261 31.239891 -6.572058
v -4.351261 33.455880 -6.572058
v -4.351261 33.455880 -4.719050
v -4.351261 33.835880 -4.719050
v -4.351261 33.835880 -6.572058
v -4.281261 31.239891 -6.572058
v -4.281261 31.239891 -4.719050
v -4.281261 33.455880 -4.719050
v -4.281261 33.455880 -6.572058
v -4.351261 30.759891 -4.358742
v -4.351261 30.759891 -3.998435
v -4.351261 33.835880 -3.998435
v -4.351261 33.835880 -4.358742
v -4.351261 30.759891 -2.145427
v -4.351261 30.759891 -1.785120
v -4.351261 33.835880 -1.785120
v -4.351261 33.835880 -2.145427
v -4.351261 30.759891 -3.998435
v -4.351261 30.759891 -2.145427
v -4.351261 31.239891 -2.145427
v -4.351261 31.239891 -3.998435
v -4.351261 33.455880 -3.998435
v -4.351261 33.455880 -2.145427
v -4.351261 33.835880 -2.145427
v -4.351261 33.835880 -3.998435
v -4.281261 31.239891 -3.998435
v -4.281261 31.239891 -2.145427
v -4.281261 33.455880 -2.145427
v -4.281261 33.455880 -3.998435
v -4.351261 30.759891 -1.785120
v -4.351261 30.759891 -1.424812
v -4.351261 33.835880 -1.424812
v -4.351261 33.835880 -1.785120
v -4.351261 30.759891 0.428196
v -4.351261 30.759891 0.788503
v -4.351261 33.835880 0.788503
v -4.351261 33.835880 0.428196
v -4.351261 30.759891 -1.424812
v -4.351261 30.759891 0.428196
v -4.351261 31.239891 0.428196
v -4.351261 31.239891 -1.424812
v -4.351261 33.455880 -1.424812
v -4.351261 33.455880 0.428196
v -4.351261 33.835880 0.428196
v -4.351261 33.835880 -1.424812
v -4.281261 31.239891 -1.424812
v -4.281261 31.239891 0.428196
v -4.281261 33.455880 0.428196
v -4.281261 33.455880 -1.424812
v -4.351261 30.759891 0.788503
v -4.351261 30.759891 1.148810
v -4.351261 33.835880 1.148810
v -4.351261 33.835880 0.788503
v -4.351261 30.759891 3.001819
v -4.351261 30.759891 3.362126
v -4.351261 33.835880 3.362126
v -4.351261 33.835880 3.001819
v -4.351261 30.759891 1.148810
v -4.351261 30.759891 3.001819
v -4.351261 31.239891 3.001819
v -4.351261 31.239891 1.148810
v -4.351261 33.455880 1.148810
v -4.351261 33.455880 3.001819
v -4.351261 33.835880 3.001819
v -4.351261 33.835880 1.148810
v -4.281261 31.239891 1.148810
v -4.281261 31.239891 3.001819
v -4.281261 33.455880 3.001819
v -4.281261 33.455880 1.148810
v -4.351261 30.759891 3.362126
v -4.351261 30.759891 3.722433
v -4.351261 33.835880 3.722433
v -4.351261 33.835880 3.362126
v -4.351261 30.759891 5.575442
v -4.351261 30.759891 5.935749
v -4.351261 33.835880 5.935749
v -4.351261 33.835880 5.575442
v -4.351261 30.759891 3.722433
v -4.351261 30.759891 5.575442
v -4.351261 31.239891 5.575442
v -4.351261 31.239891 3.722433
v -4.351261 33.455880 3.722433
v -4.351261 33.455880 5.575442
v -4.351261 33.835880 5.575442
v -4.351261 33.835880 3.722433
v -4.281261 31.239891 3.722433
v -4.281261 31.239891 5.575442
v -4.281261 33.455880 5.575442
v -4.281261 33.455880 3.722433
v -4.351261 30.759891 5.935749
v -4.351261 30.759891 6.296056
v -4.351261 33.835880 6.296056
v -4.351261 33.835880 5.935749
v -4.351261 30.759891 8.149064
v -4.351261 30.759891 8.509372
v -4.351261 33.835880 8.509372
v -4.351261 33.835880 8.149064
v -4.351261 30.759891 6.296056
v -4.351261 30.759891 8.149064
v -4.351261 31.239891 8.149064
v -4.351261 31.239891 6.296056
v -4.351261 33.455880 6.296056
v -4.351261 33.455880 8.149064
v -4.351261 33.835880 8.149064
v -4.351261 33.835880 6.296056
v -4.281261 31.239891 6.296056
v -4.281261 31.239891 8.149064
v -4.281261 33.455880 8.149064
v -4.281261 33.455880 6.296056
v -4.351261 12.253956 8.509372
v 5.976497 12.253956 8.509372
v 5.976497 12.353956 8.509372
v -4.351261 12.353956 8.509372
v 5.976497 12.253956 -9.505988
v -4.351261 12.253956 -9.505988
v -4.351261 12.353956 -9.505988
v 5.976497 12.353956 -9.505988
v 5.976497 12.253956 8.509372
v 5.976497 12.253956 -9.505988
v 5.976497 12.353956 -9.505988
v 5.976497 12.353956 8.509372
v -4.351261 12.253956 -9.505988
v -4.351261 12.253956 8.509372
v -4.351261 12.353956 8.509372
v -4.351261 12.353956 -9.505988
v -4.351261 12.353956 8.509372
v 5.976497 12.353956 8.509372
v 5.976497 12.353956 -9.505988
v -4.351261 12.353956 -9.505988
v -4.351261 12.253956 -9.505988
v 5.976497 12.253956 -9.505988
v 5.976497 12.253956 8.509372
v -4.351261 12.253956 8.509372
v -4.351261 18.405934 8.509372
v 5.976497 18.405934 8.509372
v 5.976497 18.505934 8.509372
v -4.351261 18.505934 8.509372
v 5.976497 18.405934 -9.505988
v -4.351261 18.405934 -9.505988
v -4.351261 18.505934 -9.505988
v 5.976497 18.505934 -9.505988
v 5.976497 18.405934 8.509372
v 5.976497 18.405934 -9.505988
v 5.976497 18.505934 -9.505988
v 5.976497 18.505934 8.509372
v -4.351261 18.405934 -9.505988
v -4.351261 18.405934 8.509372
v -4.351261 18.505934 8.509372
v -4.351261 18.505934 -9.505988
v -4.351261 18.505934 8.509372
v 5.976497 18.505934 8.509372
v 5.976497 18.505934 -9.505988
v -4.351261 18.505934 -9.505988
v -4.351261 18.405934 -9.505988
v 5.976497 18.405934 -9.505988
v 5.976497 18.405934 8.509372
v -4.351261 18.405934 8.509372
v -4.351261 24.557913 8.509372
v 5.976497 24.557913 8.509372
v 5.976497 24.657913 8.509372
v -4.351261 24.657913 8.509372
v 5.976497 24.557913 -9.505988
v -4.351261 24.557913 -9.505988
v -4.351261 24.657913 -9.505988
v 5.976497 24.657913 -9.505988
v 5.976497 24.557913 8.509372
v 5.976497 24.557913 -9.505988
v 5.976497 24.657913 -9.505988
v 5.976497 24.657913 8.509372
v -4.351261 24.557913 -9.505988
v -4.351261 24.557913 8.509372
v -4.351261 24.657913 8.509372
v -4.351261 24.657913 -9.505988
v -4.351261 24.657913 8.509372
v 5.976497 24.657913 8.509372
v 5.976497 24.657913 -9.505988
v -4.351261 24.657913 -9.505988
v -4.351261 24.557913 -9.505988
v 5.976497 24.557913 -9.505988
v 5.976497 24.557913 8.509372
v -4.351261 24.557913 8.509372
v -4.351261 30.709891 8.509372
v 5.976497 30.709891 8.509372
v 5.976497 30.809891 8.509372
v -4.351261 30.809891 8.509372
v 5.976497 30.709891 -9.505988
v -4.351261 30.709891 -9.505988
v -4.351261 30.809891 -9.505988
v 5.976497 30.809891 -9.505988
v 5.976497 30.709891 8.509372
v 5.976497 30.709891 -9.505988
v 5.976497 30.809891 -9.505988
v 5.976497 30.809891 8.509372
v -4.351261 30.709891 -9.505988
v -4.351261 30.709891 8.509372
v -4.351261 30.809891 8.509372
v -4.351261 30.809891 -9.505988
v -4.351261 30.809891 8.509372
v 5.976497 30.809891 8.509372
v 5.976497 30.809891 -9.505988
v -4.351261 30.809891 -9.505988
v -4.351261 30.709891 -9.505988
v 5.976497 30.709891 -9.505988
v 5.976497 30.709891 8.509372
v -4.351261 30.709891 8.509372
v -4.351261 33.835880 -9.505988
v 5.976497 33.835880 -9.505988
v 5.976497 33.835880 8.509372
v -4.351261 33.835880 8.509372
v -4.351261 6.151978 -9.305988
v -4.151261 6.151978 -9.305988
v -4.151261 33.835880 -9.305988
v -4.351261 33.835880 -9.305988
v -4.151261 6.151978 -9.505988
v -4.351261 6.151978 -9.505988
v -4.351261 33.835880 -9.505988
v -4.151261 33.835880 -9.505988
v -4.151261 6.151978 -9.305988
v -4.151261 6.151978 -9.505988
v -4.151261 33.835880 -9.505988
v -4.151261 33.835880 -9.305988
v -4.351261 6.151978 -9.505988
v -4.351261 6.151978 -9.305988
v -4.351261 33.835880 -9.305988
v -4.351261 33.835880 -9.505988
v -4.351261 33.835880 -9.305988
v -4.151261 33.835880 -9.305988
v -4.151261 33.835880 -9.505988
v -4.351261 33.835880 -9.505988
v -4.351261 6.151978 -9.505988
v -4.151261 6.151978 -9.505988
v -4.151261 6.151978 -9.305988
v -4.351261 6.151978 -9.305988
v -4.351261 6.151978 8.509372
v -4.151261 6.151978 8.509372
v -4.151261 33.835880 8.509372
v -4.351261 33.835880 8.509372
v -4.151261 6.151978 8.309372
v -4.351261 6.151978 8.309372
v -4.351261 33.835880 8.309372
v -4.151261 33.835880 8.309372
v -4.151261 6.151978 8.509372
v -4.151261 6.151978 8.309372
v -4.151261 33.835880 8.309372
v -4.151261 33.835880 8.509372
v -4.351261 6.151978 8.309372
v -4.351261 6.151978 8.509372
v -4.351261 33.835880 8.509372
v -4.351261 33.835880 8.309372
v -4.351261 33.835880 8.509372
v -4.151261 33.835880 8.509372
v -4.151261 33.835880 8.309372
v -4.351261 33.835880 8.309372
v -4.351261 6.151978 8.309372
v -4.151261 6.151978 8.309372
v -4.151261 6.151978 8.509372
v -4.351261 6.151978 8.509372
v 5.776497 6.151978 -9.305988
v 5.976497 6.151978 -9.305988
v 5.976497 33.835880 -9.305988
v 5.776497 33.835880 -9.305988
v 5.976497 6.151978 -9.505988
v 5.776497 6.151978 -9.505988
v 5.776497 33.835880 -9.505988
v 5.976497 33.835880 -9.505988
v 5.976497 6.151978 -9.305988
v 5.976497 6.151978 -9.505988
v 5.976497 33.835880 -9.505988
v 5.976497 33.835880 -9.305988
v 5.776497 6.151978 -9.505988
v 5.776497 6.151978 -9.305988
v 5.776497 33.835880 -9.305988
v 5.776497 33.835880 -9.505988
v 5.776497 33.835880 -9.305988
v 5.976497 33.835880 -9.305988
v 5.976497 33.835880 -9.505988
v 5.776497 33.835880 -9.505988
v 5.776497 6.151978 -9.505988
v 5.976497 6.151978 -9.505988
v 5.976497 6.151978 -9.305988
v 5.776497 6.151978 -9.305988
v 5.776497 6.151978 8.509372
v 5.976497 6.151978 8.509372
v 5.976497 33.835880 8.509372
v 5.776497 33.835880 8.509372
v 5.976497 6.151978 8.309372
v 5.776497 6.151978 8.309372
v 5.776497 33.835880 8.309372
v 5.976497 33.835880 8.309372
v 5.976497 6.151978 8.509372
v 5.976497 6.151978 8.309372
v 5.976497 33.835880 8.309372
v 5.976497 33.835880 8.509372
v 5.776497 6.151978 8.309372
v 5.776497 6.151978 8.509372
v 5.776497 33.835880 8.509372
v 5.776497 33.835880 8.309372
v 5.776497 33.835880 8.509372
v 5.976497 33.835880 8.509372
v 5.976497 33.835880 8.309372
v 5.776497 33.835880 8.309372
v 5.776497 6.151978 8.309372
v 5.976497 6.151978 8.309372
v 5.976497 6.151978 8.509372
v 5.776497 6.151978 8.509372
v -2.965830 33.835880 6.661642
v -2.701338 33.835880 6.661642
v -2.701338 36.911869 6.661642
v -2.965830 36.911869 6.661642
v -1.341097 33.835880 6.661642
v -1.076606 33.835880 6.661642
v -1.076606 36.911869 6.661642
v -1.341097 36.911869 6.661642
v -2.701338 33.835880 6.661642
v -1.341097 33.835880 6.661642
v -1.341097 34.315880 6.661642
v -2.701338 34.315880 6.661642
v -2.701338 36.531869 6.661642
v -1.341097 36.531869 6.661642
v -1.341097 36.911869 6.661642
v -2.701338 36.911869 6.661642
v -2.701338 34.315880 6.591642
v -1.341097 34.315880 6.591642
v -1.341097 36.531869 6.591642
v -2.701338 36.531869 6.591642
v -1.076606 33.835880 6.661642
v -0.812115 33.835880 6.661642
v -0.812115 36.911869 6.661642
v -1.076606 36.911869 6.661642
v 0.548127 33.835880 6.661642
v 0.812618 33.835880 6.661642
v 0.812618 36.911869 6.661642
v 0.548127 36.911869 6.661642
v -0.812115 33.835880 6.661642
v 0.548127 33.835880 6.661642
v 0.548127 34.315880 6.661642
v -0.812115 34.315880 6.661642
v -0.812115 36.531869 6.661642
v 0.548127 36.531869 6.661642
v 0.548127 36.911869 6.661642
v -0.812115 36.911869 6.661642
v -0.812115 34.315880 6.591642
v 0.548127 34.315880 6.591642
v 0.548127 36.531869 6.591642
v -0.812115 36.531869 6.591642
v 0.812618 33.835880 6.661642
v 1.077109 33.835880 6.661642
v 1.077109 36.911869 6.661642
v 0.812618 36.911869 6.661642
v 2.437351 33.835880 6.661642
v 2.701842 33.835880 6.661642
v 2.701842 36.911869 6.661642
v 2.437351 36.911869 6.661642
v 1.077109 33.835880 6.661642
v 2.437351 33.835880 6.661642
v 2.437351 34.315880 6.661642
v 1.077109 34.315880 6.661642
v 1.077109 36.531869 6.661642
v 2.437351 36.531869 6.661642
v 2.437351 36.911869 6.661642
v 1.077109 36.911869 6.661642
v 1.077109 34.315880 6.591642
v 2.437351 34.315880 6.591642
v 2.437351 36.531869 6.591642
v 1.077109 36.531869 6.591642
v 2.701842 33.835880 6.661642
v 2.966333 33.835880 6.661642
v 2.966333 36.911869 6.661642
v 2.701842 36.911869 6.661642
v 4.326574 33.835880 6.661642
v 4.591066 33.835880 6.661642
v 4.591066 36.911869 6.661642
v 4.326574 36.911869 6.661642
v 2.966333 33.835880 6.661642
v 4.326574 33.835880 6.661642
v 4.326574 34.315880 6.661642
v 2.966333 34.315880 6.661642
v 2.966333 36.531869 6.661642
v 4.326574 36.531869 6.661642
v 4.326574 36.911869 6.661642
v 2.966333 36.911869 6.661642
v 2.966333 34.315880 6.591642
v 4.326574 34.315880 6.591642
v 4.326574 36.531869 6.591642
v 2.966333 36.531869 6.591642
v -2.965830 36.911869 6.661642
v -2.701338 36.911869 6.661642
v -2.701338 39.987858 6.661642
v -2.965830 39.987858 6.661642
v -1.341097 36.911869 6.661642
v -1.076606 36.911869 6.661642
v -1.076606 39.987858 6.661642
v -1.341097 39.987858 6.661642
v -2.701338 36.911869 6.661642
v -1.341097 36.911869 6.661642
v -1.341097 37.391869 6.661642
v -2.701338 37.391869 6.661642
v -2.701338 39.607858 6.661642
v -1.341097 39.607858 6.661642
v -1.341097 39.987858 6.661642
v -2.701338 39.987858 6.661642
v -2.701338 37.391869 6.591642
v -1.341097 37.391869 6.591642
v -1.341097 39.607858 6.591642
v -2.701338 39.607858 6.591642
v -1.076606 36.911869 6.661642
v -0.812115 36.911869 6.661642
v -0.812115 39.987858 6.661642
v -1.076606 39.987858 6.661642
v 0.548127 36.911869 6.661642
v 0.812618 36.911869 6.661642
v 0.812618 39.987858 6.661642
v 0.548127 39.987858 6.661642
v -0.812115 36.911869 6.661642
v 0.548127 36.911869 6.661642
v 0.548127 37.391869 6.661642
v -0.812115 37.391869 6.661642
v -0.812115 39.607858 6.661642
v 0.548127 39.607858 6.661642
v 0.548127 39.987858 6.661642
v -0.812115 39.987858 6.661642
v -0.812115 37.391869 6.591642
v 0.548127 37.391869 6.591642
v 0.548127 39.607858 6.591642
v -0.812115 39.607858 6.591642
v 0.812618 36.911869 6.661642
v 1.077109 36.911869 6.661642
v 1.077109 39.987858 6.661642
v 0.812618 39.987858 6.661642
v 2.437351 36.911869 6.661642
v 2.701842 36.911869 6.661642
v 2.701842 39.987858 6.661642
v 2.437351 39.987858 6.661642
v 1.077109 36.911869 6.661642
v 2.437351 36.911869 6.661642
v 2.437351 37.391869 6.661642
v 1.077109 37.391869 6.661642
v 1.077109 39.607858 6.661642
v 2.437351 39.607858 6.661642
v 2.437351 39.987858 6.661642
v 1.077109 39.987858 6.661642
v 1.077109 37.391869 6.591642
v 2.437351 37.391869 6.591642
v 2.437351 39.607858 6.591642
v 1.077109 39.607858 6.591642
v 2.701842 36.911869 6.661642
v 2.966333 36.911869 6.661642
v 2.966333 39.987858 6.661642
v 2.701842 39.987858 6.661642
v 4.326574 36.911869 6.661642
v 4.591066 36.911869 6.661642
v 4.591066 39.987858 6.661642
v 4.326574 39.987858 6.661642
v 2.966333 36.911869 6.661642
v 4.326574 36.911869 6.661642
v 4.326574 37.391869 6.661642
v 2.966333 37.391869 6.661642
v 2.966333 39.607858 6.661642
v 4.326574 39.607858 6.661642
v 4.326574 39.987858 6.661642
v 2.966333 39.987858 6.661642
v 2.966333 37.391869 6.591642
v 4.326574 37.391869 6.591642
v 4.326574 39.607858 6.591642
v 2.966333 39.607858 6.591642
v 4.591066 33.835880 -7.658259
v 4.326574 33.835880 -7.658259
v 4.326574 36.911869 -7.658259
v 4.591066 36.911869 -7.658259
v 2.966333 33.835880 -7.658259
v 2.701842 33.835880 -7.658259
v 2.701842 36.911869 -7.658259
v 2.966333 36.911869 -7.658259
v 4.326574 33.835880 -7.658259
v 2.966333 33.835880 -7.658259
v 2.966333 34.315880 -7.658259
v 4.326574 34.315880 -7.658259
v 4.326574 36.531869 -7.658259
v 2.966333 36.531869 -7.658259
v 2.966333 36.911869 -7.658259
v 4.326574 36.911869 -7.658259
v 4.326574 34.315880 -7.588259
v 2.966333 34.315880 -7.588259
v 2.966333 36.531869 -7.588259
v 4.326574 36.531869 -7.588259
v 2.701842 33.835880 -7.658259
v 2.437351 33.835880 -7.658259
v 2.437351 36.911869 -7.658259
v 2.701842 36.911869 -7.658259
v 1.077109 33.835880 -7.658259
v 0.812618 33.835880 -7.658259
v 0.812618 36.911869 -7.658259
v 1.077109 36.911869 -7.658259
v 2.437351 33.835880 -7.658259
v 1.077109 33.835880 -7.658259
v 1.077109 34.315880 -7.658259
v 2.437351 34.315880 -7.658259
v 2.437351 36.531869 -7.658259
v 1.077109 36.531869 -7.658259
v 1.077109 36.911869 -7.658259
v 2.437351 36.911869 -7.658259
v 2.437351 34.315880 -7.588259
v 1.077109 34.315880 -7.588259
v 1.077109 36.531869 -7.588259
v 2.437351 36.531869 -7.588259
v 0.812618 33.835880 -7.658259
v 0.548127 33.835880 -7.658259
v 0.548127 36.911869 -7.658259
v 0.812618 36.911869 -7.658259
v -0.812115 33.835880 -7.658259
v -1.076606 33.835880 -7.658259
v -1.076606 36.911869 -7.658259
v -0.812115 36.911869 -7.658259
v 0.548127 33.835880 -7.658259
v -0.812115 33.835880 -7.658259
v -0.812115 34.315880 -7.658259
v 0.548127 34.315880 -7.658259
v 0.548127 36.531869 -7.658259
v -0.812115 36.531869 -7.658259
v -0.812115 36.911869 -7.658259
v 0.548127 36.911869 -7.658259
v 0.548127 34.315880 -7.588259
v -0.812115 34.315880 -7.588259
v -0.812115 36.531869 -7.588259
v 0.548127 36.531869 -7.588259
v -1.076606 33.835880 -7.658259
v -1.341097 33.835880 -7.658259
v -1.341097 36.911869 -7.658259
v -1.076606 36.911869 -7.658259
v -2.701338 33.835880 -7.658259
v -2.965830 33.835880 -7.658259
v -2.965830 36.911869 -7.658259
v -2.701338 36.911869 -7.658259
v -1.341097 33.835880 -7.658259
v -2.701338 33.835880 -7.658259
v -2.701338 34.315880 -7.658259
v -1.341097 34.315880 -7.658259
v -1.341097 36.531869 -7.658259
v -2.701338 36.531869 -7.658259
v -2.701338 36.911869 -7.658259
v -1.341097 36.911869 -7.658259
v -1.341097 34.315880 -7.588259
v -2.701338 34.315880 -7.588259
v -2.701338 36.531869 -7.588259
v -1.341097 36.531869 -7.588259
v 4.591066 36.911869 -7.658259
v 4.326574 36.911869 -7.658259
v 4.326574 39.987858 -7.658259
v 4.591066 39.987858 -7.658259
v 2.966333 36.911869 -7.658259
v 2.701842 36.911869 -7.658259
v 2.701842 39.987858 -7.658259
v 2.966333 39.987858 -7.658259
v 4.326574 36.911869 -7.658259
v 2.966333 36.911869 -7.658259
v 2.966333 37.391869 -7.658259
v 4.326574 37.391869 -7.658259
v 4.326574 39.607858 -7.658259
v 2.966333 39.607858 -7.658259
v 2.966333 39.987858 -7.658259
v 4.326574 39.987858 -7.658259
v 4.326574 37.391869 -7.588259
v 2.966333 37.391869 -7.588259
v 2.966333 39.607858 -7.588259
v 4.326574 39.607858 -7.588259
v 2.701842 36.911869 -7.658259
v 2.437351 36.911869 -7.658259
v 2.437351 39.987858 -7.658259
v 2.701842 39.987858 -7.658259
v 1.077109 36.911869 -7.658259
v 0.812618 36.911869 -7.658259
v 0.812618 39.987858 -7.658259
v 1.077109 39.987858 -7.658259
v 2.437351 36.911869 -7.658259
v 1.077109 36.911869 -7.658259
v 1.077109 37.391869 -7.658259
v 2.437351 37.391869 -7.658259
v 2.437351 39.607858 -7.658259
v 1.077109 39.607858 -7.658259
v 1.077109 39.987858 -7.658259
v 2.437351 39.987858 -7.658259
v 2.437351 37.391869 -7.588259
v 1.077109 37.391869 -7.588259
v 1.077109 39.607858 -7.588259
v 2.437351 39.607858 -7.588259
v 0.812618 36.911869 -7.658259
v 0.548127 36.911869 -7.658259
v 0.548127 39.987858 -7.658259
v 0.812618 39.987858 -7.658259
v -0.812115 36.911869 -7.658259
v -1.076606 36.911869 -7.658259
v -1.076606 39.987858 -7.658259
v -0.812115 39.987858 -7.658259
v 0.548127 36.911869 -7.658259
v -0.812115 36.911869 -7.658259
v -0.812115 37.391869 -7.658259
v 0.548127 37.391869 -7.658259
v 0.548127 39.607858 -7.658259
v -0.812115 39.607858 -7.658259
v -0.812115 39.987858 -7.658259
v 0.548127 39.987858 -7.658259
v 0.548127 37.391869 -7.588259
v -0.812115 37.391869 -7.588259
v -0.812115 39.607858 -7.588259
v 0.548127 39.607858 -7.588259
v -1.076606 36.911869 -7.658259
v -1.341097 36.911869 -7.658259
v -1.341097 39.987858 -7.658259
v -1.076606 39.987858 -7.658259
v -2.701338 36.911869 -7.658259
v -2.965830 36.911869 -7.658259
v -2.965830 39.987858 -7.658259
v -2.701338 39.987858 -7.658259
v -1.341097 36.911869 -7.658259
v -2.701338 36.911869 -7.658259
v -2.701338 37.391869 -7.658259
v -1.341097 37.391869 -7.658259
v -1.341097 39.607858 -7.658259
v -2.701338 39.607858 -7.658259
v -2.701338 39.987858 -7.658259
v -1.341097 39.987858 -7.658259
v -1.341097 37.391869 -7.588259
v -2.701338 37.391869 -7.588259
v -2.701338 39.607858 -7.588259
v -1.341097 39.607858 -7.588259
v 4.591066 33.835880 6.661642
v 4.591066 33.835880 6.327511
v 4.591066 36.911869 6.327511
v 4.591066 36.911869 6.661642
v 4.591066 33.835880 4.609123
v 4.591066 33.835880 4.274992
v 4.591066 36.911869 4.274992
v 4.591066 36.911869 4.609123
v 4.591066 33.835880 6.327511
v 4.591066 33.835880 4.609123
v 4.591066 34.315880 4.609123
v 4.591066 34.315880 6.327511
v 4.591066 36.531869 6.327511
v 4.591066 36.531869 4.609123
v 4.591066 36.911869 4.609123
v 4.591066 36.911869 6.327511
v 4.521066 34.315880 6.327511
v 4.521066 34.315880 4.609123
v 4.521066 36.531869 4.609123
v 4.521066 36.531869 6.327511
v 4.591066 33.835880 4.274992
v 4.591066 33.835880 3.940861
v 4.591066 36.911869 3.940861
v 4.591066 36.911869 4.274992
v 4.591066 33.835880 2.222473
v 4.591066 33.835880 1.888342
v 4.591066 36.911869 1.888342
v 4.591066 36.911869 2.222473
v 4.591066 33.835880 3.940861
v 4.591066 33.835880 2.222473
v 4.591066 34.315880 2.222473
v 4.591066 34.315880 3.940861
v 4.591066 36.531869 3.940861
v 4.591066 36.531869 2.222473
v 4.591066 36.911869 2.222473
v 4.591066 36.911869 3.940861
v 4.521066 34.315880 3.940861
v 4.521066 34.315880 2.222473
v 4.521066 36.531869 2.222473
v 4.521066 36.531869 3.940861
v 4.591066 33.835880 1.888342
v 4.591066 33.835880 1.554211
v 4.591066 36.911869 1.554211
v 4.591066 36.911869 1.888342
v 4.591066 33.835880 -0.164177
v 4.591066 33.835880 -0.498308
v 4.591066 36.911869 -0.498308
v 4.591066 36.911869 -0.164177
v 4.591066 33.835880 1.554211
v 4.591066 33.835880 -0.164177
v 4.591066 34.315880 -0.164177
v 4.591066 34.315880 1.554211
v 4.591066 36.531869 1.554211
v 4.591066 36.531869 -0.164177
v 4.591066 36.911869 -0.164177
v 4.591066 36.911869 1.554211
v 4.521066 34.315880 1.554211
v 4.521066 34.315880 -0.164177
v 4.521066 36.531869 -0.164177
v 4.521066 36.531869 1.554211
v 4.591066 33.835880 -0.498308
v 4.591066 33.835880 -0.832439
v 4.591066 36.911869 -0.832439
v 4.591066 36.911869 -0.498308
v 4.591066 33.835880 -2.550827
v 4.591066 33.835880 -2.884958
v 4.591066 36.911869 -2.884958
v 4.591066 36.911869 -2.550827
v 4.591066 33.835880 -0.832439
v 4.591066 33.835880 -2.550827
v 4.591066 34.315880 -2.550827
v 4.591066 34.315880 -0.832439
v 4.591066 36.531869 -0.832439
v 4.591066 36.531869 -2.550827
v 4.591066 36.911869 -2.550827
v 4.591066 36.911869 -0.832439
v 4.521066 34.315880 -0.832439
v 4.521066 34.315880 -2.550827
v 4.521066 36.531869 -2.550827
v 4.521066 36.531869 -0.832439
v 4.591066 33.835880 -2.884958
v 4.591066 33.835880 -3.219089
v 4.591066 36.911869 -3.219089
v 4.591066 36.911869 -2.884958
v 4.591066 33.835880 -4.937478
v 4.591066 33.835880 -5.271609
v 4.591066 36.911869 -5.271609
v 4.591066 36.911869 -4.937478
v 4.591066 33.835880 -3.219089
v 4.591066 33.835880 -4.937478
v 4.591066 34.315880 -4.937478
v 4.591066 34.315880 -3.219089
v 4.591066 36.531869 -3.219089
v 4.591066 36.531869 -4.937478
v 4.591066 36.911869 -4.937478
v 4.591066 36.911869 -3.219089
v 4.521066 34.315880 -3.219089
v 4.521066 34.315880 -4.937478
v 4.521066 36.531869 -4.937478
v 4.521066 36.531869 -3.219089
v 4.591066 33.835880 -5.271609
v 4.591066 33.835880 -5.605740
v 4.591066 36.911869 -5.605740
v 4.591066 36.911869 -5.271609
v 4.591066 33.835880 -7.324128
v 4.591066 33.835880 -7.658259
v 4.591066 36.911869 -7.658259
v 4.591066 36.911869 -7.324128
v 4.591066 33.835880 -5.605740
v 4.591066 33.835880 -7.324128
v 4.591066 34.315880 -7.324128
v 4.591066 34.315880 -5.605740
v 4.591066 36.531869 -5.605740
v 4.591066 36.531869 -7.324128
v 4.591066 36.911869 -7.324128
v 4.591066 36.911869 -5.605740
v 4.521066 34.315880 -5.605740
v 4.521066 34.315880 -7.324128
v 4.521066 36.531869 -7.324128
v 4.521066 36.531869 -5.605740
v 4.591066 36.911869 6.661642
v 4.591066 36.911869 6.327511
v 4.591066 39.987858 6.327511
v 4.591066 39.987858 6.661642
v 4.591066 36.911869 4.609123
v 4.591066 36.911869 4.274992
v 4.591066 39.987858 4.274992
v 4.591066 39.987858 4.609123
v 4.591066 36.911869 6.327511
v 4.591066 36.911869 4.609123
v 4.591066 37.391869 4.609123
v 4.591066 37.391869 6.327511
v 4.591066 39.607858 6.327511
v 4.591066 39.607858 4.609123
v 4.591066 39.987858 4.609123
v 4.591066 39.987858 6.327511
v 4.521066 37.391869 6.327511
v 4.521066 37.391869 4.609123
v 4.521066 39.607858 4.609123
v 4.521066 39.607858 6.327511
v 4.591066 36.911869 4.274992
v 4.591066 36.911869 3.940861
v 4.591066 39.987858 3.940861
v 4.591066 39.987858 4.274992
v 4.591066 36.911869 2.222473
v 4.591066 36.911869 1.888342
v 4.591066 39.987858 1.888342
v 4.591066 39.987858 2.222473
v 4.591066 36.911869 3.940861
v 4.591066 36.911869 2.222473
v 4.591066 37.391869 2.222473
v 4.591066 37.391869 3.940861
v 4.591066 39.607858 3.940861
v 4.591066 39.607858 2.222473
v 4.591066 39.987858 2.222473
v 4.591066 39.987858 3.940861
v 4.521066 37.391869 3.940861
v 4.521066 37.391869 2.222473
v 4.521066 39.607858 2.222473
v 4.521066 39.607858 3.940861
v 4.591066 36.911869 1.888342
v 4.591066 36.911869 1.554211
v 4.591066 39.987858 1.554211
v 4.591066 39.987858 1.888342
v 4.591066 36.911869 -0.164177
v 4.591066 36.911869 -0.498308
v 4.591066 39.987858 -0.498308
v 4.591066 39.987858 -0.164177
v 4.591066 36.911869 1.554211
v 4.591066 36.911869 -0.164177
v 4.591066 37.391869 -0.164177
v 4.591066 37.391869 1.554211
v 4.591066 39.607858 1.554211
v 4.591066 39.607858 -0.164177
v 4.591066 39.987858 -0.164177
v 4.591066 39.987858 1.554211
v 4.521066 37.391869 1.554211
v 4.521066 37.391869 -0.164177
v 4.521066 39.607858 -0.164177
v 4.521066 39.607858 1.554211
v 4.591066 36.911869 -0.498308
v 4.591066 36.911869 -0.832439
v 4.591066 39.987858 -0.832439
v 4.591066 39.987858 -0.498308
v 4.591066 36.911869 -2.550827
v 4.591066 36.911869 -2.884958
v 4.591066 39.987858 -2.884958
v 4.591066 39.987858 -2.550827
v 4.591066 36.911869 -0.832439
v 4.591066 36.911869 -2.550827
v 4.591066 37.391869 -2.550827
v 4.591066 37.391869 -0.832439
v 4.591066 39.607858 -0.832439
v 4.591066 39.607858 -2.550827
v 4.591066 39.987858 -2.550827
v 4.591066 39.987858 -0.832439
v 4.521066 37.391869 -0.832439
v 4.521066 37.391869 -2.550827
v 4.521066 39.607858 -2.550827
v 4.521066 39.607858 -0.832439
v 4.591066 36.911869 -2.884958
v 4.591066 36.911869 -3.219089
v 4.591066 39.987858 -3.219089
v 4.591066 39.987858 -2.884958
v 4.591066 36.911869 -4.937478
v 4.591066 36.911869 -5.271609
v 4.591066 39.987858 -5.271609
v 4.591066 39.987858 -4.937478
v 4.591066 36.911869 -3.219089
v 4.591066 36.911869 -4.937478
v 4.591066 37.391869 -4.937478
v 4.591066 37.391869 -3.219089
v 4.591066 39.607858 -3.219089
v 4.591066 39.607858 -4.937478
v 4.591066 39.987858 -4.937478
v 4.591066 39.987858 -3.219089
v 4.521066 37.391869 -3.219089
v 4.521066 37.391869 -4.937478
v 4.521066 39.607858 -4.937478
v 4.521066 39.607858 -3.219089
v 4.591066 36.911869 -5.271609
v 4.591066 36.911869 -5.605740
v 4.591066 39.987858 -5.605740
v 4.591066 39.987858 -5.271609
v 4.591066 36.911869 -7.324128
v 4.591066 36.911869 -7.658259
v 4.591066 39.987858 -7.658259
v 4.591066 39.987858 -7.324128
v 4.591066 36.911869 -5.605740
v 4.591066 36.911869 -7.324128
v 4.591066 37.391869 -7.324128
v 4.591066 37.391869 -5.605740
v 4.591066 39.607858 -5.605740
v 4.591066 39.607858 -7.324128
v 4.591066 39.987858 -7.324128
v 4.591066 39.987858 -5.605740
v 4.521066 37.391869 -5.605740
v 4.521066 37.391869 -7.324128
v 4.521066 39.607858 -7.324128
v 4.521066 39.607858 -5.605740
v -2.965830 33.835880 -7.658259
v -2.965830 33.835880 -7.324128
v -2.965830 36.911869 -7.324128
v -2.965830 36.911869 -7.658259
v -2.965830 33.835880 -5.605740
v -2.965830 33.835880 -5.271609
v -2.965830 36.911869 -5.271609
v -2.965830 36.911869 -5.605740
v -2.965830 33.835880 -7.324128
v -2.965830 33.835880 -5.605740
v -2.965830 34.315880 -5.605740
v -2.965830 34.315880 -7.324128
v -2.965830 36.531869 -7.324128
v -2.965830 36.531869 -5.605740
v -2.965830 36.911869 -5.605740
v -2.965830 36.911869 -7.324128
v -2.895830 34.315880 -7.324128
v -2.895830 34.315880 -5.605740
v -2.895830 36.531869 -5.605740
v -2.895830 36.531869 -7.324128
v -2.965830 33.835880 -5.271609
v -2.965830 33.835880 -4.937478
v -2.965830 36.911869 -4.937478
v -2.965830 36.911869 -5.271609
v -2.965830 33.835880 -3.219089
v -2.965830 33.835880 -2.884958
v -2.965830 36.911869 -2.884958
v -2.965830 36.911869 -3.219089
v -2.965830 33.835880 -4.937478
v -2.965830 33.835880 -3.219089
v -2.965830 34.315880 -3.219089
v -2.965830 34.315880 -4.937478
v -2.965830 36.531869 -4.937478
v -2.965830 36.531869 -3.219089
v -2.965830 36.911869 -3.219089
v -2.965830 36.911869 -4.937478
v -2.895830 34.315880 -4.937478
v -2.895830 34.315880 -3.219089
v -2.895830 36.531869 -3.219089
v -2.895830 36.531869 -4.937478
v -2.965830 33.835880 -2.884958
v -2.965830 33.835880 -2.550827
v -2.965830 36.911869 -2.550827
v -2.965830 36.911869 -2.884958
v -2.965830 33.835880 -0.832439
v -2.965830 33.835880 -0.498308
v -2.965830 36.911869 -0.498308
v -2.965830 36.911869 -0.832439
v -2.965830 33.835880 -2.550827
v -2.965830 33.835880 -0.832439
v -2.965830 34.315880 -0.832439
v -2.965830 34.315880 -2.550827
v -2.965830 36.531869 -2.550827
v -2.965830 36.531869 -0.832439
v -2.965830 36.911869 -0.832439
v -2.965830 36.911869 -2.550827
v -2.895830 34.315880 -2.550827
v -2.895830 34.315880 -0.832439
v -2.895830 36.531869 -0.832439
v -2.895830 36.531869 -2.550827
v -2.965830 33.835880 -0.498308
v -2.965830 33.835880 -0.164177
v -2.965830 36.911869 -0.164177
v -2.965830 36.911869 -0.498308
v -2.965830 33.835880 1.554211
v -2.965830 33.835880 1.888342
v -2.965830 36.911869 1.888342
v -2.965830 36.911869 1.554211
v -2.965830 33.835880 -0.164177
v -2.965830 33.835880 1.554211
v -2.965830 34.315880 1.554211
v -2.965830 34.315880 -0.164177
v -2.965830 36.531869 -0.164177
v -2.965830 36.531869 1.554211
v -2.965830 36.911869 1.554211
v -2.965830 36.911869 -0.164177
v -2.895830 34.315880 -0.164177
v -2.895830 34.315880 1.554211
v -2.895830 36.531869 1.554211
v -2.895830 36.531869 -0.164177
v -2.965830 33.835880 1.888342
v -2.965830 33.835880 2.222473
v -2.965830 36.911869 2.222473
v -2.965830 36.911869 1.888342
v -2.965830 33.835880 3.940861
v -2.965830 33.835880 4.274992
v -2.965830 36.911869 4.274992
v -2.965830 36.911869 3.940861
v -2.965830 33.835880 2.222473
v -2.965830 33.835880 3.940861
v -2.965830 34.315880 3.940861
v -2.965830 34.315880 2.222473
v -2.965830 36.531869 2.222473
v -2.965830 36.531869 3.940861
v -2.965830 36.911869 3.940861
v -2.965830 36.911869 2.222473
v -2.895830 34.315880 2.222473
v -2.895830 34.315880 3.940861
v -2.895830 36.531869 3.940861
v -2.895830 36.531869 2.222473
v -2.965830 33.835880 4.274992
v -2.965830 33.835880 4.609123
v -2.965830 36.911869 4.609123
v -2.965830 36.911869 4.274992
v -2.965830 33.835880 6.327511
v -2.965830 33.835880 6.661642
v -2.965830 36.911869 6.661642
v -2.965830 36.911869 6.327511
v -2.965830 33.835880 4.609123
v -2.965830 33.835880 6.327511
v -2.965830 34.315880 6.327511
v -2.965830 34.315880 4.609123
v -2.965830 36.531869 4.609123
v -2.965830 36.531869 6.327511
v -2.965830 36.911869 6.327511
v -2.965830 36.911869 4.609123
v -2.895830 34.315880 4.609123
v -2.895830 34.315880 6.327511
v -2.895830 36.531869 6.327511
v -2.895830 36.531869 4.609123
v -2.965830 36.911869 -7.658259
v -2.965830 36.911869 -7.324128
v -2.965830 39.987858 -7.324128
v -2.965830 39.987858 -7.658259
v -2.965830 36.911869 -5.605740
v -2.965830 36.911869 -5.271609
v -2.965830 39.987858 -5.271609
v -2.965830 39.987858 -5.605740
v -2.965830 36.911869 -7.324128
v -2.965830 36.911869 -5.605740
v -2.965830 37.391869 -5.605740
v -2.965830 37.391869 -7.324128
v -2.965830 39.607858 -7.324128
v -2.965830 39.607858 -5.605740
v -2.965830 39.987858 -5.605740
v -2.965830 39.987858 -7.324128
v -2.895830 37.391869 -7.324128
v -2.895830 37.391869 -5.605740
v -2.895830 39.607858 -5.605740
v -2.895830 39.607858 -7.324128
v -2.965830 36.911869 -5.271609
v -2.965830 36.911869 -4.937478
v -2.965830 39.987858 -4.937478
v -2.965830 39.987858 -5.271609
v -2.965830 36.911869 -3.219089
v -2.965830 36.911869 -2.884958
v -2.965830 39.987858 -2.884958
v -2.965830 39.987858 -3.219089
v -2.965830 36.911869 -4.937478
v -2.965830 36.911869 -3.219089
v -2.965830 37.391869 -3.219089
v -2.965830 37.391869 -4.937478
v -2.965830 39.607858 -4.937478
v -2.965830 39.607858 -3.219089
v -2.965830 39.987858 -3.219089
v -2.965830 39.987858 -4.937478
v -2.895830 37.391869 -4.937478
v -2.895830 37.391869 -3.219089
v -2.895830 39.607858 -3.219089
v -2.895830 39.607858 -4.937478
v -2.965830 36.911869 -2.884958
v -2.965830 36.911869 -2.550827
v -2.965830 39.987858 -2.550827
v -2.965830 39.987858 -2.884958
v -2.965830 36.911869 -0.832439
v -2.965830 36.911869 -0.498308
v -2.965830 39.987858 -0.498308
v -2.965830 39.987858 -0.832439
v -2.965830 36.911869 -2.550827
v -2.965830 36.911869 -0.832439
v -2.965830 37.391869 -0.832439
v -2.965830 37.391869 -2.550827
v -2.965830 39.607858 -2.550827
v -2.965830 39.607858 -0.832439
v -2.965830 39.987858 -0.832439
v -2.965830 39.987858 -2.550827
v -2.895830 37.391869 -2.550827
v -2.895830 37.391869 -0.832439
v -2.895830 39.607858 -0.832439
v -2.895830 39.607858 -2.550827
v -2.965830 36.911869 -0.498308
v -2.965830 36.911869 -0.164177
v -2.965830 39.987858 -0.164177
v -2.965830 39.987858 -0.498308
v -2.965830 36.911869 1.554211
v -2.965830 36.911869 1.888342
v -2.965830 39.987858 1.888342
v -2.965830 39.987858 1.554211
v -2.965830 36.911869 -0.164177
v -2.965830 36.911869 1.554211
v -2.965830 37.391869 1.554211
v -2.965830 37.391869 -0.164177
v -2.965830 39.607858 -0.164177
v -2.965830 39.607858 1.554211
v -2.965830 39.987858 1.554211
v -2.965830 39.987858 -0.164177
v -2.895830 37.391869 -0.164177
v -2.895830 37.391869 1.554211
v -2.895830 39.607858 1.554211
v -2.895830 39.607858 -0.164177
v -2.965830 36.911869 1.888342
v -2.965830 36.911869 2.222473
v -2.965830 39.987858 2.222473
v -2.965830 39.987858 1.888342
v -2.965830 36.911869 3.940861
v -2.965830 36.911869 4.274992
v -2.965830 39.987858 4.274992
v -2.965830 39.987858 3.940861
v -2.965830 36.911869 2.222473
v -2.965830 36.911869 3.940861
v -2.965830 37.391869 3.940861
v -2.965830 37.391869 2.222473
v -2.965830 39.607858 2.222473
v -2.965830 39.607858 3.940861
v -2.965830 39.987858 3.940861
v -2.965830 39.987858 2.222473
v -2.895830 37.391869 2.222473
v -2.895830 37.391869 3.940861
v -2.895830 39.607858 3.940861
v -2.895830 39.607858 2.222473
v -2.965830 36.911869 4.274992
v -2.965830 36.911869 4.609123
v -2.965830 39.987858 4.609123
v -2.965830 39.987858 4.274992
v -2.965830 36.911869 6.327511
v -2.965830 36.911869 6.661642
v -2.965830 39.987858 6.661642
v -2.965830 39.987858 6.327511
v -2.965830 36.911869 4.609123
v -2.965830 36.911869 6.327511
v -2.965830 37.391869 6.327511
v -2.965830 37.391869 4.609123
v -2.965830 39.607858 4.609123
v -2.965830 39.607858 6.327511
v -2.965830 39.987858 6.327511
v -2.965830 39.987858 4.609123
v -2.895830 37.391869 4.609123
v -2.895830 37.391869 6.327511
v -2.895830 39.607858 6.327511
v -2.895830 39.607858 4.609123
v -2.965830 39.987858 -7.658259
v 4.591066 39.987858 -7.658259
v 4.591066 39.987858 6.661642
v -2.965830 39.987858 6.661642
v -2.965830 33.835880 -7.458259
v -2.765830 33.835880 -7.458259
v -2.765830 39.987858 -7.458259
v -2.965830 39.987858 -7.458259
v -2.765830 33.835880 -7.658259
v -2.965830 33.835880 -7.658259
v -2.965830 39.987858 -7.658259
v -2.765830 39.987858 -7.658259
v -2.765830 33.835880 -7.458259
v -2.765830 33.835880 -7.658259
v -2.765830 39.987858 -7.658259
v -2.765830 39.987858 -7.458259
v -2.965830 33.835880 -7.658259
v -2.965830 33.835880 -7.458259
v -2.965830 39.987858 -7.458259
v -2.965830 39.987858 -7.658259
v -2.965830 39.987858 -7.458259
v -2.765830 39.987858 -7.458259
v -2.765830 39.987858 -7.658259
v -2.965830 39.987858 -7.658259
v -2.965830 33.835880 -7.658259
v -2.765830 33.835880 -7.658259
v -2.765830 33.835880 -7.458259
v -2.965830 33.835880 -7.458259
v -2.965830 33.835880 6.661642
v -2.765830 33.835880 6.661642
v -2.765830 39.987858 6.661642
v -2.965830 39.987858 6.661642
v -2.765830 33.835880 6.461642
v -2.965830 33.835880 6.461642
v -2.965830 39.987858 6.461642
v -2.765830 39.987858 6.461642
v -2.765830 33.835880 6.661642
v -2.765830 33.835880 6.461642
v -2.765830 39.987858 6.461642
v -2.765830 39.987858 6.661642
v -2.965830 33.835880 6.461642
v -2.965830 33.835880 6.661642
v -2.965830 39.987858 6.661642
v -2.965830 39.987858 6.461642
v -2.965830 39.987858 6.661642
v -2.765830 39.987858 6.661642
v -2.765830 39.987858 6.461642
v -2.965830 39.987858 6.461642
v -2.965830 33.835880 6.461642
v -2.765830 33.835880 6.461642
v -2.765830 33.835880 6.661642
v -2.965830 33.835880 6.661642
v 4.391066 33.835880 -7.458259
v 4.591066 33.835880 -7.458259
v 4.591066 39.987858 -7.458259
v 4.391066 39.987858 -7.458259
v 4.591066 33.835880 -7.658259
v 4.391066 33.835880 -7.658259
v 4.391066 39.987858 -7.658259
v 4.591066 39.987858 -7.658259
v 4.591066 33.835880 -7.458259
v 4.591066 33.835880 -7.658259
v 4.591066 39.987858 -7.658259
v 4.591066 39.987858 -7.458259
v 4.391066 33.835880 -7.658259
v 4.391066 33.835880 -7.458259
v 4.391066 39.987858 -7.458259
v 4.391066 39.987858 -7.658259
v 4.391066 39.987858 -7.458259
v 4.591066 39.987858 -7.458259
v 4.591066 39.987858 -7.658259
v 4.391066 39.987858 -7.658259
v 4.391066 33.835880 -7.658259
v 4.591066 33.835880 -7.658259
v 4.591066 33.835880 -7.458259
v 4.391066 33.835880 -7.458259
v 4.391066 33.835880 6.661642
v 4.591066 33.835880 6.661642
v 4.591066 39.987858 6.661642
v 4.391066 39.987858 6.661642
v 4.591066 33.835880 6.461642
v 4.391066 33.835880 6.461642
v 4.391066 39.987858 6.461642
v 4.591066 39.987858 6.461642
v 4.591066 33.835880 6.661642
v 4.591066 33.835880 6.461642
v 4.591066 39.987858 6.461642
v 4.591066 39.987858 6.661642
v 4.391066 33.835880 6.461642
v 4.391066 33.835880 6.661642
v 4.391066 39.987858 6.661642
v 4.391066 39.987858 6.461642
v 4.391066 39.987858 6.661642
v 4.591066 39.987858 6.661642
v 4.591066 39.987858 6.461642
v 4.391066 39.987858 6.461642
v 4.391066 33.835880 6.461642
v 4.591066 33.835880 6.461642
v 4.591066 33.835880 6.661642
v 4.391066 33.835880 6.661642
v -1.328502 39.287858 2.966184
v 2.953738 39.287858 2.966184
v 2.953738 39.987858 2.966184
v -1.328502 39.987858 2.966184
v 2.953738 39.287858 -3.962800
v -1.328502 39.287858 -3.962800
v -1.328502 39.987858 -3.962800
v 2.953738 39.987858 -3.962800
v 2.953738 39.287858 2.966184
v 2.953738 39.287858 -3.962800
v 2.953738 39.987858 -3.962800
v 2.953738 39.987858 2.966184
v -1.328502 39.287858 -3.962800
v -1.328502 39.287858 2.966184
v -1.328502 39.987858 2.966184
v -1.328502 39.987858 -3.962800
v -1.328502 39.987858 2.966184
v 2.953738 39.987858 2.966184
v 2.953738 39.987858 -3.962800
v -1.328502 39.987858 -3.962800
v -1.328502 39.287858 -3.962800
v 2.953738 39.287858 -3.962800
v 2.953738 39.287858 2.966184
v -1.328502 39.287858 2.966184
vn 0.0000000 0.0000000 1.0000000
vn 0.0000000 0.0000000 1.0000000
vn 0.0000000 0.0000000 1.0000000
vn 0.0000000 0.0000000 1.0000000
vn 0.0000000 0.0000000 1.0000000
vn 0.0000000 0.0000000 1.0000000
vn 0.0000000 0.0000000 1.0000000
vn 0.0000000 0.0000000 1.0000000
vn 0.0000000 0.0000000 1.0000000
vn 0.0000000 0.0000000 1.0000000
vn 0.0000000 0.0000000 1.0000000
vn 0.0000000 0.0000000 1.0000000
vn 0.0000000 0.0000000 1.0000000
vn 0.0000000 0.0000000 1.0000000
vn 0.0000000 0.0000000 1.0000000
vn 0.0000000 0.0000000 1.0000000
vn 0.0000000 0.0000000 1.0000000
vn 0.0000000 0.0000000 1.0000000
vn 0.0000000 0.0000000 1.0000000
vn 0.0000000 0.0000000 1.0000000
vn 0.0000000 0.0000000 1.0000000
vn 0.0000000 0.0000000 1.0000000
vn 0.0000000 0.0000000 1.0000000
vn 0.0000000 0.0000000 1.0000000
vn 0.0000000 0.0000000 1.0000000
vn 0.0000000 0.0000000 1.0000000
vn 0.0000000 0.0000000 1.0000000
vn 0.0000000 0.0000000 1.0000000
vn 0.0000000 0.0000000 1.0000000
vn 0.0000000 0.0000000 1.0000000
vn 0.0000000 0.0000000 1.0000000
vn 0.0000000 0.0000000 1.0000000
vn 0.0000000 0.0000000 1.0000000
vn 0.0000000 0.0000000 1.0000000
vn 0.0000000 0.0000000 1.0000000
vn 0.0000000 0.0000000 1.0000000
vn 0.0000000 0.0000000 1.0000000
vn 0.0000000 0.0000000 1.0000000
vn 0.0000000 0.0000000 1.0000000
vn 0.0000000 0.0000000 1.0000000
vn 0.0000000 0.0000000 1.0000000
vn 0.0000000 0.0000000 1.0000000
vn 0.0000000 0.0000000 1.0000000
vn 0.0000000 0.0000000 1.0000000
vn 0.0000000 0.0000000 1.0000000
vn 0.0000000 0.0000000 1.0000000
vn 0.0000000 0.0000000 1.0000000
vn 0.0000000 0.0000000 1.0000000
vn 0.0000000 0.0000000 1.0000000
vn 0.0000000 0.0000000 1.0000000
vn 0.0000000 0.0000000 -1.0000000
vn 0.0000000 0.0000000 -1.0000000
vn 0.0000000 0.0000000 -1.0000000
vn 0.0000000 0.0000000 -1.0000000
vn 0.0000000 0.0000000 -1.0000000
vn 0.0000000 0.0000000 -1.0000000
vn 0.0000000 0.0000000 -1.0000000
vn 0.0000000 0.0000000 -1.0000000
vn 0.0000000 0.0000000 -1.0000000
vn 0.0000000 0.0000000 -1.0000000
vn 0.0000000 0.0000000 -1.0000000
vn 0.0000000 0.0000000 -1.0000000
vn 0.0000000 0.0000000 -1.0000000
vn 0.0000000 0.0000000 -1.0000000
vn 0.0000000 0.0000000 -1.0000000
vn 0.0000000 0.0000000 -1.0000000
vn 0.0000000 0.0000000 -1.0000000
vn 0.0000000 0.0000000 -1.0000000
vn 0.0000000 0.0000000 -1.0000000
vn 0.0000000 0.0000000 -1.0000000
vn 0.0000000 0.0000000 -1.0000000
vn 0.0000000 0.0000000 -1.0000000
vn 0.0000000 0.0000000 -1.0000000
vn 0.0000000 0.0000000 -1.0000000
vn 0.0000000 0.0000000 -1.0000000
vn 0.0000000 0.0000000 -1.0000000
vn 0.0000000 0.0000000 -1.0000000
vn 0.0000000 0.0000000 -1.0000000
vn 0.0000000 0.0000000 -1.0000000
vn 0.0000000 0.0000000 -1.0000000
vn 0.0000000 0.0000000 -1.0000000
vn 0.0000000 0.0000000 -1.0000000
vn 0.0000000 0.0000000 -1.0000000
vn 0.0000000 0.0000000 -1.0000000
vn 0.0000000 0.0000000 -1.0000000
vn 0.0000000 0.0000000 -1.0000000
vn 0.0000000 0.0000000 -1.0000000
vn 0.0000000 0.0000000 -1.0000000
vn 0.0000000 0.0000000 -1.0000000
vn 0.0000000 0.0000000 -1.0000000
vn 0.0000000 0.0000000 -1.0000000
vn 0.0000000 0.0000000 -1.0000000
vn 0.0000000 0.0000000 -1.0000000
vn 0.0000000 0.0000000 -1.0000000
vn 0.0000000 0.0000000 -1.0000000
vn 0.0000000 0.0000000 -1.0000000
vn 0.0000000 0.0000000 -1.0000000
vn 0.0000000 0.0000000 -1.0000000
vn 0.0000000 0.0000000 -1.0000000
vn 0.0000000 0.0000000 -1.0000000
vn 1.0000000 0.0000000 0.0000000
vn 1.0000000 0.0000000 0.0000000
vn 1.0000000 0.0000000 0.0000000
vn 1.0000000 0.0000000 0.0000000
vn 1.0000000 0.0000000 0.0000000
vn 1.0000000 0.0000000 0.0000000
vn 1.0000000 0.0000000 0.0000000
vn 1.0000000 0.0000000 0.0000000
vn 1.0000000 0.0000000 0.0000000
vn 1.0000000 0.0000000 0.0000000
vn 1.0000000 0.0000000 0.0000000
vn 1.0000000 0.0000000 0.0000000
vn 1.0000000 0.0000000 0.0000000
vn 1.0000000 0.0000000 0.0000000
vn 1.0000000 0.0000000 0.0000000
vn 1.0000000 0.0000000 0.0000000
vn 1.0000000 0.0000000 0.0000000
vn 1.0000000 0.0000000 0.0000000
vn 1.0000000 0.0000000 0.0000000
vn 1.0000000 0.0000000 0.0000000
vn 1.0000000 0.0000000 0.0000000
vn 1.0000000 0.0000000 0.0000000
vn 1.0000000 0.0000000 0.0000000
vn 1.0000000 0.0000000 0.0000000
vn 1.0000000 0.0000000 0.0000000
vn 1.0000000 0.0000000 0.0000000
vn 1.0000000 0.0000000 0.0000000
vn 1.0000000 0.0000000 0.0000000
vn 1.0000000 0.0000000 0.0000000
vn 1.0000000 0.0000000 0.0000000
vn 1.0000000 0.0000000 0.0000000
vn 1.0000000 0.0000000 0.0000000
vn 1.0000000 0.0000000 0.0000000
vn 1.0000000 0.0000000 0.0000000
vn 1.0000000 0.0000000 0.0000000
vn 1.0000000 0.0000000 0.0000000
vn 1.0000000 0.0000000 0.0000000
vn 1.0000000 0.0000000 0.0000000
vn 1.0000000 0.0000000 0.0000000
vn 1.0000000 0.0000000 0.0000000
vn 1.0000000 0.0000000 0.0000000
vn 1.0000000 0.0000000 0.0000000
vn 1.0000000 0.0000000 0.0000000
vn 1.0000000 0.0000000 0.0000000
vn 1.0000000 0.0000000 0.0000000
vn 1.0000000 0.0000000 0.0000000
vn 1.0000000 0.0000000 0.0000000
vn 1.0000000 0.0000000 0.0000000
vn 1.0000000 0.0000000 0.0000000
vn 1.0000000 0.0000000 0.0000000
vn 1.0000000 0.0000000 0.0000000
vn 1.0000000 0.0000000 0.0000000
vn 1.0000000 0.0000000 0.0000000
vn 1.0000000 0.0000000 0.0000000
vn 1.0000000 0.0000000 0.0000000
vn 1.0000000 0.0000000 0.0000000
vn 1.0000000 0.0000000 0.0000000
vn 1.0000000 0.0000000 0.0000000
vn 1.0000000 0.0000000 0.0000000
vn 1.0000000 0.0000000 0.0000000
vn 1.0000000 0.0000000 0.0000000
vn 1.0000000 0.0000000 0.0000000
vn 1.0000000 0.0000000 0.0000000
vn 1.0000000 0.0000000 0.0000000
vn 1.0000000 0.0000000 0.0000000
vn 1.0000000 0.0000000 0.0000000
vn 1.0000000 0.0000000 0.0000000
vn 1.0000000 0.0000000 0.0000000
vn 1.0000000 0.0000000 0.0000000
vn 1.0000000 0.0000000 0.0000000
vn 1.0000000 0.0000000 0.0000000
vn 1.0000000 0.0000000 0.0000000
vn 1.0000000 0.0000000 0.0000000
vn 1.0000000 0.0000000 0.0000000
vn 1.0000000 0.0000000 0.0000000
vn 1.0000000 0.0000000 0.0000000
vn 1.0000000 0.0000000 0.0000000
vn 1.0000000 0.0000000 0.0000000
vn 1.0000000 0.0000000 0.0000000
vn 1.0000000 0.0000000 0.0000000
vn 1.0000000 0.0000000 0.0000000
vn 1.0000000 0.0000000 0.0000000
vn 1.0000000 0.0000000 0.0000000
vn 1.0000000 0.0000000 0.0000000
vn 1.0000000 0.0000000 0.0000000
vn 1.0000000 0.0000000 0.0000000
vn 1.0000000 0.0000000 0.0000000
vn 1.0000000 0.0000000 0.0000000
vn 1.0000000 0.0000000 0.0000000
vn 1.0000000 0.0000000 0.0000000
vn -1.0000000 0.0000000 0.0000000
vn -1.0000000 0.0000000 0.0000000
vn -1.0000000 0.0000000 0.0000000
vn -1.0000000 0.0000000 0.0000000
vn -1.0000000 0.0000000 0.0000000
vn -1.0000000 0.0000000 0.0000000
vn -1.0000000 0.0000000 0.0000000
vn -1.0000000 0.0000000 0.0000000
vn -1.0000000 0.0000000 0.0000000
vn -1.0000000 0.0000000 0.0000000
vn -1.0000000 0.0000000 0.0000000
vn -1.0000000 0.0000000 0.0000000
vn -1.0000000 0.0000000 0.0000000
vn -1.0000000 0.0000000 0.0000000
vn -1.0000000 0.0000000 0.0000000
vn -1.0000000 0.0000000 0.0000000
vn -1.0000000 0.0000000 0.0000000
vn -1.0000000 0.0000000 0.0000000
vn -1.0000000 0.0000000 0.0000000
vn -1.0000000 0.0000000 0.0000000
vn -1.0000000 0.0000000 0.0000000
vn -1.0000000 0.0000000 0.0000000
vn -1.0000000 0.0000000 0.0000000
vn -1.0000000 0.0000000 0.0000000
vn -1.0000000 0.0000000 0.0000000
vn -1.0000000 0.0000000 0.0000000
vn -1.0000000 0.0000000 0.0000000
vn -1.0000000 0.0000000 0.0000000
vn -1.0000000 0.0000000 0.0000000
vn -1.0000000 0.0000000 0.0000000
vn -1.0000000 0.0000000 0.0000000
vn -1.0000000 0.0000000 0.0000000
vn -1.0000000 0.0000000 0.0000000
vn -1.0000000 0.0000000 0.0000000
vn -1.0000000 0.0000000 0.0000000
vn -1.0000000 0.0000000 0.0000000
vn -1.0000000 0.0000000 0.0000000
vn -1.0000000 0.0000000 0.0000000
vn -1.0000000 0.0000000 0.0000000
vn -1.0000000 0.0000000 0.0000000
vn -1.0000000 0.0000000 0.0000000
vn -1.0000000 0.0000000 0.0000000
vn -1.0000000 0.0000000 0.0000000
vn -1.0000000 0.0000000 0.0000000
vn -1.0000000 0.0000000 0.0000000
vn -1.0000000 0.0000000 0.0000000
vn -1.0000000 0.0000000 0.0000000
vn -1.0000000 0.0000000 0.0000000
vn -1.0000000 0.0000000 0.0000000
vn -1.0000000 0.0000000 0.0000000
vn -1.0000000 0.0000000 0.0000000
vn -1.0000000 0.0000000 0.0000000
vn -1.0000000 0.0000000 0.0000000
vn -1.0000000 0.0000000 0.0000000
vn -1.0000000 0.0000000 0.0000000
vn -1.0000000 0.0000000 0.0000000
vn -1.0000000 0.0000000 0.0000000
vn -1.0000000 0.0000000 0.0000000
vn -1.0000000 0.0000000 0.0000000
vn -1.0000000 0.0000000 0.0000000
vn -1.0000000 0.0000000 0.0000000
vn -1.0000000 0.0000000 0.0000000
vn -1.0000000 0.0000000 0.0000000
vn -1.0000000 0.0000000 0.0000000
vn -1.0000000 0.0000000 0.0000000
vn -1.0000000 0.0000000 0.0000000
vn -1.0000000 0.0000000 0.0000000
vn -1.0000000 0.0000000 0.0000000
vn -1.0000000 0.0000000 0.0000000
vn -1.0000000 0.0000000 0.0000000
vn -1.0000000 0.0000000 0.0000000
vn -1.0000000 0.0000000 0.0000000
vn -1.0000000 0.0000000 0.0000000
vn -1.0000000 0.0000000 0.0000000
vn -1.0000000 0.0000000 0.0000000
vn -1.0000000 0.0000000 0.0000000
vn -1.0000000 0.0000000 0.0000000
vn -1.0000000 0.0000000 0.0000000
vn -1.0000000 0.0000000 0.0000000
vn -1.0000000 0.0000000 0.0000000
vn -1.0000000 0.0000000 0.0000000
vn -1.0000000 0.0000000 0.0000000
vn -1.0000000 0.0000000 0.0000000
vn -1.0000000 0.0000000 0.0000000
vn -1.0000000 0.0000000 0.0000000
vn -1.0000000 0.0000000 0.0000000
vn -1.0000000 0.0000000 0.0000000
vn -1.0000000 0.0000000 0.0000000
vn -1.0000000 0.0000000 0.0000000
vn -1.0000000 0.0000000 0.0000000
vn 0.0000000 -1.0000000 0.0000000
vn 0.0000000 0.0000000 1.0000000
vn 0.0000000 0.0000000 -1.0000000
vn 1.0000000 0.0000000 0.0000000
vn -1.0000000 0.0000000 0.0000000
vn -0.0000000 1.0000000 0.0000000
vn 0.0000000 -1.0000000 0.0000000
vn 0.0000000 0.0000000 1.0000000
vn 0.0000000 0.0000000 -1.0000000
vn 1.0000000 0.0000000 0.0000000
vn -1.0000000 0.0000000 0.0000000
vn -0.0000000 1.0000000 0.0000000
vn 0.0000000 -1.0000000 0.0000000
vn 0.0000000 0.0000000 1.0000000
vn 0.0000000 0.0000000 -1.0000000
vn 1.0000000 0.0000000 0.0000000
vn -1.0000000 0.0000000 0.0000000
vn -0.0000000 1.0000000 0.0000000
vn 0.0000000 -1.0000000 0.0000000
vn 0.0000000 0.0000000 1.0000000
vn 0.0000000 0.0000000 -1.0000000
vn 1.0000000 0.0000000 0.0000000
vn -1.0000000 0.0000000 0.0000000
vn -0.0000000 1.0000000 0.0000000
vn 0.0000000 -1.0000000 0.0000000
vn 0.0000000 0.0000000 1.0000000
vn 0.0000000 0.0000000 1.0000000
vn 0.0000000 0.0000000 1.0000000
vn 0.0000000 0.0000000 1.0000000
vn 0.0000000 0.0000000 1.0000000
vn 0.0000000 0.0000000 1.0000000
vn 0.0000000 0.0000000 1.0000000
vn 0.0000000 0.0000000 1.0000000
vn 0.0000000 0.0000000 1.0000000
vn 0.0000000 0.0000000 1.0000000
vn 0.0000000 0.0000000 1.0000000
vn 0.0000000 0.0000000 1.0000000
vn 0.0000000 0.0000000 1.0000000
vn 0.0000000 0.0000000 1.0000000
vn 0.0000000 0.0000000 1.0000000
vn 0.0000000 0.0000000 1.0000000
vn 0.0000000 0.0000000 1.0000000
vn 0.0000000 0.0000000 1.0000000
vn 0.0000000 0.0000000 1.0000000
vn 0.0000000 0.0000000 1.0000000
vn 0.0000000 0.0000000 1.0000000
vn 0.0000000 0.0000000 1.0000000
vn 0.0000000 0.0000000 1.0000000
vn 0.0000000 0.0000000 1.0000000
vn 0.0000000 0.0000000 1.0000000
vn 0.0000000 0.0000000 1.0000000
vn 0.0000000 0.0000000 1.0000000
vn 0.0000000 0.0000000 1.0000000
vn 0.0000000 0.0000000 1.0000000
vn 0.0000000 0.0000000 1.0000000
vn 0.0000000 0.0000000 1.0000000
vn 0.0000000 0.0000000 1.0000000
vn 0.0000000 0.0000000 1.0000000
vn 0.0000000 0.0000000 1.0000000
vn 0.0000000 0.0000000 1.0000000
vn 0.0000000 0.0000000 1.0000000
vn 0.0000000 0.0000000 1.0000000
vn 0.0000000 0.0000000 1.0000000
vn 0.0000000 0.0000000 1.0000000
vn 0.0000000 0.0000000 1.0000000
vn 0.0000000 0.0000000 1.0000000
vn 0.0000000 0.0000000 1.0000000
vn 0.0000000 0.0000000 1.0000000
vn 0.0000000 0.0000000 1.0000000
vn 0.0000000 0.0000000 1.0000000
vn 0.0000000 0.0000000 1.0000000
vn 0.0000000 0.0000000 1.0000000
vn 0.0000000 0.0000000 1.0000000
vn 0.0000000 0.0000000 1.0000000
vn 0.0000000 0.0000000 1.0000000
vn 0.0000000 0.0000000 1.0000000
vn 0.0000000 0.0000000 1.0000000
vn 0.0000000 0.0000000 1.0000000
vn 0.0000000 0.0000000 1.0000000
vn 0.0000000 0.0000000 1.0000000
vn 0.0000000 0.0000000 1.0000000
vn 0.0000000 0.0000000 1.0000000
vn 0.0000000 0.0000000 1.0000000
vn 0.0000000 0.0000000 1.0000000
vn 0.0000000 0.0000000 1.0000000
vn 0.0000000 0.0000000 1.0000000
vn 0.0000000 0.0000000 1.0000000
vn 0.0000000 0.0000000 1.0000000
vn 0.0000000 0.0000000 1.0000000
vn 0.0000000 0.0000000 1.0000000
vn 0.0000000 0.0000000 1.0000000
vn 0.0000000 0.0000000 1.0000000
vn 0.0000000 0.0000000 1.0000000
vn 0.0000000 0.0000000 1.0000000
vn 0.0000000 0.0000000 1.0000000
vn 0.0000000 0.0000000 1.0000000
vn 0.0000000 0.0000000 1.0000000
vn 0.0000000 0.0000000 1.0000000
vn 0.0000000 0.0000000 1.0000000
vn 0.0000000 0.0000000 1.0000000
vn 0.0000000 0.0000000 1.0000000
vn 0.0000000 0.0000000 1.0000000
vn 0.0000000 0.0000000 1.0000000
vn 0.0000000 0.0000000 1.0000000
vn 0.0000000 0.0000000 1.0000000
vn 0.0000000 0.0000000 1.0000000
vn 0.0000000 0.0000000 1.0000000
vn 0.0000000 0.0000000 1.0000000
vn 0.0000000 0.0000000 1.0000000
vn 0.0000000 0.0000000 1.0000000
vn 0.0000000 0.0000000 1.0000000
vn 0.0000000 0.0000000 1.0000000
vn 0.0000000 0.0000000 1.0000000
vn 0.0000000 0.0000000 1.0000000
vn 0.0000000 0.0000000 1.0000000
vn 0.0000000 0.0000000 1.0000000
vn 0.0000000 0.0000000 1.0000000
vn 0.0000000 0.0000000 1.0000000
vn 0.0000000 0.0000000 1.0000000
vn 0.0000000 0.0000000 1.0000000
vn 0.0000000 0.0000000 1.0000000
vn 0.0000000 0.0000000 1.0000000
vn 0.0000000 0.0000000 1.0000000
vn 0.0000000 0.0000000 1.0000000
vn 0.0000000 0.0000000 1.0000000
vn 0.0000000 0.0000000 1.0000000
vn 0.0000000 0.0000000 1.0000000
vn 0.0000000 0.0000000 1.0000000
vn 0.0000000 0.0000000 1.0000000
vn 0.0000000 0.0000000 1.0000000
vn 0.0000000 0.0000000 1.0000000
vn 0.0000000 0.0000000 1.0000000
vn 0.0000000 0.0000000 1.0000000
vn 0.0000000 0.0000000 1.0000000
vn 0.0000000 0.0000000 1.0000000
vn 0.0000000 0.0000000 1.0000000
vn 0.0000000 0.0000000 1.0000000
vn 0.0000000 0.0000000 1.0000000
vn 0.0000000 0.0000000 1.0000000
vn 0.0000000 0.0000000 1.0000000
vn 0.0000000 0.0000000 1.0000000
vn 0.0000000 0.0000000 1.0000000
vn 0.0000000 0.0000000 1.0000000
vn 0.0000000 0.0000000 1.0000000
vn 0.0000000 0.0000000 1.0000000
vn 0.0000000 0.0000000 1.0000000
vn 0.0000000 0.0000000 1.0000000
vn 0.0000000 0.0000000 1.0000000
vn 0.0000000 0.0000000 1.0000000
vn 0.0000000 0.0000000 1.0000000
vn 0.0000000 0.0000000 1.0000000
vn 0.0000000 0.0000000 1.0000000
vn 0.0000000 0.0000000 1.0000000
vn 0.0000000 0.0000000 1.0000000
vn 0.0000000 0.0000000 1.0000000
vn 0.0000000 0.0000000 1.0000000
vn 0.0000000 0.0000000 1.0000000
vn 0.0000000 0.0000000 1.0000000
vn 0.0000000 0.0000000 1.0000000
vn 0.0000000 0.0000000 1.0000000
vn 0.0000000 0.0000000 1.0000000
vn 0.0000000 0.0000000 1.0000000
vn 0.0000000 0.0000000 1.0000000
vn 0.0000000 0.0000000 1.0000000
vn 0.0000000 0.0000000 1.0000000
vn 0.0000000 0.0000000 1.0000000
vn 0.0000000 0.0000000 1.0000000
vn 0.0000000 0.0000000 1.0000000
vn 0.0000000 0.0000000 1.0000000
vn 0.0000000 0.0000000 1.0000000
vn 0.0000000 0.0000000 1.0000000
vn 0.0000000 0.0000000 1.0000000
vn 0.0000000 0.0000000 1.0000000
vn 0.0000000 0.0000000 1.0000000
vn 0.0000000 0.0000000 1.0000000
vn 0.0000000 0.0000000 1.0000000
vn 0.0000000 0.0000000 1.0000000
vn 0.0000000 0.0000000 1.0000000
vn 0.0000000 0.0000000 1.0000000
vn 0.0000000 0.0000000 1.0000000
vn 0.0000000 0.0000000 1.0000000
vn 0.0000000 0.0000000 1.0000000
vn 0.0000000 0.0000000 1.0000000
vn 0.0000000 0.0000000 1.0000000
vn 0.0000000 0.0000000 1.0000000
vn 0.0000000 0.0000000 1.0000000
vn 0.0000000 0.0000000 1.0000000
vn 0.0000000 0.0000000 1.0000000
vn 0.0000000 0.0000000 1.0000000
vn 0.0000000 0.0000000 1.0000000
vn 0.0000000 0.0000000 1.0000000
vn 0.0000000 0.0000000 1.0000000
vn 0.0000000 0.0000000 1.0000000
vn 0.0000000 0.0000000 1.0000000
vn 0.0000000 0.0000000 1.0000000
vn 0.0000000 0.0000000 1.0000000
vn 0.0000000 0.0000000 1.0000000
vn 0.0000000 0.0000000 1.0000000
vn 0.0000000 0.0000000 1.0000000
vn 0.0000000 0.0000000 1.0000000
vn 0.0000000 0.0000000 1.0000000
vn 0.0000000 0.0000000 1.0000000
vn 0.0000000 0.0000000 1.0000000
vn 0.0000000 0.0000000 1.0000000
vn 0.0000000 0.0000000 1.0000000
vn 0.0000000 0.0000000 -1.0000000
vn 0.0000000 0.0000000 -1.0000000
vn 0.0000000 0.0000000 -1.0000000
vn 0.0000000 0.0000000 -1.0000000
vn 0.0000000 0.0000000 -1.0000000
vn 0.0000000 0.0000000 -1.0000000
vn 0.0000000 0.0000000 -1.0000000
vn 0.0000000 0.0000000 -1.0000000
vn 0.0000000 0.0000000 -1.0000000
vn 0.0000000 0.0000000 -1.0000000
vn 0.0000000 0.0000000 -1.0000000
vn 0.0000000 0.0000000 -1.0000000
vn 0.0000000 0.0000000 -1.0000000
vn 0.0000000 0.0000000 -1.0000000
vn 0.0000000 0.0000000 -1.0000000
vn 0.0000000 0.0000000 -1.0000000
vn 0.0000000 0.0000000 -1.0000000
vn 0.0000000 0.0000000 -1.0000000
vn 0.0000000 0.0000000 -1.0000000
vn 0.0000000 0.0000000 -1.0000000
vn 0.0000000 0.0000000 -1.0000000
vn 0.0000000 0.0000000 -1.0000000
vn 0.0000000 0.0000000 -1.0000000
vn 0.0000000 0.0000000 -1.0000000
vn 0.0000000 0.0000000 -1.0000000
vn 0.0000000 0.0000000 -1.0000000
vn 0.0000000 0.0000000 -1.0000000
vn 0.0000000 0.0000000 -1.0000000
vn 0.0000000 0.0000000 -1.0000000
vn 0.0000000 0.0000000 -1.0000000
vn 0.0000000 0.0000000 -1.0000000
vn 0.0000000 0.0000000 -1.0000000
vn 0.0000000 0.0000000 -1.0000000
vn 0.0000000 0.0000000 -1.0000000
vn 0.0000000 0.0000000 -1.0000000
vn 0.0000000 0.0000000 -1.0000000
vn 0.0000000 0.0000000 -1.0000000
vn 0.0000000 0.0000000 -1.0000000
vn 0.0000000 0.0000000 -1.0000000
vn 0.0000000 0.0000000 -1.0000000
vn 0.0000000 0.0000000 -1.0000000
vn 0.0000000 0.0000000 -1.0000000
vn 0.0000000 0.0000000 -1.0000000
vn 0.0000000 0.0000000 -1.0000000
vn 0.0000000 0.0000000 -1.0000000
vn 0.0000000 0.0000000 -1.0000000
vn 0.0000000 0.0000000 -1.0000000
vn 0.0000000 0.0000000 -1.0000000
vn 0.0000000 0.0000000 -1.0000000
vn 0.0000000 0.0000000 -1.0000000
vn 0.0000000 0.0000000 -1.0000000
vn 0.0000000 0.0000000 -1.0000000
vn 0.0000000 0.0000000 -1.0000000
vn 0.0000000 0.0000000 -1.0000000
vn 0.0000000 0.0000000 -1.0000000
vn 0.0000000 0.0000000 -1.0000000
vn 0.0000000 0.0000000 -1.0000000
vn 0.0000000 0.0000000 -1.0000000
vn 0.0000000 0.0000000 -1.0000000
vn 0.0000000 0.0000000 -1.0000000
vn 0.0000000 0.0000000 -1.0000000
vn 0.0000000 0.0000000 -1.0000000
vn 0.0000000 0.0000000 -1.0000000
vn 0.0000000 0.0000000 -1.0000000
vn 0.0000000 0.0000000 -1.0000000
vn 0.0000000 0.0000000 -1.0000000
vn 0.0000000 0.0000000 -1.0000000
vn 0.0000000 0.0000000 -1.0000000
vn 0.0000000 0.0000000 -1.0000000
vn 0.0000000 0.0000000 -1.0000000
vn 0.0000000 0.0000000 -1.0000000
vn 0.0000000 0.0000000 -1.0000000
vn 0.0000000 0.0000000 -1.0000000
vn 0.0000000 0.0000000 -1.0000000
vn 0.0000000 0.0000000 -1.0000000
vn 0.0000000 0.0000000 -1.0000000
vn 0.0000000 0.0000000 -1.0000000
vn 0.0000000 0.0000000 -1.0000000
vn 0.0000000 0.0000000 -1.0000000
vn 0.0000000 0.0000000 -1.0000000
vn 0.0000000 0.0000000 -1.0000000
vn 0.0000000 0.0000000 -1.0000000
vn 0.0000000 0.0000000 -1.0000000
vn 0.0000000 0.0000000 -1.0000000
vn 0.0000000 0.0000000 -1.0000000
vn 0.0000000 0.0000000 -1.0000000
vn 0.0000000 0.0000000 -1.0000000
vn 0.0000000 0.0000000 -1.0000000
vn 0.0000000 0.0000000 -1.0000000
vn 0.0000000 0.0000000 -1.0000000
vn 0.0000000 0.0000000 -1.0000000
vn 0.0000000 0.0000000 -1.0000000
vn 0.0000000 0.0000000 -1.0000000
vn 0.0000000 0.0000000 -1.0000000
vn 0.0000000 0.0000000 -1.0000000
vn 0.0000000 0.0000000 -1.0000000
vn 0.0000000 0.0000000 -1.0000000
vn 0.0000000 0.0000000 -1.0000000
vn 0.0000000 0.0000000 -1.0000000
vn 0.0000000 0.0000000 -1.0000000
vn 0.0000000 0.0000000 -1.0000000
vn 0.0000000 0.0000000 -1.0000000
vn 0.0000000 0.0000000 -1.0000000
vn 0.0000000 0.0000000 -1.0000000
vn 0.0000000 0.0000000 -1.0000000
vn 0.0000000 0.0000000 -1.0000000
vn 0.0000000 0.0000000 -1.0000000
vn 0.0000000 0.0000000 -1.0000000
vn 0.0000000 0.0000000 -1.0000000
vn 0.0000000 0.0000000 -1.0000000
vn 0.0000000 0.0000000 -1.0000000
vn 0.0000000 0.0000000 -1.0000000
vn 0.0000000 0.0000000 -1.0000000
vn 0.0000000 0.0000000 -1.0000000
vn 0.0000000 0.0000000 -1.0000000
vn 0.0000000 0.0000000 -1.0000000
vn 0.0000000 0.0000000 -1.0000000
vn 0.0000000 0.0000000 -1.0000000
vn 0.0000000 0.0000000 -1.0000000
vn 0.0000000 0.0000000 -1.0000000
vn 0.0000000 0.0000000 -1.0000000
vn 0.0000000 0.0000000 -1.0000000
vn 0.0000000 0.0000000 -1.0000000
vn 0.0000000 0.0000000 -1.0000000
vn 0.0000000 0.0000000 -1.0000000
vn 0.0000000 0.0000000 -1.0000000
vn 0.0000000 0.0000000 -1.0000000
vn 0.0000000 0.0000000 -1.0000000
vn 0.0000000 0.0000000 -1.0000000
vn 0.0000000 0.0000000 -1.0000000
vn 0.0000000 0.0000000 -1.0000000
vn 0.0000000 0.0000000 -1.0000000
vn 0.0000000 0.0000000 -1.0000000
vn 0.0000000 0.0000000 -1.0000000
vn 0.0000000 0.0000000 -1.0000000
vn 0.0000000 0.0000000 -1.0000000
vn 0.0000000 0.0000000 -1.0000000
vn 0.0000000 0.0000000 -1.0000000
vn 0.0000000 0.0000000 -1.0000000
vn 0.0000000 0.0000000 -1.0000000
vn 0.0000000 0.0000000 -1.0000000
vn 0.0000000 0.0000000 -1.0000000
vn 0.0000000 0.0000000 -1.0000000
vn 0.0000000 0.0000000 -1.0000000
vn 0.0000000 0.0000000 -1.0000000
vn 0.0000000 0.0000000 -1.0000000
vn 0.0000000 0.0000000 -1.0000000
vn 0.0000000 0.0000000 -1.0000000
vn 0.0000000 0.0000000 -1.0000000
vn 0.0000000 0.0000000 -1.0000000
vn 0.0000000 0.0000000 -1.0000000
vn 0.0000000 0.0000000 -1.0000000
vn 0.0000000 0.0000000 -1.0000000
vn 0.0000000 0.0000000 -1.0000000
vn 0.0000000 0.0000000 -1.0000000
vn 0.0000000 0.0000000 -1.0000000
vn 0.0000000 0.0000000 -1.0000000
vn 0.0000000 0.0000000 -1.0000000
vn 0.0000000 0.0000000 -1.0000000
vn 0.0000000 0.0000000 -1.0000000
vn 0.0000000 0.0000000 -1.0000000
vn 0.0000000 0.0000000 -1.0000000
vn 0.0000000 0.0000000 -1.0000000
vn 0.0000000 0.0000000 -1.0000000
vn 0.0000000 0.0000000 -1.0000000
vn 0.0000000 0.0000000 -1.0000000
vn 0.0000000 0.0000000 -1.0000000
vn 0.0000000 0.0000000 -1.0000000
vn 0.0000000 0.0000000 -1.0000000
vn 0.0000000 0.0000000 -1.0000000
vn 0.0000000 0.0000000 -1.0000000
vn 0.0000000 0.0000000 -1.0000000
vn 0.0000000 0.0000000 -1.0000000
vn 0.0000000 0.0000000 -1.0000000
vn 0.0000000 0.0000000 -1.0000000
vn 0.0000000 0.0000000 -1.0000000
vn 0.0000000 0.0000000 -1.0000000
vn 0.0000000 0.0000000 -1.0000000
vn 0.0000000 0.0000000 -1.0000000
vn 0.0000000 0.0000000 -1.0000000
vn 1.0000000 0.0000000 0.0000000
vn 1.0000000 0.0000000 0.0000000
vn 1.0000000 0.0000000 0.0000000
vn 1.0000000 0.0000000 0.0000000
vn 1.0000000 0.0000000 0.0000000
vn 1.0000000 0.0000000 0.0000000
vn 1.0000000 0.0000000 0.0000000
vn 1.0000000 0.0000000 0.0000000
vn 1.0000000 0.0000000 0.0000000
vn 1.0000000 0.0000000 0.0000000
vn 1.0000000 0.0000000 0.0000000
vn 1.0000000 0.0000000 0.0000000
vn 1.0000000 0.0000000 0.0000000
vn 1.0000000 0.0000000 0.0000000
vn 1.0000000 0.0000000 0.0000000
vn 1.0000000 0.0000000 0.0000000
vn 1.0000000 0.0000000 0.0000000
vn 1.0000000 0.0000000 0.0000000
vn 1.0000000 0.0000000 0.0000000
vn 1.0000000 0.0000000 0.0000000
vn 1.0000000 0.0000000 0.0000000
vn 1.0000000 0.0000000 0.0000000
vn 1.0000000 0.0000000 0.0000000
vn 1.0000000 0.0000000 0.0000000
vn 1.0000000 0.0000000 0.0000000
vn 1.0000000 0.0000000 0.0000000
vn 1.0000000 0.0000000 0.0000000
vn 1.0000000 0.0000000 0.0000000
vn 1.0000000 0.0000000 0.0000000
vn 1.0000000 0.0000000 0.0000000
vn 1.0000000 0.0000000 0.0000000
vn 1.0000000 0.0000000 0.0000000
vn 1.0000000 0.0000000 0.0000000
vn 1.0000000 0.0000000 0.0000000
vn 1.0000000 0.0000000 0.0000000
vn 1.0000000 0.0000000 0.0000000
vn 1.0000000 0.0000000 0.0000000
vn 1.0000000 0.0000000 0.0000000
vn 1.0000000 0.0000000 0.0000000
vn 1.0000000 0.0000000 0.0000000
vn 1.0000000 0.0000000 0.0000000
vn 1.0000000 0.0000000 0.0000000
vn 1.0000000 0.0000000 0.0000000
vn 1.0000000 0.0000000 0.0000000
vn 1.0000000 0.0000000 0.0000000
vn 1.0000000 0.0000000 0.0000000
vn 1.0000000 0.0000000 0.0000000
vn 1.0000000 0.0000000 0.0000000
vn 1.0000000 0.0000000 0.0000000
vn 1.0000000 0.0000000 0.0000000
vn 1.0000000 0.0000000 0.0000000
vn 1.0000000 0.0000000 0.0000000
vn 1.0000000 0.0000000 0.0000000
vn 1.0000000 0.0000000 0.0000000
vn 1.0000000 0.0000000 0.0000000
vn 1.0000000 0.0000000 0.0000000
vn 1.0000000 0.0000000 0.0000000
vn 1.0000000 0.0000000 0.0000000
vn 1.0000000 0.0000000 0.0000000
vn 1.0000000 0.0000000 0.0000000
vn 1.0000000 0.0000000 0.0000000
vn 1.0000000 0.0000000 0.0000000
vn 1.0000000 0.0000000 0.0000000
vn 1.0000000 0.0000000 0.0000000
vn 1.0000000 0.0000000 0.0000000
vn 1.0000000 0.0000000 0.0000000
vn 1.0000000 0.0000000 0.0000000
vn 1.0000000 0.0000000 0.0000000
vn 1.0000000 0.0000000 0.0000000
vn 1.0000000 0.0000000 0.0000000
vn 1.0000000 0.0000000 0.0000000
vn 1.0000000 0.0000000 0.0000000
vn 1.0000000 0.0000000 0.0000000
vn 1.0000000 0.0000000 0.0000000
vn 1.0000000 0.0000000 0.0000000
vn 1.0000000 0.0000000 0.0000000
vn 1.0000000 0.0000000 0.0000000
vn 1.0000000 0.0000000 0.0000000
vn 1.0000000 0.0000000 0.0000000
vn 1.0000000 0.0000000 0.0000000
vn 1.0000000 0.0000000 0.0000000
vn 1.0000000 0.0000000 0.0000000
vn 1.0000000 0.0000000 0.0000000
vn 1.0000000 0.0000000 0.0000000
vn 1.0000000 0.0000000 0.0000000
vn 1.0000000 0.0000000 0.0000000
vn 1.0000000 0.0000000 0.0000000
vn 1.0000000 0.0000000 0.0000000
vn 1.0000000 0.0000000 0.0000000
vn 1.0000000 0.0000000 0.0000000
vn 1.0000000 0.0000000 0.0000000
vn 1.0000000 0.0000000 0.0000000
vn 1.0000000 0.0000000 0.0000000
vn 1.0000000 0.0000000 0.0000000
vn 1.0000000 0.0000000 0.0000000
vn 1.0000000 0.0000000 0.0000000
vn 1.0000000 0.0000000 0.0000000
vn 1.0000000 0.0000000 0.0000000
vn 1.0000000 0.0000000 0.0000000
vn 1.0000000 0.0000000 0.0000000
vn 1.0000000 0.0000000 0.0000000
vn 1.0000000 0.0000000 0.0000000
vn 1.0000000 0.0000000 0.0000000
vn 1.0000000 0.0000000 0.0000000
vn 1.0000000 0.0000000 0.0000000
vn 1.0000000 0.0000000 0.0000000
vn 1.0000000 0.0000000 0.0000000
vn 1.0000000 0.0000000 0.0000000
vn 1.0000000 0.0000000 0.0000000
vn 1.0000000 0.0000000 0.0000000
vn 1.0000000 0.0000000 0.0000000
vn 1.0000000 0.0000000 0.0000000
vn 1.0000000 0.0000000 0.0000000
vn 1.0000000 0.0000000 0.0000000
vn 1.0000000 0.0000000 0.0000000
vn 1.0000000 0.0000000 0.0000000
vn 1.0000000 0.0000000 0.0000000
vn 1.0000000 0.0000000 0.0000000
vn 1.0000000 0.0000000 0.0000000
vn 1.0000000 0.0000000 0.0000000
vn 1.0000000 0.0000000 0.0000000
vn 1.0000000 0.0000000 0.0000000
vn 1.0000000 0.0000000 0.0000000
vn 1.0000000 0.0000000 0.0000000
vn 1.0000000 0.0000000 0.0000000
vn 1.0000000 0.0000000 0.0000000
vn 1.0000000 0.0000000 0.0000000
vn 1.0000000 0.0000000 0.0000000
vn 1.0000000 0.0000000 0.0000000
vn 1.0000000 0.0000000 0.0000000
vn 1.0000000 0.0000000 0.0000000
vn 1.0000000 0.0000000 0.0000000
vn 1.0000000 0.0000000 0.0000000
vn 1.0000000 0.0000000 0.0000000
vn 1.0000000 0.0000000 0.0000000
vn 1.0000000 0.0000000 0.0000000
vn 1.0000000 0.0000000 0.0000000
vn 1.0000000 0.0000000 0.0000000
vn 1.0000000 0.0000000 0.0000000
vn 1.0000000 0.0000000 0.0000000
vn 1.0000000 0.0000000 0.0000000
vn 1.0000000 0.0000000 0.0000000
vn 1.0000000 0.0000000 0.0000000
vn 1.0000000 0.0000000 0.0000000
vn 1.0000000 0.0000000 0.0000000
vn 1.0000000 0.0000000 0.0000000
vn 1.0000000 0.0000000 0.0000000
vn 1.0000000 0.0000000 0.0000000
vn 1.0000000 0.0000000 0.0000000
vn 1.0000000 0.0000000 0.0000000
vn 1.0000000 0.0000000 0.0000000
vn 1.0000000 0.0000000 0.0000000
vn 1.0000000 0.0000000 0.0000000
vn 1.0000000 0.0000000 0.0000000
vn 1.0000000 0.0000000 0.0000000
vn 1.0000000 0.0000000 0.0000000
vn 1.0000000 0.0000000 0.0000000
vn 1.0000000 0.0000000 0.0000000
vn 1.0000000 0.0000000 0.0000000
vn 1.0000000 0.0000000 0.0000000
vn 1.0000000 0.0000000 0.0000000
vn 1.0000000 0.0000000 0.0000000
vn 1.0000000 0.0000000 0.0000000
vn 1.0000000 0.0000000 0.0000000
vn 1.0000000 0.0000000 0.0000000
vn 1.0000000 0.0000000 0.0000000
vn 1.0000000 0.0000000 0.0000000
vn 1.0000000 0.0000000 0.0000000
vn 1.0000000 0.0000000 0.0000000
vn 1.0000000 0.0000000 0.0000000
vn 1.0000000 0.0000000 0.0000000
vn 1.0000000 0.0000000 0.0000000
vn 1.0000000 0.0000000 0.0000000
vn 1.0000000 0.0000000 0.0000000
vn 1.0000000 0.0000000 0.0000000
vn 1.0000000 0.0000000 0.0000000
vn 1.0000000 0.0000000 0.0000000
vn 1.0000000 0.0000000 0.0000000
vn 1.0000000 0.0000000 0.0000000
vn 1.0000000 0.0000000 0.0000000
vn 1.0000000 0.0000000 0.0000000
vn 1.0000000 0.0000000 0.0000000
vn 1.0000000 0.0000000 0.0000000
vn 1.0000000 0.0000000 0.0000000
vn 1.0000000 0.0000000 0.0000000
vn 1.0000000 0.0000000 0.0000000
vn 1.0000000 0.0000000 0.0000000
vn 1.0000000 0.0000000 0.0000000
vn 1.0000000 0.0000000 0.0000000
vn 1.0000000 0.0000000 0.0000000
vn 1.0000000 0.0000000 0.0000000
vn 1.0000000 0.0000000 0.0000000
vn 1.0000000 0.0000000 0.0000000
vn 1.0000000 0.0000000 0.0000000
vn 1.0000000 0.0000000 0.0000000
vn 1.0000000 0.0000000 0.0000000
vn 1.0000000 0.0000000 0.0000000
vn 1.0000000 0.0000000 0.0000000
vn 1.0000000 0.0000000 0.0000000
vn 1.0000000 0.0000000 0.0000000
vn 1.0000000 0.0000000 0.0000000
vn 1.0000000 0.0000000 0.0000000
vn 1.0000000 0.0000000 0.0000000
vn 1.0000000 0.0000000 0.0000000
vn 1.0000000 0.0000000 0.0000000
vn 1.0000000 0.0000000 0.0000000
vn 1.0000000 0.0000000 0.0000000
vn 1.0000000 0.0000000 0.0000000
vn 1.0000000 0.0000000 0.0000000
vn 1.0000000 0.0000000 0.0000000
vn 1.0000000 0.0000000 0.0000000
vn 1.0000000 0.0000000 0.0000000
vn 1.0000000 0.0000000 0.0000000
vn 1.0000000 0.0000000 0.0000000
vn 1.0000000 0.0000000 0.0000000
vn 1.0000000 0.0000000 0.0000000
vn 1.0000000 0.0000000 0.0000000
vn 1.0000000 0.0000000 0.0000000
vn 1.0000000 0.0000000 0.0000000
vn 1.0000000 0.0000000 0.0000000
vn 1.0000000 0.0000000 0.0000000
vn 1.0000000 0.0000000 0.0000000
vn 1.0000000 0.0000000 0.0000000
vn 1.0000000 0.0000000 0.0000000
vn 1.0000000 0.0000000 0.0000000
vn 1.0000000 0.0000000 0.0000000
vn 1.0000000 0.0000000 0.0000000
vn 1.0000000 0.0000000 0.0000000
vn 1.0000000 0.0000000 0.0000000
vn 1.0000000 0.0000000 0.0000000
vn 1.0000000 0.0000000 0.0000000
vn 1.0000000 0.0000000 0.0000000
vn 1.0000000 0.0000000 0.0000000
vn 1.0000000 0.0000000 0.0000000
vn 1.0000000 0.0000000 0.0000000
vn 1.0000000 0.0000000 0.0000000
vn 1.0000000 0.0000000 0.0000000
vn 1.0000000 0.0000000 0.0000000
vn 1.0000000 0.0000000 0.0000000
vn 1.0000000 0.0000000 0.0000000
vn 1.0000000 0.0000000 0.0000000
vn 1.0000000 0.0000000 0.0000000
vn 1.0000000 0.0000000 0.0000000
vn 1.0000000 0.0000000 0.0000000
vn 1.0000000 0.0000000 0.0000000
vn 1.0000000 0.0000000 0.0000000
vn 1.0000000 0.0000000 0.0000000
vn 1.0000000 0.0000000 0.0000000
vn 1.0000000 0.0000000 0.0000000
vn 1.0000000 0.0000000 0.0000000
vn 1.0000000 0.0000000 0.0000000
vn 1.0000000 0.0000000 0.0000000
vn 1.0000000 0.0000000 0.0000000
vn 1.0000000 0.0000000 0.0000000
vn 1.0000000 0.0000000 0.0000000
vn 1.0000000 0.0000000 0.0000000
vn 1.0000000 0.0000000 0.0000000
vn 1.0000000 0.0000000 0.0000000
vn 1.0000000 0.0000000 0.0000000
vn 1.0000000 0.0000000 0.0000000
vn 1.0000000 0.0000000 0.0000000
vn 1.0000000 0.0000000 0.0000000
vn 1.0000000 0.0000000 0.0000000
vn 1.0000000 0.0000000 0.0000000
vn 1.0000000 0.0000000 0.0000000
vn 1.0000000 0.0000000 0.0000000
vn 1.0000000 0.0000000 0.0000000
vn 1.0000000 0.0000000 0.0000000
vn 1.0000000 0.0000000 0.0000000
vn 1.0000000 0.0000000 0.0000000
vn 1.0000000 0.0000000 0.0000000
vn 1.0000000 0.0000000 0.0000000
vn 1.0000000 0.0000000 0.0000000
vn 1.0000000 0.0000000 0.0000000
vn 1.0000000 0.0000000 0.0000000
vn 1.0000000 0.0000000 0.0000000
vn 1.0000000 0.0000000 0.0000000
vn 1.0000000 0.0000000 0.0000000
vn 1.0000000 0.0000000 0.0000000
vn 1.0000000 0.0000000 0.0000000
vn 1.0000000 0.0000000 0.0000000
vn 1.0000000 0.0000000 0.0000000
vn 1.0000000 0.0000000 0.0000000
vn 1.0000000 0.0000000 0.0000000
vn 1.0000000 0.0000000 0.0000000
vn 1.0000000 0.0000000 0.0000000
vn 1.0000000 0.0000000 0.0000000
vn 1.0000000 0.0000000 0.0000000
vn 1.0000000 0.0000000 0.0000000
vn 1.0000000 0.0000000 0.0000000
vn 1.0000000 0.0000000 0.0000000
vn 1.0000000 0.0000000 0.0000000
vn 1.0000000 0.0000000 0.0000000
vn 1.0000000 0.0000000 0.0000000
vn 1.0000000 0.0000000 0.0000000
vn 1.0000000 0.0000000 0.0000000
vn 1.0000000 0.0000000 0.0000000
vn 1.0000000 0.0000000 0.0000000
vn 1.0000000 0.0000000 0.0000000
vn 1.0000000 0.0000000 0.0000000
vn 1.0000000 0.0000000 0.0000000
vn 1.0000000 0.0000000 0.0000000
vn 1.0000000 0.0000000 0.0000000
vn 1.0000000 0.0000000 0.0000000
vn 1.0000000 0.0000000 0.0000000
vn 1.0000000 0.0000000 0.0000000
vn 1.0000000 0.0000000 0.0000000
vn 1.0000000 0.0000000 0.0000000
vn 1.0000000 0.0000000 0.0000000
vn 1.0000000 0.0000000 0.0000000
vn 1.0000000 0.0000000 0.0000000
vn 1.0000000 0.0000000 0.0000000
vn 1.0000000 0.0000000 0.0000000
vn 1.0000000 0.0000000 0.0000000
vn 1.0000000 0.0000000 0.0000000
vn -1.0000000 0.0000000 0.0000000
vn -1.0000000 0.0000000 0.0000000
vn -1.0000000 0.0000000 0.0000000
vn -1.0000000 0.0000000 0.0000000
vn -1.0000000 0.0000000 0.0000000
vn -1.0000000 0.0000000 0.0000000
vn -1.0000000 0.0000000 0.0000000
vn -1.0000000 0.0000000 0.0000000
vn -1.0000000 0.0000000 0.0000000
vn -1.0000000 0.0000000 0.0000000
vn -1.0000000 0.0000000 0.0000000
vn -1.0000000 0.0000000 0.0000000
vn -1.0000000 0.0000000 0.0000000
vn -1.0000000 0.0000000 0.0000000
vn -1.0000000 0.0000000 0.0000000
vn -1.0000000 0.0000000 0.0000000
vn -1.0000000 0.0000000 0.0000000
vn -1.0000000 0.0000000 0.0000000
vn -1.0000000 0.0000000 0.0000000
vn -1.0000000 0.0000000 0.0000000
vn -1.0000000 0.0000000 0.0000000
vn -1.0000000 0.0000000 0.0000000
vn -1.0000000 0.0000000 0.0000000
vn -1.0000000 0.0000000 0.0000000
vn -1.0000000 0.0000000 0.0000000
vn -1.0000000 0.0000000 0.0000000
vn -1.0000000 0.0000000 0.0000000
vn -1.0000000 0.0000000 0.0000000
vn -1.0000000 0.0000000 0.0000000
vn -1.0000000 0.0000000 0.0000000
vn -1.0000000 0.0000000 0.0000000
vn -1.0000000 0.0000000 0.0000000
vn -1.0000000 0.0000000 0.0000000
vn -1.0000000 0.0000000 0.0000000
vn -1.0000000 0.0000000 0.0000000
vn -1.0000000 0.0000000 0.0000000
vn -1.0000000 0.0000000 0.0000000
vn -1.0000000 0.0000000 0.0000000
vn -1.0000000 0.0000000 0.0000000
vn -1.0000000 0.0000000 0.0000000
vn -1.0000000 0.0000000 0.0000000
vn -1.0000000 0.0000000 0.0000000
vn -1.0000000 0.0000000 0.0000000
vn -1.0000000 0.0000000 0.0000000
vn -1.0000000 0.0000000 0.0000000
vn -1.0000000 0.0000000 0.0000000
vn -1.0000000 0.0000000 0.0000000
vn -1.0000000 0.0000000 0.0000000
vn -1.0000000 0.0000000 0.0000000
vn -1.0000000 0.0000000 0.0000000
vn -1.0000000 0.0000000 0.0000000
vn -1.0000000 0.0000000 0.0000000
vn -1.0000000 0.0000000 0.0000000
vn -1.0000000 0.0000000 0.0000000
vn -1.0000000 0.0000000 0.0000000
vn -1.0000000 0.0000000 0.0000000
vn -1.0000000 0.0000000 0.0000000
vn -1.0000000 0.0000000 0.0000000
vn -1.0000000 0.0000000 0.0000000
vn -1.0000000 0.0000000 0.0000000
vn -1.0000000 0.0000000 0.0000000
vn -1.0000000 0.0000000 0.0000000
vn -1.0000000 0.0000000 0.0000000
vn -1.0000000 0.0000000 0.0000000
vn -1.0000000 0.0000000 0.0000000
vn -1.0000000 0.0000000 0.0000000
vn -1.0000000 0.0000000 0.0000000
vn -1.0000000 0.0000000 0.0000000
vn -1.0000000 0.0000000 0.0000000
vn -1.0000000 0.0000000 0.0000000
vn -1.0000000 0.0000000 0.0000000
vn -1.0000000 0.0000000 0.0000000
vn -1.0000000 0.0000000 0.0000000
vn -1.0000000 0.0000000 0.0000000
vn -1.0000000 0.0000000 0.0000000
vn -1.0000000 0.0000000 0.0000000
vn -1.0000000 0.0000000 0.0000000
vn -1.0000000 0.0000000 0.0000000
vn -1.0000000 0.0000000 0.0000000
vn -1.0000000 0.0000000 0.0000000
vn -1.0000000 0.0000000 0.0000000
vn -1.0000000 0.0000000 0.0000000
vn -1.0000000 0.0000000 0.0000000
vn -1.0000000 0.0000000 0.0000000
vn -1.0000000 0.0000000 0.0000000
vn -1.0000000 0.0000000 0.0000000
vn -1.0000000 0.0000000 0.0000000
vn -1.0000000 0.0000000 0.0000000
vn -1.0000000 0.0000000 0.0000000
vn -1.0000000 0.0000000 0.0000000
vn -1.0000000 0.0000000 0.0000000
vn -1.0000000 0.0000000 0.0000000
vn -1.0000000 0.0000000 0.0000000
vn -1.0000000 0.0000000 0.0000000
vn -1.0000000 0.0000000 0.0000000
vn -1.0000000 0.0000000 0.0000000
vn -1.0000000 0.0000000 0.0000000
vn -1.0000000 0.0000000 0.0000000
vn -1.0000000 0.0000000 0.0000000
vn -1.0000000 0.0000000 0.0000000
vn -1.0000000 0.0000000 0.0000000
vn -1.0000000 0.0000000 0.0000000
vn -1.0000000 0.0000000 0.0000000
vn -1.0000000 0.0000000 0.0000000
vn -1.0000000 0.0000000 0.0000000
vn -1.0000000 0.0000000 0.0000000
vn -1.0000000 0.0000000 0.0000000
vn -1.0000000 0.0000000 0.0000000
vn -1.0000000 0.0000000 0.0000000
vn -1.0000000 0.0000000 0.0000000
vn -1.0000000 0.0000000 0.0000000
vn -1.0000000 0.0000000 0.0000000
vn -1.0000000 0.0000000 0.0000000
vn -1.0000000 0.0000000 0.0000000
vn -1.0000000 0.0000000 0.0000000
vn -1.0000000 0.0000000 0.0000000
vn -1.0000000 0.0000000 0.0000000
vn -1.0000000 0.0000000 0.0000000
vn -1.0000000 0.0000000 0.0000000
vn -1.0000000 0.0000000 0.0000000
vn -1.0000000 0.0000000 0.0000000
vn -1.0000000 0.0000000 0.0000000
vn -1.0000000 0.0000000 0.0000000
vn -1.0000000 0.0000000 0.0000000
vn -1.0000000 0.0000000 0.0000000
vn -1.0000000 0.0000000 0.0000000
vn -1.0000000 0.0000000 0.0000000
vn -1.0000000 0.0000000 0.0000000
vn -1.0000000 0.0000000 0.0000000
vn -1.0000000 0.0000000 0.0000000
vn -1.0000000 0.0000000 0.0000000
vn -1.0000000 0.0000000 0.0000000
vn -1.0000000 0.0000000 0.0000000
vn -1.0000000 0.0000000 0.0000000
vn -1.0000000 0.0000000 0.0000000
vn -1.0000000 0.0000000 0.0000000
vn -1.0000000 0.0000000 0.0000000
vn -1.0000000 0.0000000 0.0000000
vn -1.0000000 0.0000000 0.0000000
vn -1.0000000 0.0000000 0.0000000
vn -1.0000000 0.0000000 0.0000000
vn -1.0000000 0.0000000 0.0000000
vn -1.0000000 0.0000000 0.0000000
vn -1.0000000 0.0000000 0.0000000
vn -1.0000000 0.0000000 0.0000000
vn -1.0000000 0.0000000 0.0000000
vn -1.0000000 0.0000000 0.0000000
vn -1.0000000 0.0000000 0.0000000
vn -1.0000000 0.0000000 0.0000000
vn -1.0000000 0.0000000 0.0000000
vn -1.0000000 0.0000000 0.0000000
vn -1.0000000 0.0000000 0.0000000
vn -1.0000000 0.0000000 0.0000000
vn -1.0000000 0.0000000 0.0000000
vn -1.0000000 0.0000000 0.0000000
vn -1.0000000 0.0000000 0.0000000
vn -1.0000000 0.0000000 0.0000000
vn -1.0000000 0.0000000 0.0000000
vn -1.0000000 0.0000000 0.0000000
vn -1.0000000 0.0000000 0.0000000
vn -1.0000000 0.0000000 0.0000000
vn -1.0000000 0.0000000 0.0000000
vn -1.0000000 0.0000000 0.0000000
vn -1.0000000 0.0000000 0.0000000
vn -1.0000000 0.0000000 0.0000000
vn -1.0000000 0.0000000 0.0000000
vn -1.0000000 0.0000000 0.0000000
vn -1.0000000 0.0000000 0.0000000
vn -1.0000000 0.0000000 0.0000000
vn -1.0000000 0.0000000 0.0000000
vn -1.0000000 0.0000000 0.0000000
vn -1.0000000 0.0000000 0.0000000
vn -1.0000000 0.0000000 0.0000000
vn -1.0000000 0.0000000 0.0000000
vn -1.0000000 0.0000000 0.0000000
vn -1.0000000 0.0000000 0.0000000
vn -1.0000000 0.0000000 0.0000000
vn -1.0000000 0.0000000 0.0000000
vn -1.0000000 0.0000000 0.0000000
vn -1.0000000 0.0000000 0.0000000
vn -1.0000000 0.0000000 0.0000000
vn -1.0000000 0.0000000 0.0000000
vn -1.0000000 0.0000000 0.0000000
vn -1.0000000 0.0000000 0.0000000
vn -1.0000000 0.0000000 0.0000000
vn -1.0000000 0.0000000 0.0000000
vn -1.0000000 0.0000000 0.0000000
vn -1.0000000 0.0000000 0.0000000
vn -1.0000000 0.0000000 0.0000000
vn -1.0000000 0.0000000 0.0000000
vn -1.0000000 0.0000000 0.0000000
vn -1.0000000 0.0000000 0.0000000
vn -1.0000000 0.0000000 0.0000000
vn -1.0000000 0.0000000 0.0000000
vn -1.0000000 0.0000000 0.0000000
vn -1.0000000 0.0000000 0.0000000
vn -1.0000000 0.0000000 0.0000000
vn -1.0000000 0.0000000 0.0000000
vn -1.0000000 0.0000000 0.0000000
vn -1.0000000 0.0000000 0.0000000
vn -1.0000000 0.0000000 0.0000000
vn -1.0000000 0.0000000 0.0000000
vn -1.0000000 0.0000000 0.0000000
vn -1.0000000 0.0000000 0.0000000
vn -1.0000000 0.0000000 0.0000000
vn -1.0000000 0.0000000 0.0000000
vn -1.0000000 0.0000000 0.0000000
vn -1.0000000 0.0000000 0.0000000
vn -1.0000000 0.0000000 0.0000000
vn -1.0000000 0.0000000 0.0000000
vn -1.0000000 0.0000000 0.0000000
vn -1.0000000 0.0000000 0.0000000
vn -1.0000000 0.0000000 0.0000000
vn -1.0000000 0.0000000 0.0000000
vn -1.0000000 0.0000000 0.0000000
vn -1.0000000 0.0000000 0.0000000
vn -1.0000000 0.0000000 0.0000000
vn -1.0000000 0.0000000 0.0000000
vn -1.0000000 0.0000000 0.0000000
vn -1.0000000 0.0000000 0.0000000
vn -1.0000000 0.0000000 0.0000000
vn -1.0000000 0.0000000 0.0000000
vn -1.0000000 0.0000000 0.0000000
vn -1.0000000 0.0000000 0.0000000
vn -1.0000000 0.0000000 0.0000000
vn -1.0000000 0.0000000 0.0000000
vn -1.0000000 0.0000000 0.0000000
vn -1.0000000 0.0000000 0.0000000
vn -1.0000000 0.0000000 0.0000000
vn -1.0000000 0.0000000 0.0000000
vn -1.0000000 0.0000000 0.0000000
vn -1.0000000 0.0000000 0.0000000
vn -1.0000000 0.0000000 0.0000000
vn -1.0000000 0.0000000 0.0000000
vn -1.0000000 0.0000000 0.0000000
vn -1.0000000 0.0000000 0.0000000
vn -1.0000000 0.0000000 0.0000000
vn -1.0000000 0.0000000 0.0000000
vn -1.0000000 0.0000000 0.0000000
vn -1.0000000 0.0000000 0.0000000
vn -1.0000000 0.0000000 0.0000000
vn -1.0000000 0.0000000 0.0000000
vn -1.0000000 0.0000000 0.0000000
vn -1.0000000 0.0000000 0.0000000
vn -1.0000000 0.0000000 0.0000000
vn -1.0000000 0.0000000 0.0000000
vn -1.0000000 0.0000000 0.0000000
vn -1.0000000 0.0000000 0.0000000
vn -1.0000000 0.0000000 0.0000000
vn -1.0000000 0.0000000 0.0000000
vn -1.0000000 0.0000000 0.0000000
vn -1.0000000 0.0000000 0.0000000
vn -1.0000000 0.0000000 0.0000000
vn -1.0000000 0.0000000 0.0000000
vn -1.0000000 0.0000000 0.0000000
vn -1.0000000 0.0000000 0.0000000
vn -1.0000000 0.0000000 0.0000000
vn -1.0000000 0.0000000 0.0000000
vn -1.0000000 0.0000000 0.0000000
vn -1.0000000 0.0000000 0.0000000
vn -1.0000000 0.0000000 0.0000000
vn -1.0000000 0.0000000 0.0000000
vn -1.0000000 0.0000000 0.0000000
vn -1.0000000 0.0000000 0.0000000
vn -1.0000000 0.0000000 0.0000000
vn -1.0000000 0.0000000 0.0000000
vn -1.0000000 0.0000000 0.0000000
vn -1.0000000 0.0000000 0.0000000
vn -1.0000000 0.0000000 0.0000000
vn -1.0000000 0.0000000 0.0000000
vn -1.0000000 0.0000000 0.0000000
vn -1.0000000 0.0000000 0.0000000
vn -1.0000000 0.0000000 0.0000000
vn -1.0000000 0.0000000 0.0000000
vn -1.0000000 0.0000000 0.0000000
vn -1.0000000 0.0000000 0.0000000
vn -1.0000000 0.0000000 0.0000000
vn -1.0000000 0.0000000 0.0000000
vn -1.0000000 0.0000000 0.0000000
vn -1.0000000 0.0000000 0.0000000
vn -1.0000000 0.0000000 0.0000000
vn -1.0000000 0.0000000 0.0000000
vn -1.0000000 0.0000000 0.0000000
vn -1.0000000 0.0000000 0.0000000
vn -1.0000000 0.0000000 0.0000000
vn -1.0000000 0.0000000 0.0000000
vn -1.0000000 0.0000000 0.0000000
vn -1.0000000 0.0000000 0.0000000
vn -1.0000000 0.0000000 0.0000000
vn -1.0000000 0.0000000 0.0000000
vn -1.0000000 0.0000000 0.0000000
vn -1.0000000 0.0000000 0.0000000
vn -1.0000000 0.0000000 0.0000000
vn -1.0000000 0.0000000 0.0000000
vn -1.0000000 0.0000000 0.0000000
vn -1.0000000 0.0000000 0.0000000
vn -1.0000000 0.0000000 0.0000000
vn -1.0000000 0.0000000 0.0000000
vn -1.0000000 0.0000000 0.0000000
vn -1.0000000 0.0000000 0.0000000
vn -1.0000000 0.0000000 0.0000000
vn -1.0000000 0.0000000 0.0000000
vn -1.0000000 0.0000000 0.0000000
vn -1.0000000 0.0000000 0.0000000
vn -1.0000000 0.0000000 0.0000000
vn -1.0000000 0.0000000 0.0000000
vn -1.0000000 0.0000000 0.0000000
vn -1.0000000 0.0000000 0.0000000
vn -1.0000000 0.0000000 0.0000000
vn -1.0000000 0.0000000 0.0000000
vn -1.0000000 0.0000000 0.0000000
vn -1.0000000 0.0000000 0.0000000
vn -1.0000000 0.0000000 0.0000000
vn -1.0000000 0.0000000 0.0000000
vn -1.0000000 0.0000000 0.0000000
vn 0.0000000 0.0000000 1.0000000
vn 0.0000000 0.0000000 -1.0000000
vn 1.0000000 0.0000000 0.0000000
vn -1.0000000 0.0000000 0.0000000
vn -0.0000000 1.0000000 0.0000000
vn 0.0000000 -1.0000000 0.0000000
vn 0.0000000 0.0000000 1.0000000
vn 0.0000000 0.0000000 -1.0000000
vn 1.0000000 0.0000000 0.0000000
vn -1.0000000 0.0000000 0.0000000
vn -0.0000000 1.0000000 0.0000000
vn 0.0000000 -1.0000000 0.0000000
vn 0.0000000 0.0000000 1.0000000
vn 0.0000000 0.0000000 -1.0000000
vn 1.0000000 0.0000000 0.0000000
vn -1.0000000 0.0000000 0.0000000
vn -0.0000000 1.0000000 0.0000000
vn 0.0000000 -1.0000000 0.0000000
vn 0.0000000 0.0000000 1.0000000
vn 0.0000000 0.0000000 -1.0000000
vn 1.0000000 0.0000000 0.0000000
vn -1.0000000 0.0000000 0.0000000
vn -0.0000000 1.0000000 0.0000000
vn 0.0000000 -1.0000000 0.0000000
vn 0.0000000 -1.0000000 0.0000000
vn 0.0000000 0.0000000 1.0000000
vn 0.0000000 0.0000000 -1.0000000
vn 1.0000000 0.0000000 0.0000000
vn -1.0000000 0.0000000 0.0000000
vn -0.0000000 1.0000000 0.0000000
vn 0.0000000 -1.0000000 0.0000000
vn 0.0000000 0.0000000 1.0000000
vn 0.0000000 0.0000000 -1.0000000
vn 1.0000000 0.0000000 0.0000000
vn -1.0000000 0.0000000 0.0000000
vn -0.0000000 1.0000000 0.0000000
vn 0.0000000 -1.0000000 0.0000000
vn 0.0000000 0.0000000 1.0000000
vn 0.0000000 0.0000000 -1.0000000
vn 1.0000000 0.0000000 0.0000000
vn -1.0000000 0.0000000 0.0000000
vn -0.0000000 1.0000000 0.0000000
vn 0.0000000 -1.0000000 0.0000000
vn 0.0000000 0.0000000 1.0000000
vn 0.0000000 0.0000000 -1.0000000
vn 1.0000000 0.0000000 0.0000000
vn -1.0000000 0.0000000 0.0000000
vn -0.0000000 1.0000000 0.0000000
vn 0.0000000 -1.0000000 0.0000000
vn 0.0000000 0.0000000 1.0000000
vn 0.0000000 0.0000000 1.0000000
vn 0.0000000 0.0000000 1.0000000
vn 0.0000000 0.0000000 1.0000000
vn 0.0000000 0.0000000 1.0000000
vn 0.0000000 0.0000000 1.0000000
vn 0.0000000 0.0000000 1.0000000
vn 0.0000000 0.0000000 1.0000000
vn 0.0000000 0.0000000 1.0000000
vn 0.0000000 0.0000000 1.0000000
vn 0.0000000 0.0000000 1.0000000
vn 0.0000000 0.0000000 1.0000000
vn 0.0000000 0.0000000 1.0000000
vn 0.0000000 0.0000000 1.0000000
vn 0.0000000 0.0000000 1.0000000
vn 0.0000000 0.0000000 1.0000000
vn 0.0000000 0.0000000 1.0000000
vn 0.0000000 0.0000000 1.0000000
vn 0.0000000 0.0000000 1.0000000
vn 0.0000000 0.0000000 1.0000000
vn 0.0000000 0.0000000 1.0000000
vn 0.0000000 0.0000000 1.0000000
vn 0.0000000 0.0000000 1.0000000
vn 0.0000000 0.0000000 1.0000000
vn 0.0000000 0.0000000 1.0000000
vn 0.0000000 0.0000000 1.0000000
vn 0.0000000 0.0000000 1.0000000
vn 0.0000000 0.0000000 1.0000000
vn 0.0000000 0.0000000 1.0000000
vn 0.0000000 0.0000000 1.0000000
vn 0.0000000 0.0000000 1.0000000
vn 0.0000000 0.0000000 1.0000000
vn 0.0000000 0.0000000 1.0000000
vn 0.0000000 0.0000000 1.0000000
vn 0.0000000 0.0000000 1.0000000
vn 0.0000000 0.0000000 1.0000000
vn 0.0000000 0.0000000 1.0000000
vn 0.0000000 0.0000000 1.0000000
vn 0.0000000 0.0000000 1.0000000
vn 0.0000000 0.0000000 1.0000000
vn 0.0000000 0.0000000 -1.0000000
vn 0.0000000 0.0000000 -1.0000000
vn 0.0000000 0.0000000 -1.0000000
vn 0.0000000 0.0000000 -1.0000000
vn 0.0000000 0.0000000 -1.0000000
vn 0.0000000 0.0000000 -1.0000000
vn 0.0000000 0.0000000 -1.0000000
vn 0.0000000 0.0000000 -1.0000000
vn 0.0000000 0.0000000 -1.0000000
vn 0.0000000 0.0000000 -1.0000000
vn 0.0000000 0.0000000 -1.0000000
vn 0.0000000 0.0000000 -1.0000000
vn 0.0000000 0.0000000 -1.0000000
vn 0.0000000 0.0000000 -1.0000000
vn 0.0000000 0.0000000 -1.0000000
vn 0.0000000 0.0000000 -1.0000000
vn 0.0000000 0.0000000 -1.0000000
vn 0.0000000 0.0000000 -1.0000000
vn 0.0000000 0.0000000 -1.0000000
vn 0.0000000 0.0000000 -1.0000000
vn 0.0000000 0.0000000 -1.0000000
vn 0.0000000 0.0000000 -1.0000000
vn 0.0000000 0.0000000 -1.0000000
vn 0.0000000 0.0000000 -1.0000000
vn 0.0000000 0.0000000 -1.0000000
vn 0.0000000 0.0000000 -1.0000000
vn 0.0000000 0.0000000 -1.0000000
vn 0.0000000 0.0000000 -1.0000000
vn 0.0000000 0.0000000 -1.0000000
vn 0.0000000 0.0000000 -1.0000000
vn 0.0000000 0.0000000 -1.0000000
vn 0.0000000 0.0000000 -1.0000000
vn 0.0000000 0.0000000 -1.0000000
vn 0.0000000 0.0000000 -1.0000000
vn 0.0000000 0.0000000 -1.0000000
vn 0.0000000 0.0000000 -1.0000000
vn 0.0000000 0.0000000 -1.0000000
vn 0.0000000 0.0000000 -1.0000000
vn 0.0000000 0.0000000 -1.0000000
vn 0.0000000 0.0000000 -1.0000000
vn 1.0000000 0.0000000 0.0000000
vn 1.0000000 0.0000000 0.0000000
vn 1.0000000 0.0000000 0.0000000
vn 1.0000000 0.0000000 0.0000000
vn 1.0000000 0.0000000 0.0000000
vn 1.0000000 0.0000000 0.0000000
vn 1.0000000 0.0000000 0.0000000
vn 1.0000000 0.0000000 0.0000000
vn 1.0000000 0.0000000 0.0000000
vn 1.0000000 0.0000000 0.0000000
vn 1.0000000 0.0000000 0.0000000
vn 1.0000000 0.0000000 0.0000000
vn 1.0000000 0.0000000 0.0000000
vn 1.0000000 0.0000000 0.0000000
vn 1.0000000 0.0000000 0.0000000
vn 1.0000000 0.0000000 0.0000000
vn 1.0000000 0.0000000 0.0000000
vn 1.0000000 0.0000000 0.0000000
vn 1.0000000 0.0000000 0.0000000
vn 1.0000000 0.0000000 0.0000000
vn 1.0000000 0.0000000 0.0000000
vn 1.0000000 0.0000000 0.0000000
vn 1.0000000 0.0000000 0.0000000
vn 1.0000000 0.0000000 0.0000000
vn 1.0000000 0.0000000 0.0000000
vn 1.0000000 0.0000000 0.0000000
vn 1.0000000 0.0000000 0.0000000
vn 1.0000000 0.0000000 0.0000000
vn 1.0000000 0.0000000 0.0000000
vn 1.0000000 0.0000000 0.0000000
vn 1.0000000 0.0000000 0.0000000
vn 1.0000000 0.0000000 0.0000000
vn 1.0000000 0.0000000 0.0000000
vn 1.0000000 0.0000000 0.0000000
vn 1.0000000 0.0000000 0.0000000
vn 1.0000000 0.0000000 0.0000000
vn 1.0000000 0.0000000 0.0000000
vn 1.0000000 0.0000000 0.0000000
vn 1.0000000 0.0000000 0.0000000
vn 1.0000000 0.0000000 0.0000000
vn 1.0000000 0.0000000 0.0000000
vn 1.0000000 0.0000000 0.0000000
vn 1.0000000 0.0000000 0.0000000
vn 1.0000000 0.0000000 0.0000000
vn 1.0000000 0.0000000 0.0000000
vn 1.0000000 0.0000000 0.0000000
vn 1.0000000 0.0000000 0.0000000
vn 1.0000000 0.0000000 0.0000000
vn 1.0000000 0.0000000 0.0000000
vn 1.0000000 0.0000000 0.0000000
vn 1.0000000 0.0000000 0.0000000
vn 1.0000000 0.0000000 0.0000000
vn 1.0000000 0.0000000 0.0000000
vn 1.0000000 0.0000000 0.0000000
vn 1.0000000 0.0000000 0.0000000
vn 1.0000000 0.0000000 0.0000000
vn 1.0000000 0.0000000 0.0000000
vn 1.0000000 0.0000000 0.0000000
vn 1.0000000 0.0000000 0.0000000
vn 1.0000000 0.0000000 0.0000000
vn -1.0000000 0.0000000 0.0000000
vn -1.0000000 0.0000000 0.0000000
vn -1.0000000 0.0000000 0.0000000
vn -1.0000000 0.0000000 0.0000000
vn -1.0000000 0.0000000 0.0000000
vn -1.0000000 0.0000000 0.0000000
vn -1.0000000 0.0000000 0.0000000
vn -1.0000000 0.0000000 0.0000000
vn -1.0000000 0.0000000 0.0000000
vn -1.0000000 0.0000000 0.0000000
vn -1.0000000 0.0000000 0.0000000
vn -1.0000000 0.0000000 0.0000000
vn -1.0000000 0.0000000 0.0000000
vn -1.0000000 0.0000000 0.0000000
vn -1.0000000 0.0000000 0.0000000
vn -1.0000000 0.0000000 0.0000000
vn -1.0000000 0.0000000 0.0000000
vn -1.0000000 0.0000000 0.0000000
vn -1.0000000 0.0000000 0.0000000
vn -1.0000000 0.0000000 0.0000000
vn -1.0000000 0.0000000 0.0000000
vn -1.0000000 0.0000000 0.0000000
vn -1.0000000 0.0000000 0.0000000
vn -1.0000000 0.0000000 0.0000000
vn -1.0000000 0.0000000 0.0000000
vn -1.0000000 0.0000000 0.0000000
vn -1.0000000 0.0000000 0.0000000
vn -1.0000000 0.0000000 0.0000000
vn -1.0000000 0.0000000 0.0000000
vn -1.0000000 0.0000000 0.0000000
vn -1.0000000 0.0000000 0.0000000
vn -1.0000000 0.0000000 0.0000000
vn -1.0000000 0.0000000 0.0000000
vn -1.0000000 0.0000000 0.0000000
vn -1.0000000 0.0000000 0.0000000
vn -1.0000000 0.0000000 0.0000000
vn -1.0000000 0.0000000 0.0000000
vn -1.0000000 0.0000000 0.0000000
vn -1.0000000 0.0000000 0.0000000
vn -1.0000000 0.0000000 0.0000000
vn -1.0000000 0.0000000 0.0000000
vn -1.0000000 0.0000000 0.0000000
vn -1.0000000 0.0000000 0.0000000
vn -1.0000000 0.0000000 0.0000000
vn -1.0000000 0.0000000 0.0000000
vn -1.0000000 0.0000000 0.0000000
vn -1.0000000 0.0000000 0.0000000
vn -1.0000000 0.0000000 0.0000000
vn -1.0000000 0.0000000 0.0000000
vn -1.0000000 0.0000000 0.0000000
vn -1.0000000 0.0000000 0.0000000
vn -1.0000000 0.0000000 0.0000000
vn -1.0000000 0.0000000 0.0000000
vn -1.0000000 0.0000000 0.0000000
vn -1.0000000 0.0000000 0.0000000
vn -1.0000000 0.0000000 0.0000000
vn -1.0000000 0.0000000 0.0000000
vn -1.0000000 0.0000000 0.0000000
vn -1.0000000 0.0000000 0.0000000
vn -1.0000000 0.0000000 0.0000000
vn 0.0000000 -1.0000000 0.0000000
vn 0.0000000 0.0000000 1.0000000
vn 0.0000000 0.0000000 -1.0000000
vn 1.0000000 0.0000000 0.0000000
vn -1.0000000 0.0000000 0.0000000
vn -0.0000000 1.0000000 0.0000000
vn 0.0000000 -1.0000000 0.0000000
vn 0.0000000 0.0000000 1.0000000
vn 0.0000000 0.0000000 -1.0000000
vn 1.0000000 0.0000000 0.0000000
vn -1.0000000 0.0000000 0.0000000
vn -0.0000000 1.0000000 0.0000000
vn 0.0000000 -1.0000000 0.0000000
vn 0.0000000 0.0000000 1.0000000
vn 0.0000000 0.0000000 -1.0000000
vn 1.0000000 0.0000000 0.0000000
vn -1.0000000 0.0000000 0.0000000
vn -0.0000000 1.0000000 0.0000000
vn 0.0000000 -1.0000000 0.0000000
vn 0.0000000 0.0000000 1.0000000
vn 0.0000000 0.0000000 -1.0000000
vn 1.0000000 0.0000000 0.0000000
vn -1.0000000 0.0000000 0.0000000
vn -0.0000000 1.0000000 0.0000000
vn 0.0000000 -1.0000000 0.0000000
vn 0.0000000 0.0000000 1.0000000
vn 0.0000000 0.0000000 -1.0000000
vn 1.0000000 0.0000000 0.0000000
vn -1.0000000 0.0000000 0.0000000
vn -0.0000000 1.0000000 0.0000000
vn 0.0000000 -1.0000000 0.0000000
usemtl Building
f 1//1 2//1 3//1 4//1
f 5//2 6//2 7//2 8//2
f 9//3 10//3 11//3 12//3
f 13//4 14//4 15//4 16//4
usemtl Glass
f 17//5 18//5 19//5 20//5
usemtl Building
f 21//6 22//6 23//6 24//6
f 25//7 26//7 27//7 28//7
f 29//8 30//8 31//8 32//8
f 33//9 34//9 35//9 36//9
usemtl Glass
f 37//10 38//10 39//10 40//10
usemtl Building
f 41//11 42//11 43//11 44//11
f 45//12 46//12 47//12 48//12
f 49//13 50//13 51//13 52//13
f 53//14 54//14 55//14 56//14
usemtl Glass
f 57//15 58//15 59//15 60//15
usemtl Building
f 61//16 62//16 63//16 64//16
f 65//17 66//17 67//17 68//17
f 69//18 70//18 71//18 72//18
f 73//19 74//19 75//19 76//19
usemtl Glass
f 77//20 78//20 79//20 80//20
usemtl Building
f 81//21 82//21 83//21 84//21
f 85//22 86//22 87//22 88//22
f 89//23 90//23 91//23 92//23
f 93//24 94//24 95//24 96//24
usemtl Glass
f 97//25 98//25 99//25 100//25
usemtl Building
f 101//26 102//26 103//26 104//26
f 105//27 106//27 107//27 108//27
f 109//28 110//28 111//28 112//28
f 113//29 114//29 115//29 116//29
usemtl Glass
f 117//30 118//30 119//30 120//30
usemtl Building
f 121//31 122//31 123//31 124//31
f 125//32 126//32 127//32 128//32
f 129//33 130//33 131//33 132//33
f 133//34 134//34 135//34 136//34
usemtl Glass
f 137//35 138//35 139//35 140//35
usemtl Building
f 141//36 142//36 143//36 144//36
f 145//37 146//37 147//37 148//37
f 149//38 150//38 151//38 152//38
f 153//39 154//39 155//39 156//39
usemtl Glass
f 157//40 158//40 159//40 160//40
usemtl Building
f 161//41 162//41 163//41 164//41
f 165//42 166//42 167//42 168//42
f 169//43 170//43 171//43 172//43
f 173//44 174//44 175//44 176//44
usemtl Glass
f 177//45 178//45 179//45 180//45
usemtl Building
f 181//46 182//46 183//46 184//46
f 185//47 186//47 187//47 188//47
f 189//48 190//48 191//48 192//48
f 193//49 194//49 195//49 196//49
usemtl Glass
f 197//50 198//50 199//50 200//50
usemtl Building
f 201//51 202//51 203//51 204//51
f 205//52 206//52 207//52 208//52
f 209//53 210//53 211//53 212//53
f 213//54 214//54 215//54 216//54
usemtl Glass
f 217//55 218//55 219//55 220//55
usemtl Building
f 221//56 222//56 223//56 224//56
f 225//57 226//57 227//57 228//57
f 229//58 230//58 231//58 232//58
f 233//59 234//59 235//59 236//59
usemtl Glass
f 237//60 238//60 239//60 240//60
usemtl Building
f 241//61 242//61 243//61 244//61
f 245//62 246//62 247//62 248//62
f 249//63 250//63 251//63 252//63
f 253//64 254//64 255//64 256//64
usemtl Glass
f 257//65 258//65 259//65 260//65
usemtl Building
f 261//66 262//66 263//66 264//66
f 265//67 266//67 267//67 268//67
f 269//68 270//68 271//68 272//68
f 273//69 274//69 275//69 276//69
usemtl Glass
f 277//70 278//70 279//70 280//70
usemtl Building
f 281//71 282//71 283//71 284//71
f 285//72 286//72 287//72 288//72
f 289//73 290//73 291//73 292//73
f 293//74 294//74 295//74 296//74
usemtl Glass
f 297//75 298//75 299//75 300//75
usemtl Building
f 301//76 302//76 303//76 304//76
f 305//77 306//77 307//77 308//77
f 309//78 310//78 311//78 312//78
f 313//79 314//79 315//79 316//79
usemtl Glass
f 317//80 318//80 319//80 320//80
usemtl Building
f 321//81 322//81 323//81 324//81
f 325//82 326//82 327//82 328//82
f 329//83 330//83 331//83 332//83
f 333//84 334//84 335//84 336//84
usemtl Glass
f 337//85 338//85 339//85 340//85
usemtl Building
f 341//86 342//86 343//86 344//86
f 345//87 346//87 347//87 348//87
f 349//88 350//88 351//88 352//88
f 353//89 354//89 355//89 356//89
usemtl Glass
f 357//90 358//90 359//90 360//90
usemtl Building
f 361//91 362//91 363//91 364//91
f 365//92 366//92 367//92 368//92
f 369//93 370//93 371//93 372//93
f 373//94 374//94 375//94 376//94
usemtl Glass
f 377//95 378//95 379//95 380//95
usemtl Building
f 381//96 382//96 383//96 384//96
f 385//97 386//97 387//97 388//97
f 389//98 390//98 391//98 392//98
f 393//99 394//99 395//99 396//99
usemtl Glass
f 397//100 398//100 399//100 400//100
usemtl Building
f 401//101 402//101 403//101 404//101
f 405//102 406//102 407//102 408//102
f 409//103 410//103 411//103 412//103
f 413//104 414//104 415//104 416//104
usemtl Glass
f 417//105 418//105 419//105 420//105
usemtl Building
f 421//106 422//106 423//106 424//106
f 425//107 426//107 427//107 428//107
f 429//108 430//108 431//108 432//108
f 433//109 434//109 435//109 436//109
usemtl Glass
f 437//110 438//110 439//110 440//110
usemtl Building
f 441//111 442//111 443//111 444//111
f 445//112 446//112 447//112 448//112
f 449//113 450//113 451//113 452//113
f 453//114 454//114 455//114 456//114
usemtl Glass
f 457//115 458//115 459//115 460//115
usemtl Building
f 461//116 462//116 463//116 464//116
f 465//117 466//117 467//117 468//117
f 469//118 470//118 471//118 472//118
f 473//119 474//119 475//119 476//119
usemtl Glass
f 477//120 478//120 479//120 480//120
usemtl Building
f 481//121 482//121 483//121 484//121
f 485//122 486//122 487//122 488//122
f 489//123 490//123 491//123 492//123
f 493//124 494//124 495//124 496//124
usemtl Glass
f 497//125 498//125 499//125 500//125
usemtl Building
f 501//126 502//126 503//126 504//126
f 505//127 506//127 507//127 508//127
f 509//128 510//128 511//128 512//128
f 513//129 514//129 515//129 516//129
usemtl Glass
f 517//130 518//130 519//130 520//130
usemtl Building
f 521//131 522//131 523//131 524//131
f 525//132 526//132 527//132 528//132
f 529//133 530//133 531//133 532//133
f 533//134 534//134 535//134 536//134
usemtl Glass
f 537//135 538//135 539//135 540//135
usemtl Building
f 541//136 542//136 543//136 544//136
f 545//137 546//137 547//137 548//137
f 549//138 550//138 551//138 552//138
f 553//139 554//139 555//139 556//139
usemtl Glass
f 557//140 558//140 559//140 560//140
usemtl Building
f 561//141 562//141 563//141 564//141
f 565//142 566//142 567//142 568//142
f 569//143 570//143 571//143 572//143
f 573//144 574//144 575//144 576//144
usemtl Glass
f 577//145 578//145 579//145 580//145
usemtl Building
f 581//146 582//146 583//146 584//146
f 585//147 586//147 587//147 588//147
f 589//148 590//148 591//148 592//148
f 593//149 594//149 595//149 596//149
usemtl Glass
f 597//150 598//150 599//150 600//150
usemtl Building
f 601//151 602//151 603//151 604//151
f 605//152 606//152 607//152 608//152
f 609//153 610//153 611//153 612//153
f 613//154 614//154 615//154 616//154
usemtl Glass
f 617//155 618//155 619//155 620//155
usemtl Building
f 621//156 622//156 623//156 624//156
f 625//157 626//157 627//157 628//157
f 629//158 630//158 631//158 632//158
f 633//159 634//159 635//159 636//159
usemtl Glass
f 637//160 638//160 639//160 640//160
usemtl Building
f 641//161 642//161 643//161 644//161
f 645//162 646//162 647//162 648//162
f 649//163 650//163 651//163 652//163
f 653//164 654//164 655//164 656//164
usemtl Glass
f 657//165 658//165 659//165 660//165
usemtl Building
f 661//166 662//166 663//166 664//166
f 665//167 666//167 667//167 668//167
f 669//168 670//168 671//168 672//168
f 673//169 674//169 675//169 676//169
usemtl Glass
f 677//170 678//170 679//170 680//170
usemtl Building
f 681//171 682//171 683//171 684//171
f 685//172 686//172 687//172 688//172
f 689//173 690//173 691//173 692//173
f 693//174 694//174 695//174 696//174
usemtl Glass
f 697//175 698//175 699//175 700//175
usemtl Building
f 701//176 702//176 703//176 704//176
f 705//177 706//177 707//177 708//177
f 709//178 710//178 711//178 712//178
f 713//179 714//179 715//179 716//179
usemtl Glass
f 717//180 718//180 719//180 720//180
usemtl Building
f 721//181 722//181 723//181 724//181
f 725//182 726//182 727//182 728//182
f 729//183 730//183 731//183 732//183
f 733//184 734//184 735//184 736//184
usemtl Glass
f 737//185 738//185 739//185 740//185
usemtl Building
f 741//186 742//186 743//186 744//186
f 745//187 746//187 747//187 748//187
f 749//188 750//188 751//188 752//188
f 753//189 754//189 755//189 756//189
usemtl Glass
f 757//190 758//190 759//190 760//190
usemtl Building
f 761//191 762//191 763//191 764//191
f 765//192 766//192 767//192 768//192
f 769//193 770//193 771//193 772//193
f 773//194 774//194 775//194 776//194
usemtl Glass
f 777//195 778//195 779//195 780//195
usemtl Building
f 781//196 782//196 783//196 784//196
f 785//197 786//197 787//197 788//197
f 789//198 790//198 791//198 792//198
f 793//199 794//199 795//199 796//199
usemtl Glass
f 797//200 798//200 799//200 800//200
usemtl Building
f 801//201 802//201 803//201 804//201
f 805//202 806//202 807//202 808//202
f 809//203 810//203 811//203 812//203
f 813//204 814//204 815//204 816//204
usemtl Glass
f 817//205 818//205 819//205 820//205
usemtl Building
f 821//206 822//206 823//206 824//206
f 825//207 826//207 827//207 828//207
f 829//208 830//208 831//208 832//208
f 833//209 834//209 835//209 836//209
usemtl Glass
f 837//210 838//210 839//210 840//210
usemtl Building
f 841//211 842//211 843//211 844//211
f 845//212 846//212 847//212 848//212
f 849//213 850//213 851//213 852//213
f 853//214 854//214 855//214 856//214
usemtl Glass
f 857//215 858//215 859//215 860//215
usemtl Building
f 861//216 862//216 863//216 864//216
f 865//217 866//217 867//217 868//217
f 869//218 870//218 871//218 872//218
f 873//219 874//219 875//219 876//219
usemtl Glass
f 877//220 878//220 879//220 880//220
usemtl Building
f 881//221 882//221 883//221 884//221
f 885//222 886//222 887//222 888//222
f 889//223 890//223 891//223 892//223
f 893//224 894//224 895//224 896//224
usemtl Glass
f 897//225 898//225 899//225 900//225
usemtl Building
f 901//226 902//226 903//226 904//226
f 905//227 906//227 907//227 908//227
f 909//228 910//228 911//228 912//228
f 913//229 914//229 915//229 916//229
usemtl Glass
f 917//230 918//230 919//230 920//230
usemtl Building
f 921//231 922//231 923//231 924//231
f 925//232 926//232 927//232 928//232
f 929//233 930//233 931//233 932//233
f 933//234 934//234 935//234 936//234
usemtl Glass
f 937//235 938//235 939//235 940//235
usemtl Building
f 941//236 942//236 943//236 944//236
f 945//237 946//237 947//237 948//237
f 949//238 950//238 951//238 952//238
f 953//239 954//239 955//239 956//239
usemtl Glass
f 957//240 958//240 959//240 960//240
usemtl Building
f 961//241 962//241 963//241 964//241
f 965//242 966//242 967//242 968//242
f 969//243 970//243 971//243 972//243
f 973//244 974//244 975//244 976//244
usemtl Glass
f 977//245 978//245 979//245 980//245
usemtl Building
f 981//246 982//246 983//246 984//246
f 985//247 986//247 987//247 988//247
f 989//248 990//248 991//248 992//248
f 993//249 994//249 995//249 996//249
usemtl Glass
f 997//250 998//250 999//250 1000//250
usemtl Building
f 1001//251 1002//251 1003//251 1004//251
f 1005//252 1006//252 1007//252 1008//252
f 1009//253 1010//253 1011//253 1012//253
f 1013//254 1014//254 1015//254 1016//254
usemtl Glass
f 1017//255 1018//255 1019//255 1020//255
usemtl Building
f 1021//256 1022//256 1023//256 1024//256
f 1025//257 1026//257 1027//257 1028//257
f 1029//258 1030//258 1031//258 1032//258
f 1033//259 1034//259 1035//259 1036//259
usemtl Glass
f 1037//260 1038//260 1039//260 1040//260
usemtl Building
f 1041//261 1042//261 1043//261 1044//261
f 1045//262 1046//262 1047//262 1048//262
f 1049//263 1050//263 1051//263 1052//263
f 1053//264 1054//264 1055//264 1056//264
usemtl Glass
f 1057//265 1058//265 1059//265 1060//265
usemtl Building
f 1061//266 1062//266 1063//266 1064//266
f 1065//267 1066//267 1067//267 1068//267
f 1069//268 1070//268 1071//268 1072//268
f 1073//269 1074//269 1075//269 1076//269
usemtl Glass
f 1077//270 1078//270 1079//270 1080//270
usemtl Building
f 1081//271 1082//271 1083//271 1084//271
f 1085//272 1086//272 1087//272 1088//272
f 1089//273 1090//273 1091//273 1092//273
f 1093//274 1094//274 1095//274 1096//274
usemtl Glass
f 1097//275 1098//275 1099//275 1100//275
usemtl Building
f 1101//276 1102//276 1103//276 1104//276
f 1105//277 1106//277 1107//277 1108//277
f 1109//278 1110//278 1111//278 1112//278
f 1113//279 1114//279 1115//279 1116//279
usemtl Glass
f 1117//280 1118//280 1119//280 1120//280
usemtl Building
f 1121//281 1122//281 1123//281 1124//281
f 1125//282 1126//282 1127//282 1128//282
f 1129//283 1130//283 1131//283 1132//283
f 1133//284 1134//284 1135//284 1136//284
f 1137//285 1138//285 1139//285 1140//285
f 1141//286 1142//286 1143//286 1144//286
f 1145//287 1146//287 1147//287 1148//287
f 1149//288 1150//288 1151//288 1152//288
f 1153//289 1154//289 1155//289 1156//289
f 1157//290 1158//290 1159//290 1160//290
f 1161//291 1162//291 1163//291 1164//291
f 1165//292 1166//292 1167//292 1168//292
f 1169//293 1170//293 1171//293 1172//293
f 1173//294 1174//294 1175//294 1176//294
f 1177//295 1178//295 1179//295 1180//295
f 1181//296 1182//296 1183//296 1184//296
f 1185//297 1186//297 1187//297 1188//297
f 1189//298 1190//298 1191//298 1192//298
f 1193//299 1194//299 1195//299 1196//299
f 1197//300 1198//300 1199//300 1200//300
f 1201//301 1202//301 1203//301 1204//301
f 1205//302 1206//302 1207//302 1208//302
f 1209//303 1210//303 1211//303 1212//303
f 1213//304 1214//304 1215//304 1216//304
f 1217//305 1218//305 1219//305 1220//305
f 1221//306 1222//306 1223//306 1224//306
f 1225//307 1226//307 1227//307 1228//307
f 1229//308 1230//308 1231//308 1232//308
f 1233//309 1234//309 1235//309 1236//309
usemtl Glass
f 1237//310 1238//310 1239//310 1240//310
usemtl Building
f 1241//311 1242//311 1243//311 1244//311
f 1245//312 1246//312 1247//312 1248//312
f 1249//313 1250//313 1251//313 1252//313
f 1253//314 1254//314 1255//314 1256//314
usemtl Glass
f 1257//315 1258//315 1259//315 1260//315
usemtl Building
f 1261//316 1262//316 1263//316 1264//316
f 1265//317 1266//317 1267//317 1268//317
f 1269//318 1270//318 1271//318 1272//318
f 1273//319 1274//319 1275//319 1276//319
usemtl Glass
f 1277//320 1278//320 1279//320 1280//320
usemtl Building
f 1281//321 1282//321 1283//321 1284//321
f 1285//322 1286//322 1287//322 1288//322
f 1289//323 1290//323 1291//323 1292//323
f 1293//324 1294//324 1295//324 1296//324
usemtl Glass
f 1297//325 1298//325 1299//325 1300//325
usemtl Building
f 1301//326 1302//326 1303//326 1304//326
f 1305//327 1306//327 1307//327 1308//327
f 1309//328 1310//328 1311//328 1312//328
f 1313//329 1314//329 1315//329 1316//329
usemtl Glass
f 1317//330 1318//330 1319//330 1320//330
usemtl Building
f 1321//331 1322//331 1323//331 1324//331
f 1325//332 1326//332 1327//332 1328//332
f 1329//333 1330//333 1331//333 1332//333
f 1333//334 1334//334 1335//334 1336//334
usemtl Glass
f 1337//335 1338//335 1339//335 1340//335
usemtl Building
f 1341//336 1342//336 1343//336 1344//336
f 1345//337 1346//337 1347//337 1348//337
f 1349//338 1350//338 1351//338 1352//338
f 1353//339 1354//339 1355//339 1356//339
usemtl Glass
f 1357//340 1358//340 1359//340 1360//340
usemtl Building
f 1361//341 1362//341 1363//341 1364//341
f 1365//342 1366//342 1367//342 1368//342
f 1369//343 1370//343 1371//343 1372//343
f 1373//344 1374//344 1375//344 1376//344
usemtl Glass
f 1377//345 1378//345 1379//345 1380//345
usemtl Building
f 1381//346 1382//346 1383//346 1384//346
f 1385//347 1386//347 1387//347 1388//347
f 1389//348 1390//348 1391//348 1392//348
f 1393//349 1394//349 1395//349 1396//349
usemtl Glass
f 1397//350 1398//350 1399//350 1400//350
usemtl Building
f 1401//351 1402//351 1403//351 1404//351
f 1405//352 1406//352 1407//352 1408//352
f 1409//353 1410//353 1411//353 1412//353
f 1413//354 1414//354 1415//354 1416//354
usemtl Glass
f 1417//355 1418//355 1419//355 1420//355
usemtl Building
f 1421//356 1422//356 1423//356 1424//356
f 1425//357 1426//357 1427//357 1428//357
f 1429//358 1430//358 1431//358 1432//358
f 1433//359 1434//359 1435//359 1436//359
usemtl Glass
f 1437//360 1438//360 1439//360 1440//360
usemtl Building
f 1441//361 1442//361 1443//361 1444//361
f 1445//362 1446//362 1447//362 1448//362
f 1449//363 1450//363 1451//363 1452//363
f 1453//364 1454//364 1455//364 1456//364
usemtl Glass
f 1457//365 1458//365 1459//365 1460//365
usemtl Building
f 1461//366 1462//366 1463//366 1464//366
f 1465//367 1466//367 1467//367 1468//367
f 1469//368 1470//368 1471//368 1472//368
f 1473//369 1474//369 1475//369 1476//369
usemtl Glass
f 1477//370 1478//370 1479//370 1480//370
usemtl Building
f 1481//371 1482//371 1483//371 1484//371
f 1485//372 1486//372 1487//372 1488//372
f 1489//373 1490//373 1491//373 1492//373
f 1493//374 1494//374 1495//374 1496//374
usemtl Glass
f 1497//375 1498//375 1499//375 1500//375
usemtl Building
f 1501//376 1502//376 1503//376 1504//376
f 1505//377 1506//377 1507//377 1508//377
f 1509//378 1510//378 1511//378 1512//378
f 1513//379 1514//379 1515//379 1516//379
usemtl Glass
f 1517//380 1518//380 1519//380 1520//380
usemtl Building
f 1521//381 1522//381 1523//381 1524//381
f 1525//382 1526//382 1527//382 1528//382
f 1529//383 1530//383 1531//383 1532//383
f 1533//384 1534//384 1535//384 1536//384
usemtl Glass
f 1537//385 1538//385 1539//385 1540//385
usemtl Building
f 1541//386 1542//386 1543//386 1544//386
f 1545//387 1546//387 1547//387 1548//387
f 1549//388 1550//388 1551//388 1552//388
f 1553//389 1554//389 1555//389 1556//389
usemtl Glass
f 1557//390 1558//390 1559//390 1560//390
usemtl Building
f 1561//391 1562//391 1563//391 1564//391
f 1565//392 1566//392 1567//392 1568//392
f 1569//393 1570//393 1571//393 1572//393
f 1573//394 1574//394 1575//394 1576//394
usemtl Glass
f 1577//395 1578//395 1579//395 1580//395
usemtl Building
f 1581//396 1582//396 1583//396 1584//396
f 1585//397 1586//397 1587//397 1588//397
f 1589//398 1590//398 1591//398 1592//398
f 1593//399 1594//399 1595//399 1596//399
usemtl Glass
f 1597//400 1598//400 1599//400 1600//400
usemtl Building
f 1601//401 1602//401 1603//401 1604//401
f 1605//402 1606//402 1607//402 1608//402
f 1609//403 1610//403 1611//403 1612//403
f 1613//404 1614//404 1615//404 1616//404
usemtl Glass
f 1617//405 1618//405 1619//405 1620//405
usemtl Building
f 1621//406 1622//406 1623//406 1624//406
f 1625//407 1626//407 1627//407 1628//407
f 1629//408 1630//408 1631//408 1632//408
f 1633//409 1634//409 1635//409 1636//409
usemtl Glass
f 1637//410 1638//410 1639//410 1640//410
usemtl Building
f 1641//411 1642//411 1643//411 1644//411
f 1645//412 1646//412 1647//412 1648//412
f 1649//413 1650//413 1651//413 1652//413
f 1653//414 1654//414 1655//414 1656//414
usemtl Glass
f 1657//415 1658//415 1659//415 1660//415
usemtl Building
f 1661//416 1662//416 1663//416 1664//416
f 1665//417 1666//417 1667//417 1668//417
f 1669//418 1670//418 1671//418 1672//418
f 1673//419 1674//419 1675//419 1676//419
usemtl Glass
f 1677//420 1678//420 1679//420 1680//420
usemtl Building
f 1681//421 1682//421 1683//421 1684//421
f 1685//422 1686//422 1687//422 1688//422
f 1689//423 1690//423 1691//423 1692//423
f 1693//424 1694//424 1695//424 1696//424
usemtl Glass
f 1697//425 1698//425 1699//425 1700//425
usemtl Building
f 1701//426 1702//426 1703//426 1704//426
f 1705//427 1706//427 1707//427 1708//427
f 1709//428 1710//428 1711//428 1712//428
f 1713//429 1714//429 1715//429 1716//429
usemtl Glass
f 1717//430 1718//430 1719//430 1720//430
usemtl Building
f 1721//431 1722//431 1723//431 1724//431
f 1725//432 1726//432 1727//432 1728//432
f 1729//433 1730//433 1731//433 1732//433
f 1733//434 1734//434 1735//434 1736//434
usemtl Glass
f 1737//435 1738//435 1739//435 1740//435
usemtl Building
f 1741//436 1742//436 1743//436 1744//436
f 1745//437 1746//437 1747//437 1748//437
f 1749//438 1750//438 1751//438 1752//438
f 1753//439 1754//439 1755//439 1756//439
usemtl Glass
f 1757//440 1758//440 1759//440 1760//440
usemtl Building
f 1761//441 1762//441 1763//441 1764//441
f 1765//442 1766//442 1767//442 1768//442
f 1769//443 1770//443 1771//443 1772//443
f 1773//444 1774//444 1775//444 1776//444
usemtl Glass
f 1777//445 1778//445 1779//445 1780//445
usemtl Building
f 1781//446 1782//446 1783//446 1784//446
f 1785//447 1786//447 1787//447 1788//447
f 1789//448 1790//448 1791//448 1792//448
f 1793//449 1794//449 1795//449 1796//449
usemtl Glass
f 1797//450 1798//450 1799//450 1800//450
usemtl Building
f 1801//451 1802//451 1803//451 1804//451
f 1805//452 1806//452 1807//452 1808//452
f 1809//453 1810//453 1811//453 1812//453
f 1813//454 1814//454 1815//454 1816//454
usemtl Glass
f 1817//455 1818//455 1819//455 1820//455
usemtl Building
f 1821//456 1822//456 1823//456 1824//456
f 1825//457 1826//457 1827//457 1828//457
f 1829//458 1830//458 1831//458 1832//458
f 1833//459 1834//459 1835//459 1836//459
usemtl Glass
f 1837//460 1838//460 1839//460 1840//460
usemtl Building
f 1841//461 1842//461 1843//461 1844//461
f 1845//462 1846//462 1847//462 1848//462
f 1849//463 1850//463 1851//463 1852//463
f 1853//464 1854//464 1855//464 1856//464
usemtl Glass
f 1857//465 1858//465 1859//465 1860//465
usemtl Building
f 1861//466 1862//466 1863//466 1864//466
f 1865//467 1866//467 1867//467 1868//467
f 1869//468 1870//468 1871//468 1872//468
f 1873//469 1874//469 1875//469 1876//469
usemtl Glass
f 1877//470 1878//470 1879//470 1880//470
usemtl Building
f 1881//471 1882//471 1883//471 1884//471
f 1885//472 1886//472 1887//472 1888//472
f 1889//473 1890//473 1891//473 1892//473
f 1893//474 1894//474 1895//474 1896//474
usemtl Glass
f 1897//475 1898//475 1899//475 1900//475
usemtl Building
f 1901//476 1902//476 1903//476 1904//476
f 1905//477 1906//477 1907//477 1908//477
f 1909//478 1910//478 1911//478 1912//478
f 1913//479 1914//479 1915//479 1916//479
usemtl Glass
f 1917//480 1918//480 1919//480 1920//480
usemtl Building
f 1921//481 1922//481 1923//481 1924//481
f 1925//482 1926//482 1927//482 1928//482
f 1929//483 1930//483 1931//483 1932//483
f 1933//484 1934//484 1935//484 1936//484
usemtl Glass
f 1937//485 1938//485 1939//485 1940//485
usemtl Building
f 1941//486 1942//486 1943//486 1944//486
f 1945//487 1946//487 1947//487 1948//487
f 1949//488 1950//488 1951//488 1952//488
f 1953//489 1954//489 1955//489 1956//489
usemtl Glass
f 1957//490 1958//490 1959//490 1960//490
usemtl Building
f 1961//491 1962//491 1963//491 1964//491
f 1965//492 1966//492 1967//492 1968//492
f 1969//493 1970//493 1971//493 1972//493
f 1973//494 1974//494 1975//494 1976//494
usemtl Glass
f 1977//495 1978//495 1979//495 1980//495
usemtl Building
f 1981//496 1982//496 1983//496 1984//496
f 1985//497 1986//497 1987//497 1988//497
f 1989//498 1990//498 1991//498 1992//498
f 1993//499 1994//499 1995//499 1996//499
usemtl Glass
f 1997//500 1998//500 1999//500 2000//500
usemtl Building
f 2001//501 2002//501 2003//501 2004//501
f 2005//502 2006//502 2007//502 2008//502
f 2009//503 2010//503 2011//503 2012//503
f 2013//504 2014//504 2015//504 2016//504
usemtl Glass
f 2017//505 2018//505 2019//505 2020//505
usemtl Building
f 2021//506 2022//506 2023//506 2024//506
f 2025//507 2026//507 2027//507 2028//507
f 2029//508 2030//508 2031//508 2032//508
f 2033//509 2034//509 2035//509 2036//509
usemtl Glass
f 2037//510 2038//510 2039//510 2040//510
usemtl Building
f 2041//511 2042//511 2043//511 2044//511
f 2045//512 2046//512 2047//512 2048//512
f 2049//513 2050//513 2051//513 2052//513
f 2053//514 2054//514 2055//514 2056//514
usemtl Glass
f 2057//515 2058//515 2059//515 2060//515
usemtl Building
f 2061//516 2062//516 2063//516 2064//516
f 2065//517 2066//517 2067//517 2068//517
f 2069//518 2070//518 2071//518 2072//518
f 2073//519 2074//519 2075//519 2076//519
usemtl Glass
f 2077//520 2078//520 2079//520 2080//520
usemtl Building
f 2081//521 2082//521 2083//521 2084//521
f 2085//522 2086//522 2087//522 2088//522
f 2089//523 2090//523 2091//523 2092//523
f 2093//524 2094//524 2095//524 2096//524
usemtl Glass
f 2097//525 2098//525 2099//525 2100//525
usemtl Building
f 2101//526 2102//526 2103//526 2104//526
f 2105//527 2106//527 2107//527 2108//527
f 2109//528 2110//528 2111//528 2112//528
f 2113//529 2114//529 2115//529 2116//529
usemtl Glass
f 2117//530 2118//530 2119//530 2120//530
usemtl Building
f 2121//531 2122//531 2123//531 2124//531
f 2125//532 2126//532 2127//532 2128//532
f 2129//533 2130//533 2131//533 2132//533
f 2133//534 2134//534 2135//534 2136//534
usemtl Glass
f 2137//535 2138//535 2139//535 2140//535
usemtl Building
f 2141//536 2142//536 2143//536 2144//536
f 2145//537 2146//537 2147//537 2148//537
f 2149//538 2150//538 2151//538 2152//538
f 2153//539 2154//539 2155//539 2156//539
usemtl Glass
f 2157//540 2158//540 2159//540 2160//540
usemtl Building
f 2161//541 2162//541 2163//541 2164//541
f 2165//542 2166//542 2167//542 2168//542
f 2169//543 2170//543 2171//543 2172//543
f 2173//544 2174//544 2175//544 2176//544
usemtl Glass
f 2177//545 2178//545 2179//545 2180//545
usemtl Building
f 2181//546 2182//546 2183//546 2184//546
f 2185//547 2186//547 2187//547 2188//547
f 2189//548 2190//548 2191//548 2192//548
f 2193//549 2194//549 2195//549 2196//549
usemtl Glass
f 2197//550 2198//550 2199//550 2200//550
usemtl Building
f 2201//551 2202//551 2203//551 2204//551
f 2205//552 2206//552 2207//552 2208//552
f 2209//553 2210//553 2211//553 2212//553
f 2213//554 2214//554 2215//554 2216//554
usemtl Glass
f 2217//555 2218//555 2219//555 2220//555
usemtl Building
f 2221//556 2222//556 2223//556 2224//556
f 2225//557 2226//557 2227//557 2228//557
f 2229//558 2230//558 2231//558 2232//558
f 2233//559 2234//559 2235//559 2236//559
usemtl Glass
f 2237//560 2238//560 2239//560 2240//560
usemtl Building
f 2241//561 2242//561 2243//561 2244//561
f 2245//562 2246//562 2247//562 2248//562
f 2249//563 2250//563 2251//563 2252//563
f 2253//564 2254//564 2255//564 2256//564
usemtl Glass
f 2257//565 2258//565 2259//565 2260//565
usemtl Building
f 2261//566 2262//566 2263//566 2264//566
f 2265//567 2266//567 2267//567 2268//567
f 2269//568 2270//568 2271//568 2272//568
f 2273//569 2274//569 2275//569 2276//569
usemtl Glass
f 2277//570 2278//570 2279//570 2280//570
usemtl Building
f 2281//571 2282//571 2283//571 2284//571
f 2285//572 2286//572 2287//572 2288//572
f 2289//573 2290//573 2291//573 2292//573
f 2293//574 2294//574 2295//574 2296//574
usemtl Glass
f 2297//575 2298//575 2299//575 2300//575
usemtl Building
f 2301//576 2302//576 2303//576 2304//576
f 2305//577 2306//577 2307//577 2308//577
f 2309//578 2310//578 2311//578 2312//578
f 2313//579 2314//579 2315//579 2316//579
usemtl Glass
f 2317//580 2318//580 2319//580 2320//580
usemtl Building
f 2321//581 2322//581 2323//581 2324//581
f 2325//582 2326//582 2327//582 2328//582
f 2329//583 2330//583 2331//583 2332//583
f 2333//584 2334//584 2335//584 2336//584
usemtl Glass
f 2337//585 2338//585 2339//585 2340//585
usemtl Building
f 2341//586 2342//586 2343//586 2344//586
f 2345//587 2346//587 2347//587 2348//587
f 2349//588 2350//588 2351//588 2352//588
f 2353//589 2354//589 2355//589 2356//589
usemtl Glass
f 2357//590 2358//590 2359//590 2360//590
usemtl Building
f 2361//591 2362//591 2363//591 2364//591
f 2365//592 2366//592 2367//592 2368//592
f 2369//593 2370//593 2371//593 2372//593
f 2373//594 2374//594 2375//594 2376//594
usemtl Glass
f 2377//595 2378//595 2379//595 2380//595
usemtl Building
f 2381//596 2382//596 2383//596 2384//596
f 2385//597 2386//597 2387//597 2388//597
f 2389//598 2390//598 2391//598 2392//598
f 2393//599 2394//599 2395//599 2396//599
usemtl Glass
f 2397//600 2398//600 2399//600 2400//600
usemtl Building
f 2401//601 2402//601 2403//601 2404//601
f 2405//602 2406//602 2407//602 2408//602
f 2409//603 2410//603 2411//603 2412//603
f 2413//604 2414//604 2415//604 2416//604
usemtl Glass
f 2417//605 2418//605 2419//605 2420//605
usemtl Building
f 2421//606 2422//606 2423//606 2424//606
f 2425//607 2426//607 2427//607 2428//607
f 2429//608 2430//608 2431//608 2432//608
f 2433//609 2434//609 2435//609 2436//609
usemtl Glass
f 2437//610 2438//610 2439//610 2440//610
usemtl Building
f 2441//611 2442//611 2443//611 2444//611
f 2445//612 2446//612 2447//612 2448//612
f 2449//613 2450//613 2451//613 2452//613
f 2453//614 2454//614 2455//614 2456//614
usemtl Glass
f 2457//615 2458//615 2459//615 2460//615
usemtl Building
f 2461//616 2462//616 2463//616 2464//616
f 2465//617 2466//617 2467//617 2468//617
f 2469//618 2470//618 2471//618 2472//618
f 2473//619 2474//619 2475//619 2476//619
usemtl Glass
f 2477//620 2478//620 2479//620 2480//620
usemtl Building
f 2481//621 2482//621 2483//621 2484//621
f 2485//622 2486//622 2487//622 2488//622
f 2489//623 2490//623 2491//623 2492//623
f 2493//624 2494//624 2495//624 2496//624
usemtl Glass
f 2497//625 2498//625 2499//625 2500//625
usemtl Building
f 2501//626 2502//626 2503//626 2504//626
f 2505//627 2506//627 2507//627 2508//627
f 2509//628 2510//628 2511//628 2512//628
f 2513//629 2514//629 2515//629 2516//629
usemtl Glass
f 2517//630 2518//630 2519//630 2520//630
usemtl Building
f 2521//631 2522//631 2523//631 2524//631
f 2525//632 2526//632 2527//632 2528//632
f 2529//633 2530//633 2531//633 2532//633
f 2533//634 2534//634 2535//634 2536//634
usemtl Glass
f 2537//635 2538//635 2539//635 2540//635
usemtl Building
f 2541//636 2542//636 2543//636 2544//636
f 2545//637 2546//637 2547//637 2548//637
f 2549//638 2550//638 2551//638 2552//638
f 2553//639 2554//639 2555//639 2556//639
usemtl Glass
f 2557//640 2558//640 2559//640 2560//640
usemtl Building
f 2561//641 2562//641 2563//641 2564//641
f 2565//642 2566//642 2567//642 2568//642
f 2569//643 2570//643 2571//643 2572//643
f 2573//644 2574//644 2575//644 2576//644
usemtl Glass
f 2577//645 2578//645 2579//645 2580//645
usemtl Building
f 2581//646 2582//646 2583//646 2584//646
f 2585//647 2586//647 2587//647 2588//647
f 2589//648 2590//648 2591//648 2592//648
f 2593//649 2594//649 2595//649 2596//649
usemtl Glass
f 2597//650 2598//650 2599//650 2600//650
usemtl Building
f 2601//651 2602//651 2603//651 2604//651
f 2605//652 2606//652 2607//652 2608//652
f 2609//653 2610//653 2611//653 2612//653
f 2613//654 2614//654 2615//654 2616//654
usemtl Glass
f 2617//655 2618//655 2619//655 2620//655
usemtl Building
f 2621//656 2622//656 2623//656 2624//656
f 2625//657 2626//657 2627//657 2628//657
f 2629//658 2630//658 2631//658 2632//658
f 2633//659 2634//659 2635//659 2636//659
usemtl Glass
f 2637//660 2638//660 2639//660 2640//660
usemtl Building
f 2641//661 2642//661 2643//661 2644//661
f 2645//662 2646//662 2647//662 2648//662
f 2649//663 2650//663 2651//663 2652//663
f 2653//664 2654//664 2655//664 2656//664
usemtl Glass
f 2657//665 2658//665 2659//665 2660//665
usemtl Building
f 2661//666 2662//666 2663//666 2664//666
f 2665//667 2666//667 2667//667 2668//667
f 2669//668 2670//668 2671//668 2672//668
f 2673//669 2674//669 2675//669 2676//669
usemtl Glass
f 2677//670 2678//670 2679//670 2680//670
usemtl Building
f 2681//671 2682//671 2683//671 2684//671
f 2685//672 2686//672 2687//672 2688//672
f 2689//673 2690//673 2691//673 2692//673
f 2693//674 2694//674 2695//674 2696//674
usemtl Glass
f 2697//675 2698//675 2699//675 2700//675
usemtl Building
f 2701//676 2702//676 2703//676 2704//676
f 2705//677 2706//677 2707//677 2708//677
f 2709//678 2710//678 2711//678 2712//678
f 2713//679 2714//679 2715//679 2716//679
usemtl Glass
f 2717//680 2718//680 2719//680 2720//680
usemtl Building
f 2721//681 2722//681 2723//681 2724//681
f 2725//682 2726//682 2727//682 2728//682
f 2729//683 2730//683 2731//683 2732//683
f 2733//684 2734//684 2735//684 2736//684
usemtl Glass
f 2737//685 2738//685 2739//685 2740//685
usemtl Building
f 2741//686 2742//686 2743//686 2744//686
f 2745//687 2746//687 2747//687 2748//687
f 2749//688 2750//688 2751//688 2752//688
f 2753//689 2754//689 2755//689 2756//689
usemtl Glass
f 2757//690 2758//690 2759//690 2760//690
usemtl Building
f 2761//691 2762//691 2763//691 2764//691
f 2765//692 2766//692 2767//692 2768//692
f 2769//693 2770//693 2771//693 2772//693
f 2773//694 2774//694 2775//694 2776//694
usemtl Glass
f 2777//695 2778//695 2779//695 2780//695
usemtl Building
f 2781//696 2782//696 2783//696 2784//696
f 2785//697 2786//697 2787//697 2788//697
f 2789//698 2790//698 2791//698 2792//698
f 2793//699 2794//699 2795//699 2796//699
usemtl Glass
f 2797//700 2798//700 2799//700 2800//700
usemtl Building
f 2801//701 2802//701 2803//701 2804//701
f 2805//702 2806//702 2807//702 2808//702
f 2809//703 2810//703 2811//703 2812//703
f 2813//704 2814//704 2815//704 2816//704
usemtl Glass
f 2817//705 2818//705 2819//705 2820//705
usemtl Building
f 2821//706 2822//706 2823//706 2824//706
f 2825//707 2826//707 2827//707 2828//707
f 2829//708 2830//708 2831//708 2832//708
f 2833//709 2834//709 2835//709 2836//709
usemtl Glass
f 2837//710 2838//710 2839//710 2840//710
usemtl Building
f 2841//711 2842//711 2843//711 2844//711
f 2845//712 2846//712 2847//712 2848//712
f 2849//713 2850//713 2851//713 2852//713
f 2853//714 2854//714 2855//714 2856//714
usemtl Glass
f 2857//715 2858//715 2859//715 2860//715
usemtl Building
f 2861//716 2862//716 2863//716 2864//716
f 2865//717 2866//717 2867//717 2868//717
f 2869//718 2870//718 2871//718 2872//718
f 2873//719 2874//719 2875//719 2876//719
usemtl Glass
f 2877//720 2878//720 2879//720 2880//720
usemtl Building
f 2881//721 2882//721 2883//721 2884//721
f 2885//722 2886//722 2887//722 2888//722
f 2889//723 2890//723 2891//723 2892//723
f 2893//724 2894//724 2895//724 2896//724
usemtl Glass
f 2897//725 2898//725 2899//725 2900//725
usemtl Building
f 2901//726 2902//726 2903//726 2904//726
f 2905//727 2906//727 2907//727 2908//727
f 2909//728 2910//728 2911//728 2912//728
f 2913//729 2914//729 2915//729 2916//729
usemtl Glass
f 2917//730 2918//730 2919//730 2920//730
usemtl Building
f 2921//731 2922//731 2923//731 2924//731
f 2925//732 2926//732 2927//732 2928//732
f 2929//733 2930//733 2931//733 2932//733
f 2933//734 2934//734 2935//734 2936//734
usemtl Glass
f 2937//735 2938//735 2939//735 2940//735
usemtl Building
f 2941//736 2942//736 2943//736 2944//736
f 2945//737 2946//737 2947//737 2948//737
f 2949//738 2950//738 2951//738 2952//738
f 2953//739 2954//739 2955//739 2956//739
usemtl Glass
f 2957//740 2958//740 2959//740 2960//740
usemtl Building
f 2961//741 2962//741 2963//741 2964//741
f 2965//742 2966//742 2967//742 2968//742
f 2969//743 2970//743 2971//743 2972//743
f 2973//744 2974//744 2975//744 2976//744
usemtl Glass
f 2977//745 2978//745 2979//745 2980//745
usemtl Building
f 2981//746 2982//746 2983//746 2984//746
f 2985//747 2986//747 2987//747 2988//747
f 2989//748 2990//748 2991//748 2992//748
f 2993//749 2994//749 2995//749 2996//749
usemtl Glass
f 2997//750 2998//750 2999//750 3000//750
usemtl Building
f 3001//751 3002//751 3003//751 3004//751
f 3005//752 3006//752 3007//752 3008//752
f 3009//753 3010//753 3011//753 3012//753
f 3013//754 3014//754 3015//754 3016//754
usemtl Glass
f 3017//755 3018//755 3019//755 3020//755
usemtl Building
f 3021//756 3022//756 3023//756 3024//756
f 3025//757 3026//757 3027//757 3028//757
f 3029//758 3030//758 3031//758 3032//758
f 3033//759 3034//759 3035//759 3036//759
usemtl Glass
f 3037//760 3038//760 3039//760 3040//760
usemtl Building
f 3041//761 3042//761 3043//761 3044//761
f 3045//762 3046//762 3047//762 3048//762
f 3049//763 3050//763 3051//763 3052//763
f 3053//764 3054//764 3055//764 3056//764
usemtl Glass
f 3057//765 3058//765 3059//765 3060//765
usemtl Building
f 3061//766 3062//766 3063//766 3064//766
f 3065//767 3066//767 3067//767 3068//767
f 3069//768 3070//768 3071//768 3072//768
f 3073//769 3074//769 3075//769 3076//769
usemtl Glass
f 3077//770 3078//770 3079//770 3080//770
usemtl Building
f 3081//771 3082//771 3083//771 3084//771
f 3085//772 3086//772 3087//772 3088//772
f 3089//773 3090//773 3091//773 3092//773
f 3093//774 3094//774 3095//774 3096//774
usemtl Glass
f 3097//775 3098//775 3099//775 3100//775
usemtl Building
f 3101//776 3102//776 3103//776 3104//776
f 3105//777 3106//777 3107//777 3108//777
f 3109//778 3110//778 3111//778 3112//778
f 3113//779 3114//779 3115//779 3116//779
usemtl Glass
f 3117//780 3118//780 3119//780 3120//780
usemtl Building
f 3121//781 3122//781 3123//781 3124//781
f 3125//782 3126//782 3127//782 3128//782
f 3129//783 3130//783 3131//783 3132//783
f 3133//784 3134//784 3135//784 3136//784
usemtl Glass
f 3137//785 3138//785 3139//785 3140//785
usemtl Building
f 3141//786 3142//786 3143//786 3144//786
f 3145//787 3146//787 3147//787 3148//787
f 3149//788 3150//788 3151//788 3152//788
f 3153//789 3154//789 3155//789 3156//789
usemtl Glass
f 3157//790 3158//790 3159//790 3160//790
usemtl Building
f 3161//791 3162//791 3163//791 3164//791
f 3165//792 3166//792 3167//792 3168//792
f 3169//793 3170//793 3171//793 3172//793
f 3173//794 3174//794 3175//794 3176//794
usemtl Glass
f 3177//795 3178//795 3179//795 3180//795
usemtl Building
f 3181//796 3182//796 3183//796 3184//796
f 3185//797 3186//797 3187//797 3188//797
f 3189//798 3190//798 3191//798 3192//798
f 3193//799 3194//799 3195//799 3196//799
usemtl Glass
f 3197//800 3198//800 3199//800 3200//800
usemtl Building
f 3201//801 3202//801 3203//801 3204//801
f 3205//802 3206//802 3207//802 3208//802
f 3209//803 3210//803 3211//803 3212//803
f 3213//804 3214//804 3215//804 3216//804
usemtl Glass
f 3217//805 3218//805 3219//805 3220//805
usemtl Building
f 3221//806 3222//806 3223//806 3224//806
f 3225//807 3226//807 3227//807 3228//807
f 3229//808 3230//808 3231//808 3232//808
f 3233//809 3234//809 3235//809 3236//809
usemtl Glass
f 3237//810 3238//810 3239//810 3240//810
usemtl Building
f 3241//811 3242//811 3243//811 3244//811
f 3245//812 3246//812 3247//812 3248//812
f 3249//813 3250//813 3251//813 3252//813
f 3253//814 3254//814 3255//814 3256//814
usemtl Glass
f 3257//815 3258//815 3259//815 3260//815
usemtl Building
f 3261//816 3262//816 3263//816 3264//816
f 3265//817 3266//817 3267//817 3268//817
f 3269//818 3270//818 3271//818 3272//818
f 3273//819 3274//819 3275//819 3276//819
usemtl Glass
f 3277//820 3278//820 3279//820 3280//820
usemtl Building
f 3281//821 3282//821 3283//821 3284//821
f 3285//822 3286//822 3287//822 3288//822
f 3289//823 3290//823 3291//823 3292//823
f 3293//824 3294//824 3295//824 3296//824
usemtl Glass
f 3297//825 3298//825 3299//825 3300//825
usemtl Building
f 3301//826 3302//826 3303//826 3304//826
f 3305//827 3306//827 3307//827 3308//827
f 3309//828 3310//828 3311//828 3312//828
f 3313//829 3314//829 3315//829 3316//829
usemtl Glass
f 3317//830 3318//830 3319//830 3320//830
usemtl Building
f 3321//831 3322//831 3323//831 3324//831
f 3325//832 3326//832 3327//832 3328//832
f 3329//833 3330//833 3331//833 3332//833
f 3333//834 3334//834 3335//834 3336//834
usemtl Glass
f 3337//835 3338//835 3339//835 3340//835
usemtl Building
f 3341//836 3342//836 3343//836 3344//836
f 3345//837 3346//837 3347//837 3348//837
f 3349//838 3350//838 3351//838 3352//838
f 3353//839 3354//839 3355//839 3356//839
usemtl Glass
f 3357//840 3358//840 3359//840 3360//840
usemtl Building
f 3361//841 3362//841 3363//841 3364//841
f 3365//842 3366//842 3367//842 3368//842
f 3369//843 3370//843 3371//843 3372//843
f 3373//844 3374//844 3375//844 3376//844
usemtl Glass
f 3377//845 3378//845 3379//845 3380//845
usemtl Building
f 3381//846 3382//846 3383//846 3384//846
f 3385//847 3386//847 3387//847 3388//847
f 3389//848 3390//848 3391//848 3392//848
f 3393//849 3394//849 3395//849 3396//849
usemtl Glass
f 3397//850 3398//850 3399//850 3400//850
usemtl Building
f 3401//851 3402//851 3403//851 3404//851
f 3405//852 3406//852 3407//852 3408//852
f 3409//853 3410//853 3411//853 3412//853
f 3413//854 3414//854 3415//854 3416//854
usemtl Glass
f 3417//855 3418//855 3419//855 3420//855
usemtl Building
f 3421//856 3422//856 3423//856 3424//856
f 3425//857 3426//857 3427//857 3428//857
f 3429//858 3430//858 3431//858 3432//858
f 3433//859 3434//859 3435//859 3436//859
usemtl Glass
f 3437//860 3438//860 3439//860 3440//860
usemtl Building
f 3441//861 3442//861 3443//861 3444//861
f 3445//862 3446//862 3447//862 3448//862
f 3449//863 3450//863 3451//863 3452//863
f 3453//864 3454//864 3455//864 3456//864
usemtl Glass
f 3457//865 3458//865 3459//865 3460//865
usemtl Building
f 3461//866 3462//866 3463//866 3464//866
f 3465//867 3466//867 3467//867 3468//867
f 3469//868 3470//868 3471//868 3472//868
f 3473//869 3474//869 3475//869 3476//869
usemtl Glass
f 3477//870 3478//870 3479//870 3480//870
usemtl Building
f 3481//871 3482//871 3483//871 3484//871
f 3485//872 3486//872 3487//872 3488//872
f 3489//873 3490//873 3491//873 3492//873
f 3493//874 3494//874 3495//874 3496//874
usemtl Glass
f 3497//875 3498//875 3499//875 3500//875
usemtl Building
f 3501//876 3502//876 3503//876 3504//876
f 3505//877 3506//877 3507//877 3508//877
f 3509//878 3510//878 3511//878 3512//878
f 3513//879 3514//879 3515//879 3516//879
usemtl Glass
f 3517//880 3518//880 3519//880 3520//880
usemtl Building
f 3521//881 3522//881 3523//881 3524//881
f 3525//882 3526//882 3527//882 3528//882
f 3529//883 3530//883 3531//883 3532//883
f 3533//884 3534//884 3535//884 3536//884
usemtl Glass
f 3537//885 3538//885 3539//885 3540//885
usemtl Building
f 3541//886 3542//886 3543//886 3544//886
f 3545//887 3546//887 3547//887 3548//887
f 3549//888 3550//888 3551//888 3552//888
f 3553//889 3554//889 3555//889 3556//889
usemtl Glass
f 3557//890 3558//890 3559//890 3560//890
usemtl Building
f 3561//891 3562//891 3563//891 3564//891
f 3565//892 3566//892 3567//892 3568//892
f 3569//893 3570//893 3571//893 3572//893
f 3573//894 3574//894 3575//894 3576//894
usemtl Glass
f 3577//895 3578//895 3579//895 3580//895
usemtl Building
f 3581//896 3582//896 3583//896 3584//896
f 3585//897 3586//897 3587//897 3588//897
f 3589//898 3590//898 3591//898 3592//898
f 3593//899 3594//899 3595//899 3596//899
usemtl Glass
f 3597//900 3598//900 3599//900 3600//900
usemtl Building
f 3601//901 3602//901 3603//901 3604//901
f 3605//902 3606//902 3607//902 3608//902
f 3609//903 3610//903 3611//903 3612//903
f 3613//904 3614//904 3615//904 3616//904
usemtl Glass
f 3617//905 3618//905 3619//905 3620//905
usemtl Building
f 3621//906 3622//906 3623//906 3624//906
f 3625//907 3626//907 3627//907 3628//907
f 3629//908 3630//908 3631//908 3632//908
f 3633//909 3634//909 3635//909 3636//909
usemtl Glass
f 3637//910 3638//910 3639//910 3640//910
usemtl Building
f 3641//911 3642//911 3643//911 3644//911
f 3645//912 3646//912 3647//912 3648//912
f 3649//913 3650//913 3651//913 3652//913
f 3653//914 3654//914 3655//914 3656//914
usemtl Glass
f 3657//915 3658//915 3659//915 3660//915
usemtl Building
f 3661//916 3662//916 3663//916 3664//916
f 3665//917 3666//917 3667//917 3668//917
f 3669//918 3670//918 3671//918 3672//918
f 3673//919 3674//919 3675//919 3676//919
usemtl Glass
f 3677//920 3678//920 3679//920 3680//920
usemtl Building
f 3681//921 3682//921 3683//921 3684//921
f 3685//922 3686//922 3687//922 3688//922
f 3689//923 3690//923 3691//923 3692//923
f 3693//924 3694//924 3695//924 3696//924
usemtl Glass
f 3697//925 3698//925 3699//925 3700//925
usemtl Building
f 3701//926 3702//926 3703//926 3704//926
f 3705//927 3706//927 3707//927 3708//927
f 3709//928 3710//928 3711//928 3712//928
f 3713//929 3714//929 3715//929 3716//929
usemtl Glass
f 3717//930 3718//930 3719//930 3720//930
usemtl Building
f 3721//931 3722//931 3723//931 3724//931
f 3725//932 3726//932 3727//932 3728//932
f 3729//933 3730//933 3731//933 3732//933
f 3733//934 3734//934 3735//934 3736//934
usemtl Glass
f 3737//935 3738//935 3739//935 3740//935
usemtl Building
f 3741//936 3742//936 3743//936 3744//936
f 3745//937 3746//937 3747//937 3748//937
f 3749//938 3750//938 3751//938 3752//938
f 3753//939 3754//939 3755//939 3756//939
usemtl Glass
f 3757//940 3758//940 3759//940 3760//940
usemtl Building
f 3761//941 3762//941 3763//941 3764//941
f 3765//942 3766//942 3767//942 3768//942
f 3769//943 3770//943 3771//943 3772//943
f 3773//944 3774//944 3775//944 3776//944
usemtl Glass
f 3777//945 3778//945 3779//945 3780//945
usemtl Building
f 3781//946 3782//946 3783//946 3784//946
f 3785//947 3786//947 3787//947 3788//947
f 3789//948 3790//948 3791//948 3792//948
f 3793//949 3794//949 3795//949 3796//949
usemtl Glass
f 3797//950 3798//950 3799//950 3800//950
usemtl Building
f 3801//951 3802//951 3803//951 3804//951
f 3805//952 3806//952 3807//952 3808//952
f 3809//953 3810//953 3811//953 3812//953
f 3813//954 3814//954 3815//954 3816//954
usemtl Glass
f 3817//955 3818//955 3819//955 3820//955
usemtl Building
f 3821//956 3822//956 3823//956 3824//956
f 3825//957 3826//957 3827//957 3828//957
f 3829//958 3830//958 3831//958 3832//958
f 3833//959 3834//959 3835//959 3836//959
usemtl Glass
f 3837//960 3838//960 3839//960 3840//960
usemtl Building
f 3841//961 3842//961 3843//961 3844//961
f 3845//962 3846//962 3847//962 3848//962
f 3849//963 3850//963 3851//963 3852//963
f 3853//964 3854//964 3855//964 3856//964
usemtl Glass
f 3857//965 3858//965 3859//965 3860//965
usemtl Building
f 3861//966 3862//966 3863//966 3864//966
f 3865//967 3866//967 3867//967 3868//967
f 3869//968 3870//968 3871//968 3872//968
f 3873//969 3874//969 3875//969 3876//969
usemtl Glass
f 3877//970 3878//970 3879//970 3880//970
usemtl Building
f 3881//971 3882//971 3883//971 3884//971
f 3885//972 3886//972 3887//972 3888//972
f 3889//973 3890//973 3891//973 3892//973
f 3893//974 3894//974 3895//974 3896//974
usemtl Glass
f 3897//975 3898//975 3899//975 3900//975
usemtl Building
f 3901//976 3902//976 3903//976 3904//976
f 3905//977 3906//977 3907//977 3908//977
f 3909//978 3910//978 3911//978 3912//978
f 3913//979 3914//979 3915//979 3916//979
usemtl Glass
f 3917//980 3918//980 3919//980 3920//980
usemtl Building
f 3921//981 3922//981 3923//981 3924//981
f 3925//982 3926//982 3927//982 3928//982
f 3929//983 3930//983 3931//983 3932//983
f 3933//984 3934//984 3935//984 3936//984
usemtl Glass
f 3937//985 3938//985 3939//985 3940//985
usemtl Building
f 3941//986 3942//986 3943//986 3944//986
f 3945//987 3946//987 3947//987 3948//987
f 3949//988 3950//988 3951//988 3952//988
f 3953//989 3954//989 3955//989 3956//989
usemtl Glass
f 3957//990 3958//990 3959//990 3960//990
usemtl Building
f 3961//991 3962//991 3963//991 3964//991
f 3965//992 3966//992 3967//992 3968//992
f 3969//993 3970//993 3971//993 3972//993
f 3973//994 3974//994 3975//994 3976//994
usemtl Glass
f 3977//995 3978//995 3979//995 3980//995
usemtl Building
f 3981//996 3982//996 3983//996 3984//996
f 3985//997 3986//997 3987//997 3988//997
f 3989//998 3990//998 3991//998 3992//998
f 3993//999 3994//999 3995//999 3996//999
usemtl Glass
f 3997//1000 3998//1000 3999//1000 4000//1000
usemtl Building
f 4001//1001 4002//1001 4003//1001 4004//1001
f 4005//1002 4006//1002 4007//1002 4008//1002
f 4009//1003 4010//1003 4011//1003 4012//1003
f 4013//1004 4014//1004 4015//1004 4016//1004
usemtl Glass
f 4017//1005 4018//1005 4019//1005 4020//1005
usemtl Building
f 4021//1006 4022//1006 4023//1006 4024//1006
f 4025//1007 4026//1007 4027//1007 4028//1007
f 4029//1008 4030//1008 4031//1008 4032//1008
f 4033//1009 4034//1009 4035//1009 4036//1009
usemtl Glass
f 4037//1010 4038//1010 4039//1010 4040//1010
usemtl Building
f 4041//1011 4042//1011 4043//1011 4044//1011
f 4045//1012 4046//1012 4047//1012 4048//1012
f 4049//1013 4050//1013 4051//1013 4052//1013
f 4053//1014 4054//1014 4055//1014 4056//1014
usemtl Glass
f 4057//1015 4058//1015 4059//1015 4060//1015
usemtl Building
f 4061//1016 4062//1016 4063//1016 4064//1016
f 4065//1017 4066//1017 4067//1017 4068//1017
f 4069//1018 4070//1018 4071//1018 4072//1018
f 4073//1019 4074//1019 4075//1019 4076//1019
usemtl Glass
f 4077//1020 4078//1020 4079//1020 4080//1020
usemtl Building
f 4081//1021 4082//1021 4083//1021 4084//1021
f 4085//1022 4086//1022 4087//1022 4088//1022
f 4089//1023 4090//1023 4091//1023 4092//1023
f 4093//1024 4094//1024 4095//1024 4096//1024
usemtl Glass
f 4097//1025 4098//1025 4099//1025 4100//1025
usemtl Building
f 4101//1026 4102//1026 4103//1026 4104//1026
f 4105//1027 4106//1027 4107//1027 4108//1027
f 4109//1028 4110//1028 4111//1028 4112//1028
f 4113//1029 4114//1029 4115//1029 4116//1029
usemtl Glass
f 4117//1030 4118//1030 4119//1030 4120//1030
usemtl Building
f 4121//1031 4122//1031 4123//1031 4124//1031
f 4125//1032 4126//1032 4127//1032 4128//1032
f 4129//1033 4130//1033 4131//1033 4132//1033
f 4133//1034 4134//1034 4135//1034 4136//1034
usemtl Glass
f 4137//1035 4138//1035 4139//1035 4140//1035
usemtl Building
f 4141//1036 4142//1036 4143//1036 4144//1036
f 4145//1037 4146//1037 4147//1037 4148//1037
f 4149//1038 4150//1038 4151//1038 4152//1038
f 4153//1039 4154//1039 4155//1039 4156//1039
usemtl Glass
f 4157//1040 4158//1040 4159//1040 4160//1040
usemtl Building
f 4161//1041 4162//1041 4163//1041 4164//1041
f 4165//1042 4166//1042 4167//1042 4168//1042
f 4169//1043 4170//1043 4171//1043 4172//1043
f 4173//1044 4174//1044 4175//1044 4176//1044
usemtl Glass
f 4177//1045 4178//1045 4179//1045 4180//1045
usemtl Building
f 4181//1046 4182//1046 4183//1046 4184//1046
f 4185//1047 4186//1047 4187//1047 4188//1047
f 4189//1048 4190//1048 4191//1048 4192//1048
f 4193//1049 4194//1049 4195//1049 4196//1049
usemtl Glass
f 4197//1050 4198//1050 4199//1050 4200//1050
usemtl Building
f 4201//1051 4202//1051 4203//1051 4204//1051
f 4205//1052 4206//1052 4207//1052 4208//1052
f 4209//1053 4210//1053 4211//1053 4212//1053
f 4213//1054 4214//1054 4215//1054 4216//1054
usemtl Glass
f 4217//1055 4218//1055 4219//1055 4220//1055
usemtl Building
f 4221//1056 4222//1056 4223//1056 4224//1056
f 4225//1057 4226//1057 4227//1057 4228//1057
f 4229//1058 4230//1058 4231//1058 4232//1058
f 4233//1059 4234//1059 4235//1059 4236//1059
usemtl Glass
f 4237//1060 4238//1060 4239//1060 4240//1060
usemtl Building
f 4241//1061 4242//1061 4243//1061 4244//1061
f 4245//1062 4246//1062 4247//1062 4248//1062
f 4249//1063 4250//1063 4251//1063 4252//1063
f 4253//1064 4254//1064 4255//1064 4256//1064
usemtl Glass
f 4257//1065 4258//1065 4259//1065 4260//1065
usemtl Building
f 4261//1066 4262//1066 4263//1066 4264//1066
f 4265//1067 4266//1067 4267//1067 4268//1067
f 4269//1068 4270//1068 4271//1068 4272//1068
f 4273//1069 4274//1069 4275//1069 4276//1069
usemtl Glass
f 4277//1070 4278//1070 4279//1070 4280//1070
usemtl Building
f 4281//1071 4282//1071 4283//1071 4284//1071
f 4285//1072 4286//1072 4287//1072 4288//1072
f 4289//1073 4290//1073 4291//1073 4292//1073
f 4293//1074 4294//1074 4295//1074 4296//1074
usemtl Glass
f 4297//1075 4298//1075 4299//1075 4300//1075
usemtl Building
f 4301//1076 4302//1076 4303//1076 4304//1076
f 4305//1077 4306//1077 4307//1077 4308//1077
f 4309//1078 4310//1078 4311//1078 4312//1078
f 4313//1079 4314//1079 4315//1079 4316//1079
usemtl Glass
f 4317//1080 4318//1080 4319//1080 4320//1080
usemtl Building
f 4321//1081 4322//1081 4323//1081 4324//1081
f 4325//1082 4326//1082 4327//1082 4328//1082
f 4329//1083 4330//1083 4331//1083 4332//1083
f 4333//1084 4334//1084 4335//1084 4336//1084
usemtl Glass
f 4337//1085 4338//1085 4339//1085 4340//1085
usemtl Building
f 4341//1086 4342//1086 4343//1086 4344//1086
f 4345//1087 4346//1087 4347//1087 4348//1087
f 4349//1088 4350//1088 4351//1088 4352//1088
f 4353//1089 4354//1089 4355//1089 4356//1089
usemtl Glass
f 4357//1090 4358//1090 4359//1090 4360//1090
usemtl Building
f 4361//1091 4362//1091 4363//1091 4364//1091
f 4365//1092 4366//1092 4367//1092 4368//1092
f 4369//1093 4370//1093 4371//1093 4372//1093
f 4373//1094 4374//1094 4375//1094 4376//1094
usemtl Glass
f 4377//1095 4378//1095 4379//1095 4380//1095
usemtl Building
f 4381//1096 4382//1096 4383//1096 4384//1096
f 4385//1097 4386//1097 4387//1097 4388//1097
f 4389//1098 4390//1098 4391//1098 4392//1098
f 4393//1099 4394//1099 4395//1099 4396//1099
usemtl Glass
f 4397//1100 4398//1100 4399//1100 4400//1100
usemtl Building
f 4401//1101 4402//1101 4403//1101 4404//1101
f 4405//1102 4406//1102 4407//1102 4408//1102
f 4409//1103 4410//1103 4411//1103 4412//1103
f 4413//1104 4414//1104 4415//1104 4416//1104
usemtl Glass
f 4417//1105 4418//1105 4419//1105 4420//1105
usemtl Building
f 4421//1106 4422//1106 4423//1106 4424//1106
f 4425//1107 4426//1107 4427//1107 4428//1107
f 4429//1108 4430//1108 4431//1108 4432//1108
f 4433//1109 4434//1109 4435//1109 4436//1109
usemtl Glass
f 4437//1110 4438//1110 4439//1110 4440//1110
usemtl Building
f 4441//1111 4442//1111 4443//1111 4444//1111
f 4445//1112 4446//1112 4447//1112 4448//1112
f 4449//1113 4450//1113 4451//1113 4452//1113
f 4453//1114 4454//1114 4455//1114 4456//1114
usemtl Glass
f 4457//1115 4458//1115 4459//1115 4460//1115
usemtl Building
f 4461//1116 4462//1116 4463//1116 4464//1116
f 4465//1117 4466//1117 4467//1117 4468//1117
f 4469//1118 4470//1118 4471//1118 4472//1118
f 4473//1119 4474//1119 4475//1119 4476//1119
usemtl Glass
f 4477//1120 4478//1120 4479//1120 4480//1120
usemtl Building
f 4481//1121 4482//1121 4483//1121 4484//1121
f 4485//1122 4486//1122 4487//1122 4488//1122
f 4489//1123 4490//1123 4491//1123 4492//1123
f 4493//1124 4494//1124 4495//1124 4496//1124
usemtl Glass
f 4497//1125 4498//1125 4499//1125 4500//1125
usemtl Building
f 4501//1126 4502//1126 4503//1126 4504//1126
f 4505//1127 4506//1127 4507//1127 4508//1127
f 4509//1128 4510//1128 4511//1128 4512//1128
f 4513//1129 4514//1129 4515//1129 4516//1129
usemtl Glass
f 4517//1130 4518//1130 4519//1130 4520//1130
usemtl Building
f 4521//1131 4522//1131 4523//1131 4524//1131
f 4525//1132 4526//1132 4527//1132 4528//1132
f 4529//1133 4530//1133 4531//1133 4532//1133
f 4533//1134 4534//1134 4535//1134 4536//1134
usemtl Glass
f 4537//1135 4538//1135 4539//1135 4540//1135
usemtl Building
f 4541//1136 4542//1136 4543//1136 4544//1136
f 4545//1137 4546//1137 4547//1137 4548//1137
f 4549//1138 4550//1138 4551//1138 4552//1138
f 4553//1139 4554//1139 4555//1139 4556//1139
usemtl Glass
f 4557//1140 4558//1140 4559//1140 4560//1140
usemtl Building
f 4561//1141 4562//1141 4563//1141 4564//1141
f 4565//1142 4566//1142 4567//1142 4568//1142
f 4569//1143 4570//1143 4571//1143 4572//1143
f 4573//1144 4574//1144 4575//1144 4576//1144
usemtl Glass
f 4577//1145 4578//1145 4579//1145 4580//1145
usemtl Building
f 4581//1146 4582//1146 4583//1146 4584//1146
f 4585//1147 4586//1147 4587//1147 4588//1147
f 4589//1148 4590//1148 4591//1148 4592//1148
f 4593//1149 4594//1149 4595//1149 4596//1149
usemtl Glass
f 4597//1150 4598//1150 4599//1150 4600//1150
usemtl Building
f 4601//1151 4602//1151 4603//1151 4604//1151
f 4605//1152 4606//1152 4607//1152 4608//1152
f 4609//1153 4610//1153 4611//1153 4612//1153
f 4613//1154 4614//1154 4615//1154 4616//1154
usemtl Glass
f 4617//1155 4618//1155 4619//1155 4620//1155
usemtl Building
f 4621//1156 4622//1156 4623//1156 4624//1156
f 4625//1157 4626//1157 4627//1157 4628//1157
f 4629//1158 4630//1158 4631//1158 4632//1158
f 4633//1159 4634//1159 4635//1159 4636//1159
usemtl Glass
f 4637//1160 4638//1160 4639//1160 4640//1160
usemtl Building
f 4641//1161 4642//1161 4643//1161 4644//1161
f 4645//1162 4646//1162 4647//1162 4648//1162
f 4649//1163 4650//1163 4651//1163 4652//1163
f 4653//1164 4654//1164 4655//1164 4656//1164
usemtl Glass
f 4657//1165 4658//1165 4659//1165 4660//1165
usemtl Building
f 4661//1166 4662//1166 4663//1166 4664//1166
f 4665//1167 4666//1167 4667//1167 4668//1167
f 4669//1168 4670//1168 4671//1168 4672//1168
f 4673//1169 4674//1169 4675//1169 4676//1169
usemtl Glass
f 4677//1170 4678//1170 4679//1170 4680//1170
usemtl Building
f 4681//1171 4682//1171 4683//1171 4684//1171
f 4685//1172 4686//1172 4687//1172 4688//1172
f 4689//1173 4690//1173 4691//1173 4692//1173
f 4693//1174 4694//1174 4695//1174 4696//1174
usemtl Glass
f 4697//1175 4698//1175 4699//1175 4700//1175
usemtl Building
f 4701//1176 4702//1176 4703//1176 4704//1176
f 4705//1177 4706//1177 4707//1177 4708//1177
f 4709//1178 4710//1178 4711//1178 4712//1178
f 4713//1179 4714//1179 4715//1179 4716//1179
usemtl Glass
f 4717//1180 4718//1180 4719//1180 4720//1180
usemtl Building
f 4721//1181 4722//1181 4723//1181 4724//1181
f 4725//1182 4726//1182 4727//1182 4728//1182
f 4729//1183 4730//1183 4731//1183 4732//1183
f 4733//1184 4734//1184 4735//1184 4736//1184
usemtl Glass
f 4737//1185 4738//1185 4739//1185 4740//1185
usemtl Building
f 4741//1186 4742//1186 4743//1186 4744//1186
f 4745//1187 4746//1187 4747//1187 4748//1187
f 4749//1188 4750//1188 4751//1188 4752//1188
f 4753//1189 4754//1189 4755//1189 4756//1189
usemtl Glass
f 4757//1190 4758//1190 4759//1190 4760//1190
usemtl Building
f 4761//1191 4762//1191 4763//1191 4764//1191
f 4765//1192 4766//1192 4767//1192 4768//1192
f 4769//1193 4770//1193 4771//1193 4772//1193
f 4773//1194 4774//1194 4775//1194 4776//1194
usemtl Glass
f 4777//1195 4778//1195 4779//1195 4780//1195
usemtl Building
f 4781//1196 4782//1196 4783//1196 4784//1196
f 4785//1197 4786//1197 4787//1197 4788//1197
f 4789//1198 4790//1198 4791//1198 4792//1198
f 4793//1199 4794//1199 4795//1199 4796//1199
usemtl Glass
f 4797//1200 4798//1200 4799//1200 4800//1200
usemtl Building
f 4801//1201 4802//1201 4803//1201 4804//1201
f 4805//1202 4806//1202 4807//1202 4808//1202
f 4809//1203 4810//1203 4811//1203 4812//1203
f 4813//1204 4814//1204 4815//1204 4816//1204
usemtl Glass
f 4817//1205 4818//1205 4819//1205 4820//1205
usemtl Building
f 4821//1206 4822//1206 4823//1206 4824//1206
f 4825//1207 4826//1207 4827//1207 4828//1207
f 4829//1208 4830//1208 4831//1208 4832//1208
f 4833//1209 4834//1209 4835//1209 4836//1209
usemtl Glass
f 4837//1210 4838//1210 4839//1210 4840//1210
usemtl Building
f 4841//1211 4842//1211 4843//1211 4844//1211
f 4845//1212 4846//1212 4847//1212 4848//1212
f 4849//1213 4850//1213 4851//1213 4852//1213
f 4853//1214 4854//1214 4855//1214 4856//1214
usemtl Glass
f 4857//1215 4858//1215 4859//1215 4860//1215
usemtl Building
f 4861//1216 4862//1216 4863//1216 4864//1216
f 4865//1217 4866//1217 4867//1217 4868//1217
f 4869//1218 4870//1218 4871//1218 4872//1218
f 4873//1219 4874//1219 4875//1219 4876//1219
usemtl Glass
f 4877//1220 4878//1220 4879//1220 4880//1220
usemtl Building
f 4881//1221 4882//1221 4883//1221 4884//1221
f 4885//1222 4886//1222 4887//1222 4888//1222
f 4889//1223 4890//1223 4891//1223 4892//1223
f 4893//1224 4894//1224 4895//1224 4896//1224
usemtl Glass
f 4897//1225 4898//1225 4899//1225 4900//1225
usemtl Building
f 4901//1226 4902//1226 4903//1226 4904//1226
f 4905//1227 4906//1227 4907//1227 4908//1227
f 4909//1228 4910//1228 4911//1228 4912//1228
f 4913//1229 4914//1229 4915//1229 4916//1229
usemtl Glass
f 4917//1230 4918//1230 4919//1230 4920//1230
usemtl Building
f 4921//1231 4922//1231 4923//1231 4924//1231
f 4925//1232 4926//1232 4927//1232 4928//1232
f 4929//1233 4930//1233 4931//1233 4932//1233
f 4933//1234 4934//1234 4935//1234 4936//1234
usemtl Glass
f 4937//1235 4938//1235 4939//1235 4940//1235
usemtl Building
f 4941//1236 4942//1236 4943//1236 4944//1236
f 4945//1237 4946//1237 4947//1237 4948//1237
f 4949//1238 4950//1238 4951//1238 4952//1238
f 4953//1239 4954//1239 4955//1239 4956//1239
usemtl Glass
f 4957//1240 4958//1240 4959//1240 4960//1240
usemtl Building
f 4961//1241 4962//1241 4963//1241 4964//1241
f 4965//1242 4966//1242 4967//1242 4968//1242
f 4969//1243 4970//1243 4971//1243 4972//1243
f 4973//1244 4974//1244 4975//1244 4976//1244
usemtl Glass
f 4977//1245 4978//1245 4979//1245 4980//1245
usemtl Building
f 4981//1246 4982//1246 4983//1246 4984//1246
f 4985//1247 4986//1247 4987//1247 4988//1247
f 4989//1248 4990//1248 4991//1248 4992//1248
f 4993//1249 4994//1249 4995//1249 4996//1249
usemtl Glass
f 4997//1250 4998//1250 4999//1250 5000//1250
usemtl Building
f 5001//1251 5002//1251 5003//1251 5004//1251
f 5005//1252 5006//1252 5007//1252 5008//1252
f 5009//1253 5010//1253 5011//1253 5012//1253
f 5013//1254 5014//1254 5015//1254 5016//1254
usemtl Glass
f 5017//1255 5018//1255 5019//1255 5020//1255
usemtl Building
f 5021//1256 5022//1256 5023//1256 5024//1256
f 5025//1257 5026//1257 5027//1257 5028//1257
f 5029//1258 5030//1258 5031//1258 5032//1258
f 5033//1259 5034//1259 5035//1259 5036//1259
usemtl Glass
f 5037//1260 5038//1260 5039//1260 5040//1260
usemtl Building
f 5041//1261 5042//1261 5043//1261 5044//1261
f 5045//1262 5046//1262 5047//1262 5048//1262
f 5049//1263 5050//1263 5051//1263 5052//1263
f 5053//1264 5054//1264 5055//1264 5056//1264
usemtl Glass
f 5057//1265 5058//1265 5059//1265 5060//1265
usemtl Building
f 5061//1266 5062//1266 5063//1266 5064//1266
f 5065//1267 5066//1267 5067//1267 5068//1267
f 5069//1268 5070//1268 5071//1268 5072//1268
f 5073//1269 5074//1269 5075//1269 5076//1269
usemtl Glass
f 5077//1270 5078//1270 5079//1270 5080//1270
usemtl Building
f 5081//1271 5082//1271 5083//1271 5084//1271
f 5085//1272 5086//1272 5087//1272 5088//1272
f 5089//1273 5090//1273 5091//1273 5092//1273
f 5093//1274 5094//1274 5095//1274 5096//1274
usemtl Glass
f 5097//1275 5098//1275 5099//1275 5100//1275
usemtl Building
f 5101//1276 5102//1276 5103//1276 5104//1276
f 5105//1277 5106//1277 5107//1277 5108//1277
f 5109//1278 5110//1278 5111//1278 5112//1278
f 5113//1279 5114//1279 5115//1279 5116//1279
usemtl Glass
f 5117//1280 5118//1280 5119//1280 5120//1280
usemtl Building
f 5121//1281 5122//1281 5123//1281 5124//1281
f 5125//1282 5126//1282 5127//1282 5128//1282
f 5129//1283 5130//1283 5131//1283 5132//1283
f 5133//1284 5134//1284 5135//1284 5136//1284
usemtl Glass
f 5137//1285 5138//1285 5139//1285 5140//1285
usemtl Building
f 5141//1286 5142//1286 5143//1286 5144//1286
f 5145//1287 5146//1287 5147//1287 5148//1287
f 5149//1288 5150//1288 5151//1288 5152//1288
f 5153//1289 5154//1289 5155//1289 5156//1289
usemtl Glass
f 5157//1290 5158//1290 5159//1290 5160//1290
usemtl Building
f 5161//1291 5162//1291 5163//1291 5164//1291
f 5165//1292 5166//1292 5167//1292 5168//1292
f 5169//1293 5170//1293 5171//1293 5172//1293
f 5173//1294 5174//1294 5175//1294 5176//1294
usemtl Glass
f 5177//1295 5178//1295 5179//1295 5180//1295
usemtl Building
f 5181//1296 5182//1296 5183//1296 5184//1296
f 5185//1297 5186//1297 5187//1297 5188//1297
f 5189//1298 5190//1298 5191//1298 5192//1298
f 5193//1299 5194//1299 5195//1299 5196//1299
f 5197//1300 5198//1300 5199//1300 5200//1300
f 5201//1301 5202//1301 5203//1301 5204//1301
f 5205//1302 5206//1302 5207//1302 5208//1302
f 5209//1303 5210//1303 5211//1303 5212//1303
f 5213//1304 5214//1304 5215//1304 5216//1304
f 5217//1305 5218//1305 5219//1305 5220//1305
f 5221//1306 5222//1306 5223//1306 5224//1306
f 5225//1307 5226//1307 5227//1307 5228//1307
f 5229//1308 5230//1308 5231//1308 5232//1308
f 5233//1309 5234//1309 5235//1309 5236//1309
f 5237//1310 5238//1310 5239//1310 5240//1310
f 5241//1311 5242//1311 5243//1311 5244//1311
f 5245//1312 5246//1312 5247//1312 5248//1312
f 5249//1313 5250//1313 5251//1313 5252//1313
f 5253//1314 5254//1314 5255//1314 5256//1314
f 5257//1315 5258//1315 5259//1315 5260//1315
f 5261//1316 5262//1316 5263//1316 5264//1316
f 5265//1317 5266//1317 5267//1317 5268//1317
f 5269//1318 5270//1318 5271//1318 5272//1318
f 5273//1319 5274//1319 5275//1319 5276//1319
f 5277//1320 5278//1320 5279//1320 5280//1320
f 5281//1321 5282//1321 5283//1321 5284//1321
f 5285//1322 5286//1322 5287//1322 5288//1322
f 5289//1323 5290//1323 5291//1323 5292//1323
f 5293//1324 5294//1324 5295//1324 5296//1324
f 5297//1325 5298//1325 5299//1325 5300//1325
f 5301//1326 5302//1326 5303//1326 5304//1326
f 5305//1327 5306//1327 5307//1327 5308//1327
f 5309//1328 5310//1328 5311//1328 5312//1328
f 5313//1329 5314//1329 5315//1329 5316//1329
f 5317//1330 5318//1330 5319//1330 5320//1330
f 5321//1331 5322//1331 5323//1331 5324//1331
f 5325//1332 5326//1332 5327//1332 5328//1332
f 5329//1333 5330//1333 5331//1333 5332//1333
f 5333//1334 5334//1334 5335//1334 5336//1334
f 5337//1335 5338//1335 5339//1335 5340//1335
f 5341//1336 5342//1336 5343//1336 5344//1336
f 5345//1337 5346//1337 5347//1337 5348//1337
f 5349//1338 5350//1338 5351//1338 5352//1338
f 5353//1339 5354//1339 5355//1339 5356//1339
f 5357//1340 5358//1340 5359//1340 5360//1340
f 5361//1341 5362//1341 5363//1341 5364//1341
f 5365//1342 5366//1342 5367//1342 5368//1342
f 5369//1343 5370//1343 5371//1343 5372//1343
f 5373//1344 5374//1344 5375//1344 5376//1344
f 5377//1345 5378//1345 5379//1345 5380//1345
f 5381//1346 5382//1346 5383//1346 5384//1346
f 5385//1347 5386//1347 5387//1347 5388//1347
f 5389//1348 5390//1348 5391//1348 5392//1348
usemtl Glass
f 5393//1349 5394//1349 5395//1349 5396//1349
usemtl Building
f 5397//1350 5398//1350 5399//1350 5400//1350
f 5401//1351 5402//1351 5403//1351 5404//1351
f 5405//1352 5406//1352 5407//1352 5408//1352
f 5409//1353 5410//1353 5411//1353 5412//1353
usemtl Glass
f 5413//1354 5414//1354 5415//1354 5416//1354
usemtl Building
f 5417//1355 5418//1355 5419//1355 5420//1355
f 5421//1356 5422//1356 5423//1356 5424//1356
f 5425//1357 5426//1357 5427//1357 5428//1357
f 5429//1358 5430//1358 5431//1358 5432//1358
usemtl Glass
f 5433//1359 5434//1359 5435//1359 5436//1359
usemtl Building
f 5437//1360 5438//1360 5439//1360 5440//1360
f 5441//1361 5442//1361 5443//1361 5444//1361
f 5445//1362 5446//1362 5447//1362 5448//1362
f 5449//1363 5450//1363 5451//1363 5452//1363
usemtl Glass
f 5453//1364 5454//1364 5455//1364 5456//1364
usemtl Building
f 5457//1365 5458//1365 5459//1365 5460//1365
f 5461//1366 5462//1366 5463//1366 5464//1366
f 5465//1367 5466//1367 5467//1367 5468//1367
f 5469//1368 5470//1368 5471//1368 5472//1368
usemtl Glass
f 5473//1369 5474//1369 5475//1369 5476//1369
usemtl Building
f 5477//1370 5478//1370 5479//1370 5480//1370
f 5481//1371 5482//1371 5483//1371 5484//1371
f 5485//1372 5486//1372 5487//1372 5488//1372
f 5489//1373 5490//1373 5491//1373 5492//1373
usemtl Glass
f 5493//1374 5494//1374 5495//1374 5496//1374
usemtl Building
f 5497//1375 5498//1375 5499//1375 5500//1375
f 5501//1376 5502//1376 5503//1376 5504//1376
f 5505//1377 5506//1377 5507//1377 5508//1377
f 5509//1378 5510//1378 5511//1378 5512//1378
usemtl Glass
f 5513//1379 5514//1379 5515//1379 5516//1379
usemtl Building
f 5517//1380 5518//1380 5519//1380 5520//1380
f 5521//1381 5522//1381 5523//1381 5524//1381
f 5525//1382 5526//1382 5527//1382 5528//1382
f 5529//1383 5530//1383 5531//1383 5532//1383
usemtl Glass
f 5533//1384 5534//1384 5535//1384 5536//1384
usemtl Building
f 5537//1385 5538//1385 5539//1385 5540//1385
f 5541//1386 5542//1386 5543//1386 5544//1386
f 5545//1387 5546//1387 5547//1387 5548//1387
f 5549//1388 5550//1388 5551//1388 5552//1388
usemtl Glass
f 5553//1389 5554//1389 5555//1389 5556//1389
usemtl Building
f 5557//1390 5558//1390 5559//1390 5560//1390
f 5561//1391 5562//1391 5563//1391 5564//1391
f 5565//1392 5566//1392 5567//1392 5568//1392
f 5569//1393 5570//1393 5571//1393 5572//1393
usemtl Glass
f 5573//1394 5574//1394 5575//1394 5576//1394
usemtl Building
f 5577//1395 5578//1395 5579//1395 5580//1395
f 5581//1396 5582//1396 5583//1396 5584//1396
f 5585//1397 5586//1397 5587//1397 5588//1397
f 5589//1398 5590//1398 5591//1398 5592//1398
usemtl Glass
f 5593//1399 5594//1399 5595//1399 5596//1399
usemtl Building
f 5597//1400 5598//1400 5599//1400 5600//1400
f 5601//1401 5602//1401 5603//1401 5604//1401
f 5605//1402 5606//1402 5607//1402 5608//1402
f 5609//1403 5610//1403 5611//1403 5612//1403
usemtl Glass
f 5613//1404 5614//1404 5615//1404 5616//1404
usemtl Building
f 5617//1405 5618//1405 5619//1405 5620//1405
f 5621//1406 5622//1406 5623//1406 5624//1406
f 5625//1407 5626//1407 5627//1407 5628//1407
f 5629//1408 5630//1408 5631//1408 5632//1408
usemtl Glass
f 5633//1409 5634//1409 5635//1409 5636//1409
usemtl Building
f 5637//1410 5638//1410 5639//1410 5640//1410
f 5641//1411 5642//1411 5643//1411 5644//1411
f 5645//1412 5646//1412 5647//1412 5648//1412
f 5649//1413 5650//1413 5651//1413 5652//1413
usemtl Glass
f 5653//1414 5654//1414 5655//1414 5656//1414
usemtl Building
f 5657//1415 5658//1415 5659//1415 5660//1415
f 5661//1416 5662//1416 5663//1416 5664//1416
f 5665//1417 5666//1417 5667//1417 5668//1417
f 5669//1418 5670//1418 5671//1418 5672//1418
usemtl Glass
f 5673//1419 5674//1419 5675//1419 5676//1419
usemtl Building
f 5677//1420 5678//1420 5679//1420 5680//1420
f 5681//1421 5682//1421 5683//1421 5684//1421
f 5685//1422 5686//1422 5687//1422 5688//1422
f 5689//1423 5690//1423 5691//1423 5692//1423
usemtl Glass
f 5693//1424 5694//1424 5695//1424 5696//1424
usemtl Building
f 5697//1425 5698//1425 5699//1425 5700//1425
f 5701//1426 5702//1426 5703//1426 5704//1426
f 5705//1427 5706//1427 5707//1427 5708//1427
f 5709//1428 5710//1428 5711//1428 5712//1428
usemtl Glass
f 5713//1429 5714//1429 5715//1429 5716//1429
usemtl Building
f 5717//1430 5718//1430 5719//1430 5720//1430
f 5721//1431 5722//1431 5723//1431 5724//1431
f 5725//1432 5726//1432 5727//1432 5728//1432
f 5729//1433 5730//1433 5731//1433 5732//1433
usemtl Glass
f 5733//1434 5734//1434 5735//1434 5736//1434
usemtl Building
f 5737//1435 5738//1435 5739//1435 5740//1435
f 5741//1436 5742//1436 5743//1436 5744//1436
f 5745//1437 5746//1437 5747//1437 5748//1437
f 5749//1438 5750//1438 5751//1438 5752//1438
usemtl Glass
f 5753//1439 5754//1439 5755//1439 5756//1439
usemtl Building
f 5757//1440 5758//1440 5759//1440 5760//1440
f 5761//1441 5762//1441 5763//1441 5764//1441
f 5765//1442 5766//1442 5767//1442 5768//1442
f 5769//1443 5770//1443 5771//1443 5772//1443
usemtl Glass
f 5773//1444 5774//1444 5775//1444 5776//1444
usemtl Building
f 5777//1445 5778//1445 5779//1445 5780//1445
f 5781//1446 5782//1446 5783//1446 5784//1446
f 5785//1447 5786//1447 5787//1447 5788//1447
f 5789//1448 5790//1448 5791//1448 5792//1448
usemtl Glass
f 5793//1449 5794//1449 5795//1449 5796//1449
usemtl Building
f 5797//1450 5798//1450 5799//1450 5800//1450
f 5801//1451 5802//1451 5803//1451 5804//1451
f 5805//1452 5806//1452 5807//1452 5808//1452
f 5809//1453 5810//1453 5811//1453 5812//1453
usemtl Glass
f 5813//1454 5814//1454 5815//1454 5816//1454
usemtl Building
f 5817//1455 5818//1455 5819//1455 5820//1455
f 5821//1456 5822//1456 5823//1456 5824//1456
f 5825//1457 5826//1457 5827//1457 5828//1457
f 5829//1458 5830//1458 5831//1458 5832//1458
usemtl Glass
f 5833//1459 5834//1459 5835//1459 5836//1459
usemtl Building
f 5837//1460 5838//1460 5839//1460 5840//1460
f 5841//1461 5842//1461 5843//1461 5844//1461
f 5845//1462 5846//1462 5847//1462 5848//1462
f 5849//1463 5850//1463 5851//1463 5852//1463
usemtl Glass
f 5853//1464 5854//1464 5855//1464 5856//1464
usemtl Building
f 5857//1465 5858//1465 5859//1465 5860//1465
f 5861//1466 5862//1466 5863//1466 5864//1466
f 5865//1467 5866//1467 5867//1467 5868//1467
f 5869//1468 5870//1468 5871//1468 5872//1468
usemtl Glass
f 5873//1469 5874//1469 5875//1469 5876//1469
usemtl Building
f 5877//1470 5878//1470 5879//1470 5880//1470
f 5881//1471 5882//1471 5883//1471 5884//1471
f 5885//1472 5886//1472 5887//1472 5888//1472
f 5889//1473 5890//1473 5891//1473 5892//1473
usemtl Glass
f 5893//1474 5894//1474 5895//1474 5896//1474
usemtl Building
f 5897//1475 5898//1475 5899//1475 5900//1475
f 5901//1476 5902//1476 5903//1476 5904//1476
f 5905//1477 5906//1477 5907//1477 5908//1477
f 5909//1478 5910//1478 5911//1478 5912//1478
usemtl Glass
f 5913//1479 5914//1479 5915//1479 5916//1479
usemtl Building
f 5917//1480 5918//1480 5919//1480 5920//1480
f 5921//1481 5922//1481 5923//1481 5924//1481
f 5925//1482 5926//1482 5927//1482 5928//1482
f 5929//1483 5930//1483 5931//1483 5932//1483
usemtl Glass
f 5933//1484 5934//1484 5935//1484 5936//1484
usemtl Building
f 5937//1485 5938//1485 5939//1485 5940//1485
f 5941//1486 5942//1486 5943//1486 5944//1486
f 5945//1487 5946//1487 5947//1487 5948//1487
f 5949//1488 5950//1488 5951//1488 5952//1488
usemtl Glass
f 5953//1489 5954//1489 5955//1489 5956//1489
usemtl Building
f 5957//1490 5958//1490 5959//1490 5960//1490
f 5961//1491 5962//1491 5963//1491 5964//1491
f 5965//1492 5966//1492 5967//1492 5968//1492
f 5969//1493 5970//1493 5971//1493 5972//1493
usemtl Glass
f 5973//1494 5974//1494 5975//1494 5976//1494
usemtl Building
f 5977//1495 5978//1495 5979//1495 5980//1495
f 5981//1496 5982//1496 5983//1496 5984//1496
f 5985//1497 5986//1497 5987//1497 5988//1497
f 5989//1498 5990//1498 5991//1498 5992//1498
usemtl Glass
f 5993//1499 5994//1499 5995//1499 5996//1499
usemtl Building
f 5997//1500 5998//1500 5999//1500 6000//1500
f 6001//1501 6002//1501 6003//1501 6004//1501
f 6005//1502 6006//1502 6007//1502 6008//1502
f 6009//1503 6010//1503 6011//1503 6012//1503
usemtl Glass
f 6013//1504 6014//1504 6015//1504 6016//1504
usemtl Building
f 6017//1505 6018//1505 6019//1505 6020//1505
f 6021//1506 6022//1506 6023//1506 6024//1506
f 6025//1507 6026//1507 6027//1507 6028//1507
f 6029//1508 6030//1508 6031//1508 6032//1508
usemtl Glass
f 6033//1509 6034//1509 6035//1509 6036//1509
usemtl Building
f 6037//1510 6038//1510 6039//1510 6040//1510
f 6041//1511 6042//1511 6043//1511 6044//1511
f 6045//1512 6046//1512 6047//1512 6048//1512
f 6049//1513 6050//1513 6051//1513 6052//1513
usemtl Glass
f 6053//1514 6054//1514 6055//1514 6056//1514
usemtl Building
f 6057//1515 6058//1515 6059//1515 6060//1515
f 6061//1516 6062//1516 6063//1516 6064//1516
f 6065//1517 6066//1517 6067//1517 6068//1517
f 6069//1518 6070//1518 6071//1518 6072//1518
usemtl Glass
f 6073//1519 6074//1519 6075//1519 6076//1519
usemtl Building
f 6077//1520 6078//1520 6079//1520 6080//1520
f 6081//1521 6082//1521 6083//1521 6084//1521
f 6085//1522 6086//1522 6087//1522 6088//1522
f 6089//1523 6090//1523 6091//1523 6092//1523
usemtl Glass
f 6093//1524 6094//1524 6095//1524 6096//1524
usemtl Building
f 6097//1525 6098//1525 6099//1525 6100//1525
f 6101//1526 6102//1526 6103//1526 6104//1526
f 6105//1527 6106//1527 6107//1527 6108//1527
f 6109//1528 6110//1528 6111//1528 6112//1528
usemtl Glass
f 6113//1529 6114//1529 6115//1529 6116//1529
usemtl Building
f 6117//1530 6118//1530 6119//1530 6120//1530
f 6121//1531 6122//1531 6123//1531 6124//1531
f 6125//1532 6126//1532 6127//1532 6128//1532
f 6129//1533 6130//1533 6131//1533 6132//1533
usemtl Glass
f 6133//1534 6134//1534 6135//1534 6136//1534
usemtl Building
f 6137//1535 6138//1535 6139//1535 6140//1535
f 6141//1536 6142//1536 6143//1536 6144//1536
f 6145//1537 6146//1537 6147//1537 6148//1537
f 6149//1538 6150//1538 6151//1538 6152//1538
usemtl Glass
f 6153//1539 6154//1539 6155//1539 6156//1539
usemtl Building
f 6157//1540 6158//1540 6159//1540 6160//1540
f 6161//1541 6162//1541 6163//1541 6164//1541
f 6165//1542 6166//1542 6167//1542 6168//1542
f 6169//1543 6170//1543 6171//1543 6172//1543
usemtl Glass
f 6173//1544 6174//1544 6175//1544 6176//1544
usemtl Building
f 6177//1545 6178//1545 6179//1545 6180//1545
f 6181//1546 6182//1546 6183//1546 6184//1546
f 6185//1547 6186//1547 6187//1547 6188//1547
f 6189//1548 6190//1548 6191//1548 6192//1548
f 6193//1549 6194//1549 6195//1549 6196//1549
f 6197//1550 6198//1550 6199//1550 6200//1550
f 6201//1551 6202//1551 6203//1551 6204//1551
f 6205//1552 6206//1552 6207//1552 6208//1552
f 6209//1553 6210//1553 6211//1553 6212//1553
f 6213//1554 6214//1554 6215//1554 6216//1554
f 6217//1555 6218//1555 6219//1555 6220//1555
f 6221//1556 6222//1556 6223//1556 6224//1556
f 6225//1557 6226//1557 6227//1557 6228//1557
f 6229//1558 6230//1558 6231//1558 6232//1558
f 6233//1559 6234//1559 6235//1559 6236//1559
f 6237//1560 6238//1560 6239//1560 6240//1560
f 6241//1561 6242//1561 6243//1561 6244//1561
f 6245//1562 6246//1562 6247//1562 6248//1562
f 6249//1563 6250//1563 6251//1563 6252//1563
f 6253//1564 6254//1564 6255//1564 6256//1564
f 6257//1565 6258//1565 6259//1565 6260//1565
f 6261//1566 6262//1566 6263//1566 6264//1566
f 6265//1567 6266//1567 6267//1567 6268//1567
f 6269//1568 6270//1568 6271//1568 6272//1568
f 6273//1569 6274//1569 6275//1569 6276//1569
f 6277//1570 6278//1570 6279//1570 6280//1570
f 6281//1571 6282//1571 6283//1571 6284//1571
f 6285//1572 6286//1572 6287//1572 6288//1572
f 6289//1573 6290//1573 6291//1573 6292//1573
f 6293//1574 6294//1574 6295//1574 6296//1574
f 6297//1575 6298//1575 6299//1575 6300//1575
